Date,XOI
12/31/2019,"1,270.55"
12/30/2019,"1,259.26"
12/27/2019,"1,263.78"
12/26/2019,"1,270.40"
12/24/2019,"1,268.12"
12/23/2019,"1,265.79"
12/20/2019,"1,255.75"
12/19/2019,"1,247.69"
12/18/2019,"1,247.91"
12/17/2019,"1,245.39"
12/16/2019,"1,243.44"
12/13/2019,"1,222.39"
12/12/2019,"1,232.89"
12/11/2019,"1,208.26"
12/10/2019,"1,212.65"
12/9/2019,"1,210.84"
12/6/2019,"1,218.08"
12/5/2019,"1,193.73"
12/4/2019,"1,201.01"
12/3/2019,"1,182.50"
12/2/2019,"1,200.44"
11/29/2019,"1,201.61"
11/27/2019,"1,214.56"
11/26/2019,"1,212.92"
11/25/2019,"1,226.13"
11/22/2019,"1,222.69"
11/21/2019,"1,230.87"
11/20/2019,"1,215.54"
11/19/2019,"1,207.87"
11/18/2019,"1,227.36"
11/15/2019,"1,241.21"
11/14/2019,"1,236.04"
11/13/2019,"1,239.69"
11/12/2019,"1,246.63"
11/11/2019,"1,254.26"
11/8/2019,"1,259.07"
11/7/2019,"1,261.83"
11/6/2019,"1,243.29"
11/5/2019,"1,278.00"
11/4/2019,"1,274.26"
11/1/2019,"1,246.17"
10/31/2019,"1,217.86"
10/30/2019,"1,225.57"
10/29/2019,"1,252.71"
10/28/2019,"1,246.97"
10/25/2019,"1,248.08"
10/24/2019,"1,233.68"
10/23/2019,"1,231.09"
10/22/2019,"1,221.52"
10/21/2019,"1,204.56"
10/18/2019,"1,185.82"
10/17/2019,"1,193.26"
10/16/2019,"1,188.97"
10/15/2019,"1,201.91"
10/14/2019,"1,197.36"
10/11/2019,"1,199.67"
10/10/2019,"1,183.68"
10/9/2019,"1,165.48"
10/8/2019,"1,151.58"
10/7/2019,"1,167.34"
10/4/2019,"1,174.83"
10/3/2019,"1,169.48"
10/2/2019,"1,155.43"
10/1/2019,"1,186.19"
9/30/2019,"1,208.76"
9/27/2019,"1,214.87"
9/26/2019,"1,215.30"
9/25/2019,"1,229.17"
9/24/2019,"1,227.63"
9/23/2019,"1,247.20"
9/20/2019,"1,244.23"
9/19/2019,"1,242.10"
9/18/2019,"1,245.86"
9/17/2019,"1,252.08"
9/16/2019,"1,274.01"
9/13/2019,"1,227.13"
9/12/2019,"1,221.41"
9/11/2019,"1,229.78"
9/10/2019,"1,227.35"
9/9/2019,"1,209.29"
9/6/2019,"1,191.27"
9/5/2019,"1,188.37"
9/4/2019,"1,176.30"
9/3/2019,"1,160.87"
8/30/2019,"1,165.72"
8/29/2019,"1,163.68"
8/28/2019,"1,144.72"
8/27/2019,"1,125.54"
8/26/2019,"1,134.10"
8/23/2019,"1,129.93"
8/22/2019,"1,169.88"
8/21/2019,"1,179.95"
8/20/2019,"1,168.31"
8/19/2019,"1,180.10"
8/16/2019,"1,155.72"
8/15/2019,"1,144.78"
8/14/2019,"1,147.90"
8/13/2019,"1,189.94"
8/12/2019,"1,173.46"
8/9/2019,"1,189.42"
8/8/2019,"1,198.66"
8/7/2019,"1,167.12"
8/6/2019,"1,175.84"
8/5/2019,"1,177.32"
8/2/2019,"1,218.04"
8/1/2019,"1,234.83"
7/31/2019,"1,258.43"
7/30/2019,"1,266.03"
7/29/2019,"1,251.85"
7/26/2019,"1,254.03"
7/25/2019,"1,255.30"
7/24/2019,"1,272.65"
7/23/2019,"1,270.18"
7/22/2019,"1,269.06"
7/19/2019,"1,266.95"
7/18/2019,"1,258.61"
7/17/2019,"1,255.99"
7/16/2019,"1,268.93"
7/15/2019,"1,279.94"
7/12/2019,"1,290.35"
7/11/2019,"1,284.48"
7/10/2019,"1,278.73"
7/9/2019,"1,262.33"
7/8/2019,"1,260.18"
7/5/2019,"1,261.12"
7/3/2019,"1,259.42"
7/2/2019,"1,256.14"
7/1/2019,"1,277.77"
6/28/2019,"1,274.64"
6/27/2019,"1,265.24"
6/26/2019,"1,278.33"
6/25/2019,"1,251.58"
6/24/2019,"1,257.33"
6/21/2019,"1,264.79"
6/20/2019,"1,259.27"
6/19/2019,"1,229.81"
6/18/2019,"1,227.64"
6/17/2019,"1,209.25"
6/14/2019,"1,204.92"
6/13/2019,"1,211.81"
6/12/2019,"1,197.58"
6/11/2019,"1,214.97"
6/10/2019,"1,211.52"
6/7/2019,"1,206.09"
6/6/2019,"1,200.28"
6/5/2019,"1,180.66"
6/4/2019,"1,196.91"
6/3/2019,"1,182.42"
5/31/2019,"1,170.76"
5/30/2019,"1,191.24"
5/29/2019,"1,207.07"
5/28/2019,"1,211.75"
5/24/2019,"1,223.25"
5/23/2019,"1,216.68"
5/22/2019,"1,259.75"
5/21/2019,"1,279.81"
5/20/2019,"1,267.40"
5/17/2019,"1,266.47"
5/16/2019,"1,282.37"
5/15/2019,"1,273.18"
5/14/2019,"1,269.96"
5/13/2019,"1,255.17"
5/10/2019,"1,274.15"
5/9/2019,"1,270.32"
5/8/2019,"1,278.62"
5/7/2019,"1,279.20"
5/6/2019,"1,291.03"
5/3/2019,"1,295.55"
5/2/2019,"1,283.11"
5/1/2019,"1,303.24"
4/30/2019,"1,327.57"
4/29/2019,"1,325.55"
4/26/2019,"1,327.70"
4/25/2019,"1,342.55"
4/24/2019,"1,341.87"
4/23/2019,"1,365.20"
4/22/2019,"1,369.93"
4/19/2019,"1,191.09"
4/18/2019,"1,341.09"
4/17/2019,"1,343.83"
4/16/2019,"1,342.68"
4/15/2019,"1,338.70"
4/12/2019,"1,351.61"
4/11/2019,"1,336.86"
4/10/2019,"1,340.83"
4/9/2019,"1,328.87"
4/8/2019,"1,345.09"
4/5/2019,"1,338.31"
4/4/2019,"1,310.57"
4/3/2019,"1,301.93"
4/2/2019,"1,309.75"
4/1/2019,"1,320.14"
3/29/2019,"1,301.85"
3/28/2019,"1,305.00"
3/27/2019,"1,306.27"
3/26/2019,"1,319.30"
3/25/2019,"1,297.89"
3/22/2019,"1,298.92"
3/21/2019,"1,336.43"
3/20/2019,"1,332.35"
3/19/2019,"1,320.04"
3/18/2019,"1,322.93"
3/15/2019,"1,302.59"
3/14/2019,"1,299.37"
3/13/2019,"1,297.88"
3/12/2019,"1,279.08"
3/11/2019,"1,272.88"
3/8/2019,"1,251.29"
3/7/2019,"1,279.64"
3/6/2019,"1,290.54"
3/5/2019,"1,305.29"
3/4/2019,"1,309.16"
3/1/2019,"1,306.23"
2/28/2019,"1,289.15"
2/27/2019,"1,304.56"
2/26/2019,"1,301.42"
2/25/2019,"1,301.95"
2/22/2019,"1,304.56"
2/21/2019,"1,300.76"
2/20/2019,"1,318.57"
2/19/2019,"1,311.56"
2/15/2019,"1,305.60"
2/14/2019,"1,285.65"
2/13/2019,"1,282.68"
2/12/2019,"1,269.66"
2/11/2019,"1,256.66"
2/8/2019,"1,256.53"
2/7/2019,"1,260.32"
2/6/2019,"1,291.90"
2/5/2019,"1,303.51"
2/4/2019,"1,300.87"
2/1/2019,"1,294.87"
1/31/2019,"1,284.01"
1/30/2019,"1,268.68"
1/29/2019,"1,251.25"
1/28/2019,"1,244.01"
1/25/2019,"1,258.51"
1/24/2019,"1,239.57"
1/23/2019,"1,236.67"
1/22/2019,"1,247.71"
1/18/2019,"1,279.05"
1/17/2019,"1,258.50"
1/16/2019,"1,246.62"
1/15/2019,"1,249.82"
1/14/2019,"1,246.41"
1/11/2019,"1,248.80"
1/10/2019,"1,259.48"
1/9/2019,"1,254.82"
1/8/2019,"1,232.03"
1/7/2019,"1,225.67"
1/4/2019,"1,214.78"
1/3/2019,"1,170.92"
1/2/2019,"1,181.08"
12/31/2018,"1,159.10"
12/28/2018,"1,151.55"
12/27/2018,"1,161.82"
12/26/2018,"1,154.28"
12/24/2018,"1,084.70"
12/21/2018,"1,132.02"
12/20/2018,"1,144.45"
12/19/2018,"1,173.86"
12/18/2018,"1,186.72"
12/17/2018,"1,214.51"
12/14/2018,"1,236.05"
12/13/2018,"1,264.82"
12/12/2018,"1,260.07"
12/11/2018,"1,250.79"
12/10/2018,"1,250.38"
12/7/2018,"1,271.63"
12/6/2018,"1,281.25"
12/4/2018,"1,302.70"
12/3/2018,"1,335.56"
11/30/2018,"1,303.05"
11/29/2018,"1,307.65"
11/28/2018,"1,300.97"
11/27/2018,"1,278.90"
11/26/2018,"1,284.67"
11/23/2018,"1,262.82"
11/21/2018,"1,311.35"
11/20/2018,"1,282.94"
11/19/2018,"1,327.10"
11/16/2018,"1,340.41"
11/15/2018,"1,327.70"
11/14/2018,"1,306.18"
11/13/2018,"1,302.53"
11/12/2018,"1,337.01"
11/9/2018,"1,365.18"
11/8/2018,"1,367.61"
11/7/2018,"1,407.00"
11/6/2018,"1,381.83"
11/5/2018,"1,376.73"
11/2/2018,"1,349.67"
11/1/2018,"1,367.18"
10/31/2018,"1,359.62"
10/30/2018,"1,355.14"
10/29/2018,"1,323.05"
10/26/2018,"1,349.23"
10/25/2018,"1,356.81"
10/24/2018,"1,335.43"
10/23/2018,"1,392.19"
10/22/2018,"1,433.80"
10/19/2018,"1,442.16"
10/18/2018,"1,466.05"
10/17/2018,"1,479.36"
10/16/2018,"1,495.75"
10/15/2018,"1,479.34"
10/12/2018,"1,494.84"
10/11/2018,"1,483.95"
10/10/2018,"1,528.26"
10/9/2018,"1,588.66"
10/8/2018,"1,573.89"
10/5/2018,"1,581.65"
10/4/2018,"1,584.24"
10/3/2018,"1,600.12"
10/2/2018,"1,579.43"
10/1/2018,"1,583.74"
9/28/2018,"1,555.81"
9/27/2018,"1,560.92"
9/26/2018,"1,557.38"
9/25/2018,"1,565.60"
9/24/2018,"1,551.48"
9/21/2018,"1,522.43"
9/20/2018,"1,510.51"
9/19/2018,"1,509.86"
9/18/2018,"1,517.41"
9/17/2018,"1,500.07"
9/14/2018,"1,497.58"
9/13/2018,"1,489.33"
9/12/2018,"1,483.72"
9/11/2018,"1,474.86"
9/10/2018,"1,463.78"
9/7/2018,"1,465.45"
9/6/2018,"1,472.42"
9/5/2018,"1,496.59"
9/4/2018,"1,502.52"
8/31/2018,"1,506.07"
8/30/2018,"1,518.78"
8/29/2018,"1,527.51"
8/28/2018,"1,514.66"
8/27/2018,"1,523.29"
8/24/2018,"1,506.93"
8/23/2018,"1,489.80"
8/22/2018,"1,492.05"
8/21/2018,"1,470.61"
8/20/2018,"1,465.51"
8/17/2018,"1,453.16"
8/16/2018,"1,450.46"
8/15/2018,"1,441.40"
8/14/2018,"1,502.60"
8/13/2018,"1,495.43"
8/10/2018,"1,510.01"
8/9/2018,"1,512.30"
8/8/2018,"1,526.93"
8/7/2018,"1,536.10"
8/6/2018,"1,528.01"
8/3/2018,"1,523.65"
8/2/2018,"1,532.50"
8/1/2018,"1,541.76"
7/31/2018,"1,563.73"
7/30/2018,"1,562.43"
7/27/2018,"1,546.37"
7/26/2018,"1,543.61"
7/25/2018,"1,527.75"
7/24/2018,"1,510.28"
7/23/2018,"1,489.60"
7/20/2018,"1,492.52"
7/19/2018,"1,490.94"
7/18/2018,"1,492.73"
7/17/2018,"1,491.56"
7/16/2018,"1,497.57"
7/13/2018,"1,520.59"
7/12/2018,"1,512.65"
7/11/2018,"1,504.70"
7/10/2018,"1,546.37"
7/9/2018,"1,536.61"
7/6/2018,"1,510.57"
7/5/2018,"1,500.63"
7/4/2018,"1,292.07"
7/3/2018,"1,505.37"
7/2/2018,"1,494.70"
6/29/2018,"1,516.01"
6/28/2018,"1,502.73"
6/27/2018,"1,505.01"
6/26/2018,"1,488.45"
6/25/2018,"1,467.25"
6/22/2018,"1,504.19"
6/21/2018,"1,466.81"
6/20/2018,"1,498.43"
6/19/2018,"1,493.32"
6/18/2018,"1,500.40"
6/15/2018,"1,482.74"
6/14/2018,"1,515.59"
6/13/2018,"1,520.20"
6/12/2018,"1,525.94"
6/11/2018,"1,546.44"
6/8/2018,"1,540.83"
6/7/2018,"1,547.60"
6/6/2018,"1,527.59"
6/5/2018,"1,526.38"
6/4/2018,"1,535.01"
6/1/2018,"1,542.94"
5/31/2018,"1,528.83"
5/30/2018,"1,540.27"
5/29/2018,"1,495.25"
5/25/2018,"1,497.05"
5/24/2018,"1,536.15"
5/23/2018,"1,554.39"
5/22/2018,"1,564.46"
5/21/2018,"1,585.07"
5/18/2018,"1,571.40"
5/17/2018,"1,577.65"
5/16/2018,"1,549.59"
5/15/2018,"1,550.58"
5/14/2018,"1,550.01"
5/11/2018,"1,535.23"
5/10/2018,"1,535.07"
5/9/2018,"1,523.29"
5/8/2018,"1,487.79"
5/7/2018,"1,478.16"
5/4/2018,"1,479.36"
5/3/2018,"1,475.76"
5/2/2018,"1,469.14"
5/1/2018,"1,464.10"
4/30/2018,"1,472.14"
4/27/2018,"1,475.69"
4/26/2018,"1,491.63"
4/25/2018,"1,470.04"
4/24/2018,"1,465.20"
4/23/2018,"1,474.82"
4/20/2018,"1,467.56"
4/19/2018,"1,470.57"
4/18/2018,"1,461.56"
4/17/2018,"1,437.90"
4/16/2018,"1,428.68"
4/13/2018,"1,416.75"
4/12/2018,"1,405.13"
4/11/2018,"1,404.17"
4/10/2018,"1,383.88"
4/9/2018,"1,345.51"
4/6/2018,"1,333.67"
4/5/2018,"1,353.53"
4/4/2018,"1,328.81"
4/3/2018,"1,327.70"
4/2/2018,"1,300.00"
3/30/2018,"1,077.65"
3/29/2018,"1,326.80"
3/28/2018,"1,300.32"
3/27/2018,"1,323.30"
3/26/2018,"1,339.29"
3/23/2018,"1,307.55"
3/22/2018,"1,310.87"
3/21/2018,"1,334.70"
3/20/2018,"1,298.77"
3/19/2018,"1,279.75"
3/16/2018,"1,300.30"
3/15/2018,"1,287.74"
3/14/2018,"1,291.93"
3/13/2018,"1,296.00"
3/12/2018,"1,301.40"
3/9/2018,"1,307.39"
3/8/2018,"1,286.78"
3/7/2018,"1,286.18"
3/6/2018,"1,295.61"
3/5/2018,"1,292.22"
3/2/2018,"1,279.99"
3/1/2018,"1,275.54"
2/28/2018,"1,275.25"
2/27/2018,"1,305.12"
2/26/2018,"1,326.45"
2/23/2018,"1,319.88"
2/22/2018,"1,294.80"
2/21/2018,"1,279.21"
2/20/2018,"1,295.07"
2/16/2018,"1,299.70"
2/15/2018,"1,303.34"
2/14/2018,"1,307.75"
2/13/2018,"1,278.59"
2/12/2018,"1,281.34"
2/9/2018,"1,260.98"
2/8/2018,"1,260.12"
2/7/2018,"1,299.58"
2/6/2018,"1,324.89"
2/5/2018,"1,308.51"
2/2/2018,"1,363.17"
2/1/2018,"1,413.15"
1/31/2018,"1,406.23"
1/30/2018,"1,398.27"
1/29/2018,"1,430.32"
1/26/2018,"1,452.70"
1/25/2018,"1,440.57"
1/24/2018,"1,448.04"
1/23/2018,"1,442.31"
1/22/2018,"1,441.82"
1/19/2018,"1,415.54"
1/18/2018,"1,418.27"
1/17/2018,"1,425.09"
1/16/2018,"1,411.25"
1/12/2018,"1,430.84"
1/11/2018,"1,414.27"
1/10/2018,"1,388.58"
1/9/2018,"1,386.88"
1/8/2018,"1,391.09"
1/5/2018,"1,386.89"
1/4/2018,"1,384.45"
1/3/2018,"1,373.12"
1/2/2018,"1,356.61"
12/29/2017,"1,335.55"
12/28/2017,"1,340.65"
12/27/2017,"1,338.66"
12/26/2017,"1,342.48"
12/22/2017,"1,327.01"
12/21/2017,"1,323.45"
12/20/2017,"1,300.29"
12/19/2017,"1,282.04"
12/18/2017,"1,281.63"
12/15/2017,"1,272.89"
12/14/2017,"1,275.45"
12/13/2017,"1,278.90"
12/12/2017,"1,277.37"
12/11/2017,"1,276.58"
12/8/2017,"1,271.31"
12/7/2017,"1,259.41"
12/6/2017,"1,256.48"
12/5/2017,"1,273.74"
12/4/2017,"1,272.18"
12/1/2017,"1,275.15"
11/30/2017,"1,270.19"
11/29/2017,"1,253.56"
11/28/2017,"1,249.67"
11/27/2017,"1,239.25"
11/24/2017,"1,251.72"
11/22/2017,"1,247.72"
11/21/2017,"1,240.97"
11/20/2017,"1,235.66"
11/17/2017,"1,241.80"
11/16/2017,"1,236.54"
11/15/2017,"1,240.45"
11/14/2017,"1,253.04"
11/13/2017,"1,268.85"
11/10/2017,"1,276.03"
11/9/2017,"1,281.95"
11/8/2017,"1,281.14"
11/7/2017,"1,287.87"
11/6/2017,"1,289.96"
11/3/2017,"1,263.67"
11/2/2017,"1,261.86"
11/1/2017,"1,250.93"
10/31/2017,"1,235.61"
10/30/2017,"1,229.77"
10/27/2017,"1,221.93"
10/26/2017,"1,212.26"
10/25/2017,"1,212.00"
10/24/2017,"1,220.69"
10/23/2017,"1,216.69"
10/20/2017,"1,220.80"
10/19/2017,"1,215.52"
10/18/2017,"1,217.72"
10/17/2017,"1,221.80"
10/16/2017,"1,221.83"
10/13/2017,"1,219.90"
10/12/2017,"1,217.86"
10/11/2017,"1,221.84"
10/10/2017,"1,218.00"
10/9/2017,"1,212.52"
10/6/2017,"1,210.29"
10/5/2017,"1,221.44"
10/4/2017,"1,218.04"
10/3/2017,"1,218.81"
10/2/2017,"1,216.20"
9/29/2017,"1,216.14"
9/28/2017,"1,214.17"
9/27/2017,"1,213.11"
9/26/2017,"1,209.24"
9/25/2017,"1,209.36"
9/22/2017,"1,193.19"
9/21/2017,"1,186.51"
9/20/2017,"1,181.78"
9/19/2017,"1,172.15"
9/18/2017,"1,165.86"
9/15/2017,"1,161.16"
9/14/2017,"1,154.66"
9/13/2017,"1,153.69"
9/12/2017,"1,140.76"
9/11/2017,"1,136.34"
9/8/2017,"1,126.54"
9/7/2017,"1,136.62"
9/6/2017,"1,130.62"
9/5/2017,"1,114.41"
9/1/2017,"1,115.57"
8/31/2017,"1,104.10"
8/30/2017,"1,098.12"
8/29/2017,"1,096.89"
8/28/2017,"1,099.61"
8/25/2017,"1,103.64"
8/24/2017,"1,099.50"
8/23/2017,"1,095.61"
8/22/2017,"1,088.79"
8/21/2017,"1,080.61"
8/18/2017,"1,085.27"
8/17/2017,"1,077.70"
8/16/2017,"1,095.56"
8/15/2017,"1,110.43"
8/14/2017,"1,113.56"
8/11/2017,"1,117.85"
8/10/2017,"1,122.93"
8/9/2017,"1,136.86"
8/8/2017,"1,141.92"
8/7/2017,"1,142.80"
8/4/2017,"1,150.65"
8/3/2017,"1,142.27"
8/2/2017,"1,155.15"
8/1/2017,"1,153.03"
7/31/2017,"1,152.32"
7/28/2017,"1,147.56"
7/27/2017,"1,147.68"
7/26/2017,"1,136.63"
7/25/2017,"1,136.71"
7/24/2017,"1,119.07"
7/21/2017,"1,119.07"
7/20/2017,"1,127.55"
7/19/2017,"1,133.12"
7/18/2017,"1,116.51"
7/17/2017,"1,117.31"
7/14/2017,"1,119.50"
7/13/2017,"1,112.95"
7/12/2017,"1,109.80"
7/11/2017,"1,105.57"
7/10/2017,"1,100.65"
7/7/2017,"1,098.23"
7/6/2017,"1,098.13"
7/5/2017,"1,109.18"
7/3/2017,"1,130.24"
6/30/2017,"1,111.81"
6/29/2017,"1,109.14"
6/28/2017,"1,108.90"
6/27/2017,"1,100.74"
6/26/2017,"1,099.07"
6/23/2017,"1,102.46"
6/22/2017,"1,095.62"
6/21/2017,"1,095.56"
6/20/2017,"1,110.54"
6/19/2017,"1,129.17"
6/16/2017,"1,131.88"
6/15/2017,"1,112.76"
6/14/2017,"1,123.12"
6/13/2017,"1,146.64"
6/12/2017,"1,137.53"
6/9/2017,"1,132.73"
6/8/2017,"1,107.25"
6/7/2017,"1,111.64"
6/6/2017,"1,131.23"
6/5/2017,"1,120.65"
6/2/2017,"1,120.19"
6/1/2017,"1,129.57"
5/31/2017,"1,121.39"
5/30/2017,"1,129.81"
5/26/2017,"1,141.97"
5/25/2017,"1,141.72"
5/24/2017,"1,160.00"
5/23/2017,"1,162.42"
5/22/2017,"1,161.87"
5/19/2017,"1,162.95"
5/18/2017,"1,147.00"
5/17/2017,"1,151.06"
5/16/2017,"1,164.59"
5/15/2017,"1,169.74"
5/12/2017,"1,162.80"
5/11/2017,"1,160.25"
5/10/2017,"1,162.83"
5/9/2017,"1,147.65"
5/8/2017,"1,154.19"
5/5/2017,"1,147.27"
5/4/2017,"1,125.24"
5/3/2017,"1,144.32"
5/2/2017,"1,147.15"
5/1/2017,"1,152.41"
4/28/2017,"1,157.03"
4/27/2017,"1,156.03"
4/26/2017,"1,164.98"
4/25/2017,"1,171.58"
4/24/2017,"1,162.32"
4/21/2017,"1,149.59"
4/20/2017,"1,148.29"
4/19/2017,"1,143.01"
4/18/2017,"1,161.27"
4/17/2017,"1,176.64"
4/14/2017,"1,102.54"
4/13/2017,"1,170.83"
4/12/2017,"1,191.07"
4/11/2017,"1,195.90"
4/10/2017,"1,195.28"
4/7/2017,"1,185.19"
4/6/2017,"1,185.84"
4/5/2017,"1,179.29"
4/4/2017,"1,186.96"
4/3/2017,"1,177.68"
3/31/2017,"1,182.27"
3/30/2017,"1,185.70"
3/29/2017,"1,183.99"
3/28/2017,"1,168.39"
3/27/2017,"1,153.48"
3/24/2017,"1,157.22"
3/23/2017,"1,164.03"
3/22/2017,"1,168.96"
3/21/2017,"1,168.94"
3/20/2017,"1,180.29"
3/17/2017,"1,182.18"
3/16/2017,"1,181.20"
3/15/2017,"1,186.37"
3/14/2017,"1,160.06"
3/13/2017,"1,174.63"
3/10/2017,"1,171.38"
3/9/2017,"1,169.47"
3/8/2017,"1,164.06"
3/7/2017,"1,193.73"
3/6/2017,"1,205.09"
3/3/2017,"1,200.96"
3/2/2017,"1,202.44"
3/1/2017,"1,216.04"
2/28/2017,"1,197.73"
2/27/2017,"1,203.35"
2/24/2017,"1,195.12"
2/23/2017,"1,208.32"
2/22/2017,"1,200.78"
2/21/2017,"1,218.52"
2/17/2017,"1,204.84"
2/16/2017,"1,211.04"
2/15/2017,"1,224.31"
2/14/2017,"1,229.83"
2/13/2017,"1,229.08"
2/10/2017,"1,233.07"
2/9/2017,"1,221.72"
2/8/2017,"1,210.50"
2/7/2017,"1,207.17"
2/6/2017,"1,226.39"
2/3/2017,"1,238.28"
2/2/2017,"1,228.80"
2/1/2017,"1,224.87"
1/31/2017,"1,232.99"
1/30/2017,"1,233.01"
1/27/2017,"1,250.71"
1/26/2017,"1,265.56"
1/25/2017,"1,268.94"
1/24/2017,"1,264.97"
1/23/2017,"1,251.70"
1/20/2017,"1,261.20"
1/19/2017,"1,257.17"
1/18/2017,"1,266.28"
1/17/2017,"1,272.01"
1/13/2017,"1,267.15"
1/12/2017,"1,268.36"
1/11/2017,"1,274.75"
1/10/2017,"1,258.78"
1/9/2017,"1,261.81"
1/6/2017,"1,279.71"
1/5/2017,"1,285.11"
1/4/2017,"1,281.46"
1/3/2017,"1,285.84"
12/30/2016,"1,267.99"
12/29/2016,"1,272.65"
12/28/2016,"1,275.54"
12/27/2016,"1,285.13"
12/23/2016,"1,280.28"
12/22/2016,"1,281.80"
12/21/2016,"1,276.30"
12/20/2016,"1,277.64"
12/19/2016,"1,278.89"
12/16/2016,"1,284.81"
12/15/2016,"1,275.00"
12/14/2016,"1,270.02"
12/13/2016,"1,297.69"
12/12/2016,"1,271.66"
12/9/2016,"1,265.09"
12/8/2016,"1,260.43"
12/7/2016,"1,253.25"
12/6/2016,"1,239.33"
12/5/2016,"1,239.15"
12/2/2016,"1,229.33"
12/1/2016,"1,228.27"
11/30/2016,"1,219.80"
11/29/2016,"1,156.44"
11/28/2016,"1,172.72"
11/25/2016,"1,191.17"
11/23/2016,"1,196.30"
11/22/2016,"1,193.39"
11/21/2016,"1,190.30"
11/18/2016,"1,159.37"
11/17/2016,"1,156.40"
11/16/2016,"1,163.14"
11/15/2016,"1,170.70"
11/14/2016,"1,142.18"
11/11/2016,"1,140.85"
11/10/2016,"1,160.87"
11/9/2016,"1,163.91"
11/8/2016,"1,148.24"
11/7/2016,"1,150.72"
11/4/2016,"1,125.84"
11/3/2016,"1,134.64"
11/2/2016,"1,130.56"
11/1/2016,"1,143.97"
10/31/2016,"1,144.47"
10/28/2016,"1,154.82"
10/27/2016,"1,158.45"
10/26/2016,"1,158.84"
10/25/2016,"1,158.48"
10/24/2016,"1,165.75"
10/21/2016,"1,164.20"
10/20/2016,"1,163.83"
10/19/2016,"1,162.64"
10/18/2016,"1,150.97"
10/17/2016,"1,144.37"
10/14/2016,"1,150.39"
10/13/2016,"1,152.40"
10/12/2016,"1,159.75"
10/11/2016,"1,164.12"
10/10/2016,"1,181.67"
10/7/2016,"1,163.00"
10/6/2016,"1,170.10"
10/5/2016,"1,166.34"
10/4/2016,"1,146.55"
10/3/2016,"1,152.40"
9/30/2016,"1,152.50"
9/29/2016,"1,138.15"
9/28/2016,"1,137.24"
9/27/2016,"1,093.10"
9/26/2016,"1,097.21"
9/23/2016,"1,103.94"
9/22/2016,"1,121.53"
9/21/2016,"1,117.81"
9/20/2016,"1,094.18"
9/19/2016,"1,102.34"
9/16/2016,"1,102.28"
9/15/2016,"1,109.59"
9/14/2016,"1,094.06"
9/13/2016,"1,110.55"
9/12/2016,"1,143.41"
9/9/2016,"1,134.53"
9/8/2016,"1,169.34"
9/7/2016,"1,151.44"
9/6/2016,"1,150.58"
9/2/2016,"1,135.53"
9/1/2016,"1,119.48"
8/31/2016,"1,125.81"
8/30/2016,"1,145.31"
8/29/2016,"1,147.99"
8/26/2016,"1,141.76"
8/25/2016,"1,144.19"
8/24/2016,"1,143.68"
8/23/2016,"1,146.72"
8/22/2016,"1,138.49"
8/19/2016,"1,151.78"
8/18/2016,"1,161.21"
8/17/2016,"1,148.10"
8/16/2016,"1,146.28"
8/15/2016,"1,141.25"
8/12/2016,"1,137.01"
8/11/2016,"1,132.00"
8/10/2016,"1,112.68"
8/9/2016,"1,123.46"
8/8/2016,"1,128.18"
8/5/2016,"1,118.93"
8/4/2016,"1,104.92"
8/3/2016,"1,107.66"
8/2/2016,"1,087.18"
8/1/2016,"1,080.67"
7/29/2016,"1,116.01"
7/28/2016,"1,104.92"
7/27/2016,"1,107.48"
7/26/2016,"1,119.02"
7/25/2016,"1,106.09"
7/22/2016,"1,128.17"
7/21/2016,"1,129.21"
7/20/2016,"1,138.93"
7/19/2016,"1,139.38"
7/18/2016,"1,149.75"
7/15/2016,"1,150.71"
7/14/2016,"1,156.93"
7/13/2016,"1,150.13"
7/12/2016,"1,162.43"
7/11/2016,"1,134.72"
7/8/2016,"1,130.73"
7/7/2016,"1,116.88"
7/6/2016,"1,130.60"
7/5/2016,"1,130.94"
7/1/2016,"1,155.60"
6/30/2016,"1,145.44"
6/29/2016,"1,136.94"
6/28/2016,"1,108.06"
6/27/2016,"1,075.97"
6/24/2016,"1,109.46"
6/23/2016,"1,162.66"
6/22/2016,"1,136.72"
6/21/2016,"1,143.68"
6/20/2016,"1,131.37"
6/17/2016,"1,114.76"
6/16/2016,"1,103.41"
6/15/2016,"1,105.62"
6/14/2016,"1,108.41"
6/13/2016,"1,112.82"
6/10/2016,"1,125.76"
6/9/2016,"1,151.14"
6/8/2016,"1,161.96"
6/7/2016,"1,159.78"
6/6/2016,"1,129.87"
6/3/2016,"1,112.18"
6/2/2016,"1,117.24"
6/1/2016,"1,117.84"
5/31/2016,"1,115.32"
5/27/2016,"1,123.38"
5/26/2016,"1,124.56"
5/25/2016,"1,131.94"
5/24/2016,"1,113.18"
5/23/2016,"1,102.76"
5/20/2016,"1,108.54"
5/19/2016,"1,103.22"
5/18/2016,"1,109.34"
5/17/2016,"1,119.53"
5/16/2016,"1,121.02"
5/13/2016,"1,101.34"
5/12/2016,"1,115.90"
5/11/2016,"1,116.77"
5/10/2016,"1,114.46"
5/9/2016,"1,089.22"
5/6/2016,"1,106.92"
5/5/2016,"1,109.72"
5/4/2016,"1,105.97"
5/3/2016,"1,127.26"
5/2/2016,"1,157.80"
4/29/2016,"1,160.27"
4/28/2016,"1,170.09"
4/27/2016,"1,189.94"
4/26/2016,"1,173.55"
4/25/2016,"1,153.43"
4/22/2016,"1,165.44"
4/21/2016,"1,145.35"
4/20/2016,"1,147.45"
4/19/2016,"1,142.21"
4/18/2016,"1,120.91"
4/15/2016,"1,102.69"
4/14/2016,"1,122.16"
4/13/2016,"1,117.31"
4/12/2016,"1,109.79"
4/11/2016,"1,075.70"
4/8/2016,"1,079.34"
4/7/2016,"1,051.80"
4/6/2016,"1,059.33"
4/5/2016,"1,038.81"
4/4/2016,"1,048.04"
4/1/2016,"1,058.00"
3/31/2016,"1,072.21"
3/30/2016,"1,073.71"
3/29/2016,"1,068.91"
3/28/2016,"1,067.47"
3/25/2016,961.02
3/24/2016,"1,073.65"
3/23/2016,"1,070.21"
3/22/2016,"1,098.27"
3/21/2016,"1,103.49"
3/18/2016,"1,108.58"
3/17/2016,"1,105.88"
3/16/2016,"1,090.71"
3/15/2016,"1,069.17"
3/14/2016,"1,072.65"
3/11/2016,"1,083.07"
3/10/2016,"1,051.61"
3/9/2016,"1,055.19"
3/8/2016,"1,032.61"
3/7/2016,"1,077.06"
3/4/2016,"1,062.68"
3/3/2016,"1,047.66"
3/2/2016,"1,030.55"
3/1/2016,"1,004.97"
2/29/2016,981.09
2/26/2016,987.37
2/25/2016,984.59
2/24/2016,980.43
2/23/2016,969.46
2/22/2016,"1,008.96"
2/19/2016,979.51
2/18/2016,979.13
2/17/2016,996.45
2/16/2016,962.47
2/12/2016,952.7
2/11/2016,920.43
2/10/2016,927.35
2/9/2016,929.86
2/8/2016,952.71
2/5/2016,956.62
2/4/2016,985.67
2/3/2016,988.02
2/2/2016,959.2
2/1/2016,994.11
1/29/2016,"1,012.09"
1/28/2016,984.51
1/27/2016,957.84
1/26/2016,955.36
1/25/2016,920.84
1/22/2016,967.92
1/21/2016,925.4
1/20/2016,900.52
1/19/2016,925.63
1/15/2016,944.22
1/14/2016,978.54
1/13/2016,937.07
1/12/2016,962.65
1/11/2016,960.11
1/8/2016,980.56
1/7/2016,998.16
1/6/2016,"1,025.36"
1/5/2016,"1,066.59"
1/4/2016,"1,064.31"
12/31/2015,"1,072.71"
12/30/2015,"1,072.51"
12/29/2015,"1,088.57"
12/28/2015,"1,082.12"
12/24/2015,"1,106.58"
12/23/2015,"1,114.87"
12/22/2015,"1,068.15"
12/21/2015,"1,056.04"
12/18/2015,"1,056.50"
12/17/2015,"1,068.41"
12/16/2015,"1,091.37"
12/15/2015,"1,091.61"
12/14/2015,"1,066.39"
12/11/2015,"1,065.32"
12/10/2015,"1,104.99"
12/9/2015,"1,098.57"
12/8/2015,"1,093.65"
12/7/2015,"1,105.26"
12/4/2015,"1,148.53"
12/3/2015,"1,154.26"
12/2/2015,"1,172.44"
12/1/2015,"1,203.49"
11/30/2015,"1,190.99"
11/27/2015,"1,189.61"
11/25/2015,"1,201.66"
11/24/2015,"1,209.49"
11/23/2015,"1,183.56"
11/20/2015,"1,177.87"
11/19/2015,"1,188.59"
11/18/2015,"1,198.59"
11/17/2015,"1,182.02"
11/16/2015,"1,193.08"
11/13/2015,"1,160.70"
11/12/2015,"1,166.60"
11/11/2015,"1,193.14"
11/10/2015,"1,215.77"
11/9/2015,"1,215.44"
11/6/2015,"1,230.74"
11/5/2015,"1,242.15"
11/4/2015,"1,246.99"
11/3/2015,"1,254.98"
11/2/2015,"1,221.92"
10/30/2015,"1,196.10"
10/29/2015,"1,187.40"
10/28/2015,"1,180.27"
10/27/2015,"1,156.95"
10/26/2015,"1,174.04"
10/23/2015,"1,201.93"
10/22/2015,"1,204.34"
10/21/2015,"1,176.37"
10/20/2015,"1,190.81"
10/19/2015,"1,193.15"
10/16/2015,"1,223.16"
10/15/2015,"1,216.93"
10/14/2015,"1,196.72"
10/13/2015,"1,184.95"
10/12/2015,"1,200.01"
10/9/2015,"1,209.94"
10/8/2015,"1,220.59"
10/7/2015,"1,190.08"
10/6/2015,"1,170.21"
10/5/2015,"1,141.95"
10/2/2015,"1,108.67"
10/1/2015,"1,067.60"
9/30/2015,"1,058.36"
9/29/2015,"1,030.85"
9/28/2015,"1,023.50"
9/25/2015,"1,062.69"
9/24/2015,"1,059.48"
9/23/2015,"1,055.19"
9/22/2015,"1,070.69"
9/21/2015,"1,086.05"
9/18/2015,"1,082.75"
9/17/2015,"1,114.19"
9/16/2015,"1,114.29"
9/15/2015,"1,086.22"
9/14/2015,"1,073.47"
9/11/2015,"1,086.35"
9/10/2015,"1,098.29"
9/9/2015,"1,090.87"
9/8/2015,"1,106.92"
9/4/2015,"1,085.81"
9/3/2015,"1,110.22"
9/2/2015,"1,108.85"
9/1/2015,"1,098.85"
8/31/2015,"1,143.61"
8/28/2015,"1,132.22"
8/27/2015,"1,113.78"
8/26/2015,"1,059.89"
8/25/2015,"1,029.64"
8/24/2015,"1,043.92"
8/21/2015,"1,103.18"
8/20/2015,"1,145.81"
8/19/2015,"1,166.94"
8/18/2015,"1,203.26"
8/17/2015,"1,207.06"
8/14/2015,"1,209.04"
8/13/2015,"1,215.97"
8/12/2015,"1,232.20"
8/11/2015,"1,212.59"
8/10/2015,"1,209.90"
8/7/2015,"1,173.40"
8/6/2015,"1,194.89"
8/5/2015,"1,178.89"
8/4/2015,"1,186.49"
8/3/2015,"1,188.42"
7/31/2015,"1,211.56"
7/30/2015,"1,232.57"
7/29/2015,"1,235.12"
7/28/2015,"1,211.80"
7/27/2015,"1,176.18"
7/24/2015,"1,202.68"
7/23/2015,"1,225.68"
7/22/2015,"1,232.82"
7/21/2015,"1,242.13"
7/20/2015,"1,241.84"
7/17/2015,"1,262.58"
7/16/2015,"1,273.77"
7/15/2015,"1,269.55"
7/14/2015,"1,290.46"
7/13/2015,"1,280.94"
7/10/2015,"1,273.88"
7/9/2015,"1,262.02"
7/8/2015,"1,254.01"
7/7/2015,"1,286.25"
7/6/2015,"1,279.04"
7/3/2015,"1,168.40"
7/2/2015,"1,296.64"
7/1/2015,"1,289.54"
6/30/2015,"1,303.71"
6/29/2015,"1,295.87"
6/26/2015,"1,327.06"
6/25/2015,"1,324.61"
6/24/2015,"1,335.21"
6/23/2015,"1,338.17"
6/22/2015,"1,327.44"
6/19/2015,"1,319.51"
6/18/2015,"1,328.33"
6/17/2015,"1,325.36"
6/16/2015,"1,326.45"
6/15/2015,"1,318.38"
6/12/2015,"1,325.41"
6/11/2015,"1,341.20"
6/10/2015,"1,336.51"
6/9/2015,"1,317.48"
6/8/2015,"1,318.67"
6/5/2015,"1,325.73"
6/4/2015,"1,318.14"
6/3/2015,"1,335.22"
6/2/2015,"1,343.74"
6/1/2015,"1,335.04"
5/29/2015,"1,340.01"
5/28/2015,"1,342.98"
5/27/2015,"1,344.50"
5/26/2015,"1,344.72"
5/22/2015,"1,370.55"
5/21/2015,"1,375.18"
5/20/2015,"1,366.06"
5/19/2015,"1,361.70"
5/18/2015,"1,377.65"
5/15/2015,"1,382.23"
5/14/2015,"1,379.16"
5/13/2015,"1,375.27"
5/12/2015,"1,380.06"
5/11/2015,"1,379.54"
5/8/2015,"1,409.92"
5/7/2015,"1,392.19"
5/6/2015,"1,406.31"
5/5/2015,"1,410.75"
5/4/2015,"1,430.36"
5/1/2015,"1,433.41"
4/30/2015,"1,427.15"
4/29/2015,"1,439.35"
4/28/2015,"1,436.37"
4/27/2015,"1,430.13"
4/24/2015,"1,426.18"
4/23/2015,"1,430.85"
4/22/2015,"1,424.41"
4/21/2015,"1,415.27"
4/20/2015,"1,424.81"
4/17/2015,"1,423.00"
4/16/2015,"1,438.09"
4/15/2015,"1,430.28"
4/14/2015,"1,399.30"
4/13/2015,"1,377.42"
4/10/2015,"1,394.47"
4/9/2015,"1,387.43"
4/8/2015,"1,362.06"
4/7/2015,"1,363.08"
4/6/2015,"1,361.26"
4/3/2015,"1,216.77"
4/2/2015,"1,335.90"
4/1/2015,"1,339.38"
3/31/2015,"1,330.63"
3/30/2015,"1,344.76"
3/27/2015,"1,316.77"
3/26/2015,"1,329.42"
3/25/2015,"1,331.38"
3/24/2015,"1,314.63"
3/23/2015,"1,324.93"
3/20/2015,"1,329.17"
3/19/2015,"1,306.87"
3/18/2015,"1,328.36"
3/17/2015,"1,287.12"
3/16/2015,"1,288.52"
3/13/2015,"1,273.58"
3/12/2015,"1,278.34"
3/11/2015,"1,283.97"
3/10/2015,"1,282.04"
3/9/2015,"1,310.04"
3/6/2015,"1,314.36"
3/5/2015,"1,341.34"
3/4/2015,"1,353.35"
3/3/2015,"1,358.42"
3/2/2015,"1,354.15"
2/27/2015,"1,376.31"
2/26/2015,"1,382.09"
2/25/2015,"1,397.13"
2/24/2015,"1,393.89"
2/23/2015,"1,387.82"
2/20/2015,"1,388.96"
2/19/2015,"1,391.41"
2/18/2015,"1,404.62"
2/17/2015,"1,416.12"
2/13/2015,"1,415.14"
2/12/2015,"1,388.51"
2/11/2015,"1,365.20"
2/10/2015,"1,376.63"
2/9/2015,"1,379.88"
2/6/2015,"1,372.32"
2/5/2015,"1,379.50"
2/4/2015,"1,363.60"
2/3/2015,"1,386.60"
2/2/2015,"1,342.98"
1/30/2015,"1,303.99"
1/29/2015,"1,294.93"
1/28/2015,"1,288.04"
1/27/2015,"1,335.51"
1/26/2015,"1,338.09"
1/23/2015,"1,319.03"
1/22/2015,"1,320.06"
1/21/2015,"1,307.34"
1/20/2015,"1,280.60"
1/16/2015,"1,281.48"
1/15/2015,"1,243.39"
1/14/2015,"1,254.44"
1/13/2015,"1,255.47"
1/12/2015,"1,261.99"
1/9/2015,"1,302.37"
1/8/2015,"1,313.55"
1/7/2015,"1,279.85"
1/6/2015,"1,269.40"
1/5/2015,"1,287.66"
1/2/2015,"1,349.84"
12/31/2014,"1,348.13"
12/30/2014,"1,355.85"
12/29/2014,"1,367.22"
12/26/2014,"1,366.47"
12/24/2014,"1,363.83"
12/23/2014,"1,376.51"
12/22/2014,"1,357.91"
12/19/2014,"1,367.51"
12/18/2014,"1,325.28"
12/17/2014,"1,302.92"
12/16/2014,"1,242.95"
12/15/2014,"1,224.06"
12/12/2014,"1,241.74"
12/11/2014,"1,266.05"
12/10/2014,"1,269.70"
12/9/2014,"1,312.98"
12/8/2014,"1,308.02"
12/5/2014,"1,363.92"
12/4/2014,"1,383.92"
12/3/2014,"1,388.49"
12/2/2014,"1,374.15"
12/1/2014,"1,348.55"
11/28/2014,"1,335.90"
11/26/2014,"1,440.78"
11/25/2014,"1,450.54"
11/24/2014,"1,475.09"
11/21/2014,"1,485.83"
11/20/2014,"1,459.63"
11/19/2014,"1,441.07"
11/18/2014,"1,435.16"
11/17/2014,"1,427.10"
11/14/2014,"1,438.32"
11/13/2014,"1,424.08"
11/12/2014,"1,450.28"
11/11/2014,"1,464.01"
11/10/2014,"1,462.18"
11/7/2014,"1,473.69"
11/6/2014,"1,460.69"
11/5/2014,"1,448.99"
11/4/2014,"1,430.35"
11/3/2014,"1,454.66"
10/31/2014,"1,485.08"
10/30/2014,"1,461.96"
10/29/2014,"1,462.52"
10/28/2014,"1,461.89"
10/27/2014,"1,427.28"
10/24/2014,"1,454.70"
10/23/2014,"1,458.02"
10/22/2014,"1,435.92"
10/21/2014,"1,460.71"
10/20/2014,"1,421.56"
10/17/2014,"1,412.34"
10/16/2014,"1,397.67"
10/15/2014,"1,376.50"
10/14/2014,"1,384.71"
10/13/2014,"1,402.93"
10/10/2014,"1,438.03"
10/9/2014,"1,461.57"
10/8/2014,"1,512.56"
10/7/2014,"1,493.34"
10/6/2014,"1,513.89"
10/3/2014,"1,511.74"
10/2/2014,"1,514.05"
10/1/2014,"1,523.37"
9/30/2014,"1,552.04"
9/29/2014,"1,570.46"
9/26/2014,"1,583.15"
9/25/2014,"1,566.33"
9/24/2014,"1,591.62"
9/23/2014,"1,581.83"
9/22/2014,"1,593.11"
9/19/2014,"1,618.19"
9/18/2014,"1,617.20"
9/17/2014,"1,626.73"
9/16/2014,"1,631.89"
9/15/2014,"1,614.60"
9/12/2014,"1,602.09"
9/11/2014,"1,624.98"
9/10/2014,"1,628.81"
9/9/2014,"1,633.16"
9/8/2014,"1,642.54"
9/5/2014,"1,669.72"
9/4/2014,"1,659.61"
9/3/2014,"1,680.15"
9/2/2014,"1,674.27"
8/29/2014,"1,689.23"
8/28/2014,"1,680.31"
8/27/2014,"1,679.06"
8/26/2014,"1,677.25"
8/25/2014,"1,673.66"
8/22/2014,"1,656.38"
8/21/2014,"1,668.03"
8/20/2014,"1,663.77"
8/19/2014,"1,663.17"
8/18/2014,"1,647.78"
8/15/2014,"1,641.94"
8/14/2014,"1,634.05"
8/13/2014,"1,635.89"
8/12/2014,"1,633.73"
8/11/2014,"1,644.61"
8/8/2014,"1,648.55"
8/7/2014,"1,625.10"
8/6/2014,"1,637.76"
8/5/2014,"1,629.35"
8/4/2014,"1,659.23"
8/1/2014,"1,630.64"
7/31/2014,"1,641.89"
7/30/2014,"1,671.53"
7/29/2014,"1,677.23"
7/28/2014,"1,682.59"
7/25/2014,"1,686.25"
7/24/2014,"1,698.17"
7/23/2014,"1,693.76"
7/22/2014,"1,681.55"
7/21/2014,"1,670.06"
7/18/2014,"1,670.52"
7/17/2014,"1,660.83"
7/16/2014,"1,691.06"
7/15/2014,"1,667.34"
7/14/2014,"1,669.57"
7/11/2014,"1,656.93"
7/10/2014,"1,663.16"
7/9/2014,"1,677.33"
7/8/2014,"1,671.74"
7/7/2014,"1,676.95"
7/4/2014,"1,238.19"
7/3/2014,"1,688.70"
7/2/2014,"1,683.99"
7/1/2014,"1,687.12"
6/30/2014,"1,681.83"
6/27/2014,"1,684.27"
6/26/2014,"1,687.96"
6/25/2014,"1,687.68"
6/24/2014,"1,693.42"
6/23/2014,"1,726.22"
6/20/2014,"1,717.76"
6/19/2014,"1,706.03"
6/18/2014,"1,694.57"
6/17/2014,"1,675.88"
6/16/2014,"1,678.42"
6/13/2014,"1,677.13"
6/12/2014,"1,662.08"
6/11/2014,"1,652.66"
6/10/2014,"1,642.93"
6/9/2014,"1,642.32"
6/6/2014,"1,640.79"
6/5/2014,"1,630.29"
6/4/2014,"1,619.18"
6/3/2014,"1,628.01"
6/2/2014,"1,626.22"
5/30/2014,"1,627.21"
5/29/2014,"1,629.02"
5/28/2014,"1,619.69"
5/27/2014,"1,612.77"
5/23/2014,"1,616.25"
5/22/2014,"1,619.69"
5/21/2014,"1,616.64"
5/20/2014,"1,600.97"
5/19/2014,"1,610.00"
5/16/2014,"1,604.56"
5/15/2014,"1,609.97"
5/14/2014,"1,627.64"
5/13/2014,"1,628.53"
5/12/2014,"1,624.50"
5/9/2014,"1,614.61"
5/8/2014,"1,619.36"
5/7/2014,"1,634.48"
5/6/2014,"1,626.60"
5/5/2014,"1,619.26"
5/2/2014,"1,614.15"
5/1/2014,"1,610.33"
4/30/2014,"1,610.69"
4/29/2014,"1,608.53"
4/28/2014,"1,601.38"
4/25/2014,"1,589.97"
4/24/2014,"1,594.44"
4/23/2014,"1,589.39"
4/22/2014,"1,588.65"
4/21/2014,"1,591.32"
4/18/2014,"1,145.40"
4/17/2014,"1,584.63"
4/16/2014,"1,572.55"
4/15/2014,"1,553.82"
4/14/2014,"1,538.61"
4/11/2014,"1,519.41"
4/10/2014,"1,522.38"
4/9/2014,"1,548.91"
4/8/2014,"1,531.62"
4/7/2014,"1,522.33"
4/4/2014,"1,546.21"
4/3/2014,"1,550.84"
4/2/2014,"1,526.63"
4/1/2014,"1,522.79"
3/31/2014,"1,508.94"
3/28/2014,"1,509.52"
3/27/2014,"1,492.18"
3/26/2014,"1,485.21"
3/25/2014,"1,488.92"
3/24/2014,"1,477.25"
3/21/2014,"1,477.48"
3/20/2014,"1,477.56"
3/19/2014,"1,474.87"
3/18/2014,"1,493.05"
3/17/2014,"1,479.32"
3/14/2014,"1,470.50"
3/13/2014,"1,465.11"
3/12/2014,"1,483.61"
3/11/2014,"1,479.49"
3/10/2014,"1,493.05"
3/7/2014,"1,488.11"
3/6/2014,"1,486.08"
3/5/2014,"1,476.21"
3/4/2014,"1,481.45"
3/3/2014,"1,464.65"
2/28/2014,"1,474.77"
2/27/2014,"1,468.28"
2/26/2014,"1,472.43"
2/25/2014,"1,482.92"
2/24/2014,"1,480.23"
2/21/2014,"1,461.50"
2/20/2014,"1,465.94"
2/19/2014,"1,458.26"
2/18/2014,"1,460.60"
2/14/2014,"1,453.58"
2/13/2014,"1,433.02"
2/12/2014,"1,425.39"
2/11/2014,"1,428.37"
2/10/2014,"1,405.41"
2/7/2014,"1,414.74"
2/6/2014,"1,395.33"
2/5/2014,"1,375.46"
2/4/2014,"1,384.50"
2/3/2014,"1,380.67"
1/31/2014,"1,407.37"
1/30/2014,"1,432.20"
1/29/2014,"1,431.69"
1/28/2014,"1,436.76"
1/27/2014,"1,425.98"
1/24/2014,"1,431.39"
1/23/2014,"1,464.19"
1/22/2014,"1,476.36"
1/21/2014,"1,469.14"
1/17/2014,"1,459.95"
1/16/2014,"1,464.67"
1/15/2014,"1,466.71"
1/14/2014,"1,475.14"
1/13/2014,"1,460.30"
1/10/2014,"1,490.70"
1/9/2014,"1,490.43"
1/8/2014,"1,488.64"
1/7/2014,"1,496.71"
1/6/2014,"1,480.44"
1/3/2014,"1,479.29"
1/2/2014,"1,484.20"
12/31/2013,"1,503.14"
12/30/2013,"1,488.47"
12/27/2013,"1,496.30"
12/26/2013,"1,487.40"
12/24/2013,"1,477.03"
12/23/2013,"1,470.06"
12/20/2013,"1,465.41"
12/19/2013,"1,462.02"
12/18/2013,"1,462.33"
12/17/2013,"1,437.19"
12/16/2013,"1,444.48"
12/13/2013,"1,432.38"
12/12/2013,"1,443.65"
12/11/2013,"1,446.24"
12/10/2013,"1,464.90"
12/9/2013,"1,468.38"
12/6/2013,"1,468.34"
12/5/2013,"1,458.75"
12/4/2013,"1,467.31"
12/3/2013,"1,474.67"
12/2/2013,"1,474.56"
11/29/2013,"1,475.17"
11/27/2013,"1,477.51"
11/26/2013,"1,486.82"
11/25/2013,"1,491.45"
11/22/2013,"1,503.80"
11/21/2013,"1,491.65"
11/20/2013,"1,475.60"
11/19/2013,"1,480.11"
11/18/2013,"1,477.69"
11/15/2013,"1,481.25"
11/14/2013,"1,471.79"
11/13/2013,"1,460.86"
11/12/2013,"1,450.86"
11/11/2013,"1,461.45"
11/8/2013,"1,458.06"
11/7/2013,"1,443.08"
11/6/2013,"1,467.95"
11/5/2013,"1,458.14"
11/4/2013,"1,470.50"
11/1/2013,"1,455.22"
10/31/2013,"1,463.81"
10/30/2013,"1,470.60"
10/29/2013,"1,479.45"
10/28/2013,"1,467.64"
10/25/2013,"1,462.08"
10/24/2013,"1,455.41"
10/23/2013,"1,445.10"
10/22/2013,"1,463.05"
10/21/2013,"1,456.44"
10/18/2013,"1,458.55"
10/17/2013,"1,448.60"
10/16/2013,"1,438.64"
10/15/2013,"1,421.34"
10/14/2013,"1,426.23"
10/11/2013,"1,419.47"
10/10/2013,"1,407.21"
10/9/2013,"1,383.16"
10/8/2013,"1,385.80"
10/7/2013,"1,401.65"
10/4/2013,"1,409.20"
10/3/2013,"1,401.69"
10/2/2013,"1,412.04"
10/1/2013,"1,403.52"
9/30/2013,"1,399.22"
9/27/2013,"1,414.05"
9/26/2013,"1,414.63"
9/25/2013,"1,414.53"
9/24/2013,"1,413.89"
9/23/2013,"1,411.00"
9/20/2013,"1,413.65"
9/19/2013,"1,423.08"
9/18/2013,"1,423.28"
9/17/2013,"1,403.09"
9/16/2013,"1,400.47"
9/13/2013,"1,402.20"
9/12/2013,"1,402.07"
9/11/2013,"1,408.91"
9/10/2013,"1,396.23"
9/9/2013,"1,400.25"
9/6/2013,"1,389.21"
9/5/2013,"1,387.89"
9/4/2013,"1,386.05"
9/3/2013,"1,378.03"
8/30/2013,"1,368.33"
8/29/2013,"1,375.03"
8/28/2013,"1,388.02"
8/27/2013,"1,363.45"
8/26/2013,"1,368.29"
8/23/2013,"1,371.67"
8/22/2013,"1,356.06"
8/21/2013,"1,343.06"
8/20/2013,"1,349.98"
8/19/2013,"1,344.57"
8/16/2013,"1,366.83"
8/15/2013,"1,367.21"
8/14/2013,"1,374.18"
8/13/2013,"1,376.63"
8/12/2013,"1,373.07"
8/9/2013,"1,380.64"
8/8/2013,"1,383.69"
8/7/2013,"1,374.08"
8/6/2013,"1,379.83"
8/5/2013,"1,386.70"
8/2/2013,"1,391.04"
8/1/2013,"1,400.01"
7/31/2013,"1,395.51"
7/30/2013,"1,385.96"
7/29/2013,"1,393.13"
7/26/2013,"1,404.13"
7/25/2013,"1,408.43"
7/24/2013,"1,400.44"
7/23/2013,"1,412.81"
7/22/2013,"1,405.87"
7/19/2013,"1,407.01"
7/18/2013,"1,389.99"
7/17/2013,"1,381.50"
7/16/2013,"1,374.10"
7/15/2013,"1,380.67"
7/12/2013,"1,382.68"
7/11/2013,"1,376.52"
7/10/2013,"1,352.93"
7/9/2013,"1,357.70"
7/8/2013,"1,350.87"
7/5/2013,"1,340.77"
7/3/2013,"1,331.60"
7/2/2013,"1,330.84"
7/1/2013,"1,334.93"
6/28/2013,"1,329.77"
6/27/2013,"1,335.34"
6/26/2013,"1,330.10"
6/25/2013,"1,316.47"
6/24/2013,"1,300.80"
6/21/2013,"1,322.93"
6/20/2013,"1,322.59"
6/19/2013,"1,362.95"
6/18/2013,"1,379.73"
6/17/2013,"1,376.01"
6/14/2013,"1,361.63"
6/13/2013,"1,376.75"
6/12/2013,"1,355.93"
6/11/2013,"1,368.33"
6/10/2013,"1,384.53"
6/7/2013,"1,385.45"
6/6/2013,"1,376.24"
6/5/2013,"1,369.04"
6/4/2013,"1,388.75"
6/3/2013,"1,400.95"
5/31/2013,"1,384.56"
5/30/2013,"1,411.74"
5/29/2013,"1,413.03"
5/28/2013,"1,413.62"
5/24/2013,"1,397.81"
5/23/2013,"1,400.02"
5/22/2013,"1,400.55"
5/21/2013,"1,420.51"
5/20/2013,"1,419.60"
5/17/2013,"1,407.04"
5/16/2013,"1,385.63"
5/15/2013,"1,393.35"
5/14/2013,"1,403.81"
5/13/2013,"1,380.66"
5/10/2013,"1,378.84"
5/9/2013,"1,385.96"
5/8/2013,"1,394.95"
5/7/2013,"1,394.39"
5/6/2013,"1,390.33"
5/3/2013,"1,386.84"
5/2/2013,"1,363.22"
5/1/2013,"1,344.53"
4/30/2013,"1,366.66"
4/29/2013,"1,360.26"
4/26/2013,"1,343.38"
4/25/2013,"1,341.35"
4/24/2013,"1,336.42"
4/23/2013,"1,315.43"
4/22/2013,"1,298.04"
4/19/2013,"1,283.89"
4/18/2013,"1,280.81"
4/17/2013,"1,275.08"
4/16/2013,"1,302.90"
4/15/2013,"1,286.82"
4/12/2013,"1,337.44"
4/11/2013,"1,354.10"
4/10/2013,"1,349.77"
4/9/2013,"1,348.29"
4/8/2013,"1,335.52"
4/5/2013,"1,330.68"
4/4/2013,"1,331.22"
4/3/2013,"1,332.09"
4/2/2013,"1,354.25"
4/1/2013,"1,361.08"
3/29/2013,"1,061.54"
3/28/2013,"1,358.70"
3/27/2013,"1,361.87"
3/26/2013,"1,361.36"
3/25/2013,"1,350.06"
3/22/2013,"1,357.57"
3/21/2013,"1,346.16"
3/20/2013,"1,354.81"
3/19/2013,"1,343.47"
3/18/2013,"1,353.95"
3/15/2013,"1,360.92"
3/14/2013,"1,362.93"
3/13/2013,"1,348.01"
3/12/2013,"1,354.79"
3/11/2013,"1,347.86"
3/8/2013,"1,347.22"
3/7/2013,"1,347.54"
3/6/2013,"1,346.99"
3/5/2013,"1,344.75"
3/4/2013,"1,332.98"
3/1/2013,"1,326.34"
2/28/2013,"1,322.83"
2/27/2013,"1,322.67"
2/26/2013,"1,304.54"
2/25/2013,"1,297.16"
2/22/2013,"1,334.90"
2/21/2013,"1,317.48"
2/20/2013,"1,325.06"
2/19/2013,"1,356.11"
2/15/2013,"1,336.52"
2/14/2013,"1,352.72"
2/13/2013,"1,353.71"
2/12/2013,"1,352.33"
2/11/2013,"1,347.60"
2/8/2013,"1,354.82"
2/7/2013,"1,347.86"
2/6/2013,"1,356.25"
2/5/2013,"1,354.15"
2/4/2013,"1,349.92"
2/1/2013,"1,368.24"
1/31/2013,"1,352.77"
1/30/2013,"1,363.46"
1/29/2013,"1,368.50"
1/28/2013,"1,332.57"
1/25/2013,"1,330.22"
1/24/2013,"1,319.88"
1/23/2013,"1,311.00"
1/22/2013,"1,314.16"
1/18/2013,"1,304.07"
1/17/2013,"1,301.64"
1/16/2013,"1,293.83"
1/15/2013,"1,290.92"
1/14/2013,"1,285.67"
1/11/2013,"1,282.12"
1/10/2013,"1,281.42"
1/9/2013,"1,268.78"
1/8/2013,"1,269.35"
1/7/2013,"1,268.33"
1/4/2013,"1,278.10"
1/3/2013,"1,264.90"
1/2/2013,"1,268.00"
12/31/2012,"1,241.84"
12/28/2012,"1,216.85"
12/27/2012,"1,239.29"
12/26/2012,"1,237.26"
12/24/2012,"1,242.82"
12/21/2012,"1,252.84"
12/20/2012,"1,263.82"
12/19/2012,"1,254.82"
12/18/2012,"1,262.78"
12/17/2012,"1,245.86"
12/14/2012,"1,237.44"
12/13/2012,"1,232.76"
12/12/2012,"1,241.56"
12/11/2012,"1,233.71"
12/10/2012,"1,228.95"
12/7/2012,"1,225.67"
12/6/2012,"1,215.51"
12/5/2012,"1,212.03"
12/4/2012,"1,205.13"
12/3/2012,"1,209.20"
11/30/2012,"1,216.57"
11/29/2012,"1,218.40"
11/28/2012,"1,215.74"
11/27/2012,"1,202.00"
11/26/2012,"1,212.93"
11/23/2012,"1,222.14"
11/21/2012,"1,203.43"
11/20/2012,"1,197.12"
11/19/2012,"1,199.45"
11/16/2012,"1,172.19"
11/15/2012,"1,171.40"
11/14/2012,"1,172.52"
11/13/2012,"1,189.42"
11/12/2012,"1,200.50"
11/9/2012,"1,201.59"
11/8/2012,"1,202.79"
11/7/2012,"1,219.84"
11/6/2012,"1,254.89"
11/5/2012,"1,233.14"
11/2/2012,"1,225.23"
11/1/2012,"1,239.65"
10/31/2012,"1,228.79"
10/26/2012,"1,227.38"
10/25/2012,"1,226.10"
10/24/2012,"1,214.15"
10/23/2012,"1,214.97"
10/22/2012,"1,247.32"
10/19/2012,"1,252.08"
10/18/2012,"1,269.37"
10/17/2012,"1,274.60"
10/16/2012,"1,257.96"
10/15/2012,"1,234.48"
10/12/2012,"1,229.69"
10/11/2012,"1,235.37"
10/10/2012,"1,231.63"
10/9/2012,"1,254.59"
10/8/2012,"1,258.75"
10/5/2012,"1,260.29"
10/4/2012,"1,262.80"
10/3/2012,"1,248.99"
10/2/2012,"1,264.08"
10/1/2012,"1,263.46"
9/28/2012,"1,258.11"
9/27/2012,"1,266.83"
9/26/2012,"1,253.10"
9/25/2012,"1,264.62"
9/24/2012,"1,276.97"
9/21/2012,"1,281.32"
9/20/2012,"1,280.71"
9/19/2012,"1,279.30"
9/18/2012,"1,288.66"
9/17/2012,"1,295.88"
9/14/2012,"1,308.65"
9/13/2012,"1,294.23"
9/12/2012,"1,267.31"
9/11/2012,"1,263.91"
9/10/2012,"1,250.95"
9/7/2012,"1,260.06"
9/6/2012,"1,238.83"
9/5/2012,"1,212.08"
9/4/2012,"1,219.36"
8/31/2012,"1,229.57"
8/30/2012,"1,218.62"
8/29/2012,"1,230.34"
8/28/2012,"1,236.06"
8/27/2012,"1,229.67"
8/24/2012,"1,231.09"
8/23/2012,"1,225.59"
8/22/2012,"1,237.47"
8/21/2012,"1,234.04"
8/20/2012,"1,238.79"
8/17/2012,"1,238.06"
8/16/2012,"1,244.40"
8/15/2012,"1,234.27"
8/14/2012,"1,237.01"
8/13/2012,"1,234.94"
8/10/2012,"1,244.56"
8/9/2012,"1,239.24"
8/8/2012,"1,239.65"
8/7/2012,"1,236.57"
8/6/2012,"1,215.41"
8/3/2012,"1,212.97"
8/2/2012,"1,183.46"
8/1/2012,"1,203.74"
7/31/2012,"1,196.76"
7/30/2012,"1,211.25"
7/27/2012,"1,207.38"
7/26/2012,"1,191.14"
7/25/2012,"1,163.81"
7/24/2012,"1,161.04"
7/23/2012,"1,177.10"
7/20/2012,"1,197.04"
7/19/2012,"1,201.40"
7/18/2012,"1,199.14"
7/17/2012,"1,190.67"
7/16/2012,"1,180.48"
7/13/2012,"1,172.02"
7/12/2012,"1,154.90"
7/11/2012,"1,157.67"
7/10/2012,"1,140.35"
7/9/2012,"1,153.86"
7/6/2012,"1,159.52"
7/5/2012,"1,172.82"
7/3/2012,"1,190.88"
7/2/2012,"1,167.01"
6/29/2012,"1,165.53"
6/28/2012,"1,126.12"
6/27/2012,"1,121.01"
6/26/2012,"1,104.98"
6/25/2012,"1,093.50"
6/22/2012,"1,115.63"
6/21/2012,"1,106.85"
6/20/2012,"1,155.54"
6/19/2012,"1,157.96"
6/18/2012,"1,139.76"
6/15/2012,"1,150.32"
6/14/2012,"1,130.32"
6/13/2012,"1,118.08"
6/12/2012,"1,126.19"
6/11/2012,"1,113.14"
6/8/2012,"1,125.24"
6/7/2012,"1,124.68"
6/6/2012,"1,120.57"
6/5/2012,"1,082.94"
6/4/2012,"1,074.00"
6/1/2012,"1,072.75"
5/31/2012,"1,092.64"
5/30/2012,"1,100.30"
5/29/2012,"1,130.81"
5/25/2012,"1,119.58"
5/24/2012,"1,122.40"
5/23/2012,"1,119.81"
5/22/2012,"1,119.27"
5/21/2012,"1,123.84"
5/18/2012,"1,102.97"
5/17/2012,"1,109.01"
5/16/2012,"1,119.90"
5/15/2012,"1,124.32"
5/14/2012,"1,140.33"
5/11/2012,"1,161.12"
5/10/2012,"1,171.07"
5/9/2012,"1,161.35"
5/8/2012,"1,181.28"
5/7/2012,"1,192.29"
5/4/2012,"1,193.03"
5/3/2012,"1,220.36"
5/2/2012,"1,236.34"
5/1/2012,"1,253.85"
4/30/2012,"1,235.54"
4/27/2012,"1,224.20"
4/26/2012,"1,224.53"
4/25/2012,"1,204.92"
4/24/2012,"1,203.33"
4/23/2012,"1,196.44"
4/20/2012,"1,202.79"
4/19/2012,"1,202.60"
4/18/2012,"1,210.30"
4/17/2012,"1,216.14"
4/16/2012,"1,198.93"
4/13/2012,"1,201.15"
4/12/2012,"1,223.89"
4/11/2012,"1,200.59"
4/10/2012,"1,200.80"
4/9/2012,"1,228.39"
4/6/2012,948.89
4/5/2012,"1,243.65"
4/4/2012,"1,251.42"
4/3/2012,"1,269.00"
4/2/2012,"1,283.90"
3/30/2012,"1,267.43"
3/29/2012,"1,261.15"
3/28/2012,"1,264.45"
3/27/2012,"1,280.27"
3/26/2012,"1,298.42"
3/23/2012,"1,283.12"
3/22/2012,"1,271.60"
3/21/2012,"1,298.13"
3/20/2012,"1,307.81"
3/19/2012,"1,330.71"
3/16/2012,"1,323.77"
3/15/2012,"1,313.76"
3/14/2012,"1,314.59"
3/13/2012,"1,328.31"
3/12/2012,"1,316.35"
3/9/2012,"1,319.54"
3/8/2012,"1,324.59"
3/7/2012,"1,310.84"
3/6/2012,"1,303.47"
3/5/2012,"1,329.45"
3/2/2012,"1,332.47"
3/1/2012,"1,345.52"
2/29/2012,"1,328.04"
2/28/2012,"1,343.61"
2/27/2012,"1,341.29"
2/24/2012,"1,340.28"
2/23/2012,"1,339.40"
2/22/2012,"1,326.91"
2/21/2012,"1,327.99"
2/17/2012,"1,324.19"
2/16/2012,"1,320.54"
2/15/2012,"1,305.91"
2/14/2012,"1,309.53"
2/13/2012,"1,311.82"
2/10/2012,"1,300.65"
2/9/2012,"1,316.51"
2/8/2012,"1,312.99"
2/7/2012,"1,318.98"
2/6/2012,"1,303.15"
2/3/2012,"1,295.01"
2/2/2012,"1,268.36"
2/1/2012,"1,264.15"
1/31/2012,"1,260.09"
1/30/2012,"1,257.46"
1/27/2012,"1,259.08"
1/26/2012,"1,268.33"
1/25/2012,"1,289.14"
1/24/2012,"1,281.61"
1/23/2012,"1,283.50"
1/20/2012,"1,273.79"
1/19/2012,"1,275.38"
1/18/2012,"1,272.69"
1/17/2012,"1,251.76"
1/13/2012,"1,235.66"
1/12/2012,"1,239.58"
1/11/2012,"1,248.73"
1/10/2012,"1,263.08"
1/9/2012,"1,254.29"
1/6/2012,"1,247.33"
1/5/2012,"1,253.94"
1/4/2012,"1,264.78"
1/3/2012,"1,260.77"
12/30/2011,"1,229.10"
12/29/2011,"1,228.96"
12/28/2011,"1,215.21"
12/27/2011,"1,239.14"
12/23/2011,"1,233.88"
12/22/2011,"1,223.99"
12/21/2011,"1,207.74"
12/20/2011,"1,195.23"
12/19/2011,"1,151.69"
12/16/2011,"1,170.19"
12/15/2011,"1,164.28"
12/14/2011,"1,165.02"
12/13/2011,"1,195.42"
12/12/2011,"1,199.23"
12/9/2011,"1,227.50"
12/8/2011,"1,200.77"
12/7/2011,"1,237.53"
12/6/2011,"1,241.14"
12/5/2011,"1,241.44"
12/2/2011,"1,224.77"
12/1/2011,"1,222.49"
11/30/2011,"1,232.75"
11/29/2011,"1,171.84"
11/28/2011,"1,157.02"
11/25/2011,"1,114.30"
11/23/2011,"1,124.69"
11/22/2011,"1,159.34"
11/21/2011,"1,168.58"
11/18/2011,"1,188.70"
11/17/2011,"1,192.40"
11/16/2011,"1,214.48"
11/15/2011,"1,234.40"
11/14/2011,"1,237.58"
11/11/2011,"1,251.17"
11/10/2011,"1,232.07"
11/9/2011,"1,211.73"
11/8/2011,"1,272.17"
11/7/2011,"1,252.06"
11/4/2011,"1,242.30"
11/3/2011,"1,239.87"
11/2/2011,"1,213.22"
11/1/2011,"1,187.49"
10/31/2011,"1,221.26"
10/28/2011,"1,276.90"
10/27/2011,"1,270.72"
10/26/2011,"1,222.10"
10/25/2011,"1,192.67"
10/24/2011,"1,211.57"
10/21/2011,"1,205.82"
10/20/2011,"1,179.81"
10/19/2011,"1,172.22"
10/18/2011,"1,181.21"
10/17/2011,"1,146.76"
10/14/2011,"1,160.13"
10/13/2011,"1,122.86"
10/12/2011,"1,123.50"
10/11/2011,"1,113.30"
10/10/2011,"1,116.34"
10/7/2011,"1,068.63"
10/6/2011,"1,078.34"
10/5/2011,"1,061.34"
10/4/2011,"1,026.22"
10/3/2011,995.22
9/30/2011,"1,031.82"
9/29/2011,"1,066.63"
9/28/2011,"1,051.21"
9/27/2011,"1,083.24"
9/26/2011,"1,065.08"
9/23/2011,"1,027.61"
9/22/2011,"1,032.44"
9/21/2011,"1,084.32"
9/20/2011,"1,130.04"
9/19/2011,"1,133.57"
9/16/2011,"1,148.83"
9/15/2011,"1,151.76"
9/14/2011,"1,126.15"
9/13/2011,"1,111.00"
9/12/2011,"1,103.87"
9/9/2011,"1,102.41"
9/8/2011,"1,136.25"
9/7/2011,"1,149.13"
9/6/2011,"1,111.76"
9/2/2011,"1,123.37"
9/1/2011,"1,154.13"
8/31/2011,"1,164.26"
8/30/2011,"1,151.96"
8/29/2011,"1,147.99"
8/26/2011,"1,114.49"
8/25/2011,"1,097.72"
8/24/2011,"1,124.18"
8/23/2011,"1,123.15"
8/22/2011,"1,080.15"
8/19/2011,"1,078.32"
8/18/2011,"1,094.17"
8/17/2011,"1,155.31"
8/16/2011,"1,148.78"
8/15/2011,"1,169.65"
8/12/2011,"1,129.01"
8/11/2011,"1,119.51"
8/10/2011,"1,062.76"
8/9/2011,"1,102.00"
8/8/2011,"1,050.78"
8/5/2011,"1,148.91"
8/4/2011,"1,151.53"
8/3/2011,"1,235.44"
8/2/2011,"1,246.76"
8/1/2011,"1,281.90"
7/29/2011,"1,284.51"
7/28/2011,"1,296.92"
7/27/2011,"1,305.17"
7/26/2011,"1,335.16"
7/25/2011,"1,341.34"
7/22/2011,"1,344.12"
7/21/2011,"1,345.29"
7/20/2011,"1,319.46"
7/19/2011,"1,322.65"
7/18/2011,"1,303.83"
7/15/2011,"1,311.87"
7/14/2011,"1,288.98"
7/13/2011,"1,290.86"
7/12/2011,"1,284.78"
7/11/2011,"1,292.13"
7/8/2011,"1,325.57"
7/7/2011,"1,335.96"
7/6/2011,"1,315.74"
7/5/2011,"1,322.14"
7/1/2011,"1,318.38"
6/30/2011,"1,304.31"
6/29/2011,"1,282.64"
6/28/2011,"1,265.07"
6/27/2011,"1,236.01"
6/24/2011,"1,228.18"
6/23/2011,"1,250.33"
6/22/2011,"1,266.73"
6/21/2011,"1,272.83"
6/20/2011,"1,245.04"
6/17/2011,"1,244.30"
6/16/2011,"1,244.98"
6/15/2011,"1,244.39"
6/14/2011,"1,276.69"
6/13/2011,"1,250.45"
6/10/2011,"1,262.58"
6/9/2011,"1,286.22"
6/8/2011,"1,270.17"
6/7/2011,"1,269.63"
6/6/2011,"1,267.75"
6/3/2011,"1,293.54"
6/2/2011,"1,294.43"
6/1/2011,"1,299.23"
5/31/2011,"1,332.19"
5/27/2011,"1,315.40"
5/26/2011,"1,308.24"
5/25/2011,"1,298.19"
5/24/2011,"1,286.42"
5/23/2011,"1,269.43"
5/20/2011,"1,288.68"
5/19/2011,"1,290.86"
5/18/2011,"1,289.11"
5/17/2011,"1,272.09"
5/16/2011,"1,271.56"
5/13/2011,"1,282.53"
5/12/2011,"1,292.18"
5/11/2011,"1,299.10"
5/10/2011,"1,337.81"
5/9/2011,"1,329.20"
5/6/2011,"1,308.09"
5/5/2011,"1,301.69"
5/4/2011,"1,335.10"
5/3/2011,"1,359.19"
5/2/2011,"1,393.99"
4/29/2011,"1,402.96"
4/28/2011,"1,377.00"
4/27/2011,"1,375.19"
4/26/2011,"1,370.91"
4/25/2011,"1,359.90"
4/22/2011,935.85
4/21/2011,"1,363.99"
4/20/2011,"1,358.18"
4/19/2011,"1,325.64"
4/18/2011,"1,312.08"
4/15/2011,"1,340.65"
4/14/2011,"1,333.82"
4/13/2011,"1,327.40"
4/12/2011,"1,326.24"
4/11/2011,"1,367.23"
4/8/2011,"1,392.77"
4/7/2011,"1,384.84"
4/6/2011,"1,384.93"
4/5/2011,"1,394.12"
4/4/2011,"1,389.32"
4/1/2011,"1,391.62"
3/31/2011,"1,378.83"
3/30/2011,"1,380.91"
3/29/2011,"1,372.12"
3/28/2011,"1,360.72"
3/25/2011,"1,373.49"
3/24/2011,"1,356.56"
3/23/2011,"1,349.32"
3/22/2011,"1,344.61"
3/21/2011,"1,345.67"
3/18/2011,"1,310.54"
3/17/2011,"1,310.86"
3/16/2011,"1,275.16"
3/15/2011,"1,298.45"
3/14/2011,"1,315.83"
3/11/2011,"1,314.89"
3/10/2011,"1,295.84"
3/9/2011,"1,341.10"
3/8/2011,"1,347.49"
3/7/2011,"1,360.63"
3/4/2011,"1,368.93"
3/3/2011,"1,375.54"
3/2/2011,"1,352.27"
3/1/2011,"1,345.50"
2/28/2011,"1,365.09"
2/25/2011,"1,354.55"
2/24/2011,"1,337.62"
2/23/2011,"1,352.88"
2/22/2011,"1,328.21"
2/18/2011,"1,357.24"
2/17/2011,"1,348.41"
2/16/2011,"1,331.57"
2/15/2011,"1,313.75"
2/14/2011,"1,322.40"
2/11/2011,"1,300.28"
2/10/2011,"1,299.14"
2/9/2011,"1,291.68"
2/8/2011,"1,309.20"
2/7/2011,"1,309.06"
2/4/2011,"1,300.64"
2/3/2011,"1,308.63"
2/2/2011,"1,319.25"
2/1/2011,"1,321.60"
1/31/2011,"1,293.40"
1/28/2011,"1,268.01"
1/27/2011,"1,276.42"
1/26/2011,"1,275.81"
1/25/2011,"1,259.29"
1/24/2011,"1,264.86"
1/21/2011,"1,261.00"
1/20/2011,"1,249.52"
1/19/2011,"1,259.85"
1/18/2011,"1,275.27"
1/14/2011,"1,266.06"
1/13/2011,"1,248.65"
1/12/2011,"1,245.41"
1/11/2011,"1,230.06"
1/10/2011,"1,210.33"
1/7/2011,"1,216.79"
1/6/2011,"1,216.71"
1/5/2011,"1,225.28"
1/4/2011,"1,224.56"
1/3/2011,"1,225.81"
12/31/2010,"1,213.16"
12/30/2010,"1,211.49"
12/29/2010,"1,205.24"
12/28/2010,"1,194.41"
12/27/2010,"1,189.18"
12/24/2010,909.72
12/23/2010,"1,192.26"
12/22/2010,"1,189.90"
12/21/2010,"1,185.59"
12/20/2010,"1,171.71"
12/17/2010,"1,164.71"
12/16/2010,"1,170.07"
12/15/2010,"1,163.00"
12/14/2010,"1,174.94"
12/13/2010,"1,173.01"
12/10/2010,"1,165.41"
12/9/2010,"1,156.31"
12/8/2010,"1,155.37"
12/7/2010,"1,158.48"
12/6/2010,"1,153.09"
12/3/2010,"1,147.70"
12/2/2010,"1,145.01"
12/1/2010,"1,125.47"
11/30/2010,"1,093.86"
11/29/2010,"1,100.23"
11/26/2010,"1,101.52"
11/24/2010,"1,114.72"
11/23/2010,"1,099.15"
11/22/2010,"1,120.09"
11/19/2010,"1,124.42"
11/18/2010,"1,121.83"
11/17/2010,"1,098.71"
11/16/2010,"1,097.71"
11/15/2010,"1,125.39"
11/12/2010,"1,128.94"
11/11/2010,"1,141.91"
11/10/2010,"1,134.26"
11/9/2010,"1,118.22"
11/8/2010,"1,130.47"
11/5/2010,"1,136.07"
11/4/2010,"1,133.43"
11/3/2010,"1,101.40"
11/2/2010,"1,096.61"
11/1/2010,"1,082.75"
10/29/2010,"1,079.56"
10/28/2010,"1,084.19"
10/27/2010,"1,080.26"
10/26/2010,"1,088.44"
10/25/2010,"1,087.17"
10/22/2010,"1,087.11"
10/21/2010,"1,078.17"
10/20/2010,"1,082.36"
10/19/2010,"1,068.24"
10/18/2010,"1,100.07"
10/15/2010,"1,088.47"
10/14/2010,"1,086.50"
10/13/2010,"1,086.49"
10/12/2010,"1,077.37"
10/11/2010,"1,080.56"
10/8/2010,"1,080.25"
10/7/2010,"1,070.40"
10/6/2010,"1,071.95"
10/5/2010,"1,064.44"
10/4/2010,"1,037.97"
10/1/2010,"1,052.06"
9/30/2010,"1,032.70"
9/29/2010,"1,028.21"
9/28/2010,"1,020.40"
9/27/2010,"1,011.89"
9/24/2010,"1,014.60"
9/23/2010,992.1
9/22/2010,"1,000.73"
9/21/2010,"1,008.89"
9/20/2010,"1,009.44"
9/17/2010,988.52
9/16/2010,998.25
9/15/2010,"1,000.84"
9/14/2010,"1,000.15"
9/13/2010,998.32
9/10/2010,991.12
9/9/2010,983.66
9/8/2010,982.65
9/7/2010,969.31
9/3/2010,989.85
9/2/2010,976.22
9/1/2010,963.51
8/31/2010,925.89
8/30/2010,928.45
8/27/2010,944.6
8/26/2010,922.7
8/25/2010,930.15
8/24/2010,931.42
8/23/2010,947.02
8/20/2010,948.68
8/19/2010,959.93
8/18/2010,977.67
8/17/2010,986.05
8/16/2010,976.63
8/13/2010,977.6
8/12/2010,978.85
8/11/2010,984.83
8/10/2010,"1,018.07"
8/9/2010,"1,026.94"
8/6/2010,"1,020.38"
8/5/2010,"1,029.20"
8/4/2010,"1,024.48"
8/3/2010,"1,017.75"
8/2/2010,"1,013.96"
7/30/2010,978.64
7/29/2010,977.78
7/28/2010,972.75
7/27/2010,981.07
7/26/2010,984.91
7/23/2010,969.86
7/22/2010,963.04
7/21/2010,940.11
7/20/2010,953.87
7/19/2010,942.82
7/16/2010,945.36
7/15/2010,971.83
7/14/2010,961.9
7/13/2010,967.67
7/12/2010,951.65
7/9/2010,946.07
7/8/2010,941.03
7/7/2010,923.45
7/6/2010,891.28
7/2/2010,879.38
7/1/2010,879.71
6/30/2010,883.62
6/29/2010,890.15
6/28/2010,915.91
6/25/2010,922.31
6/24/2010,925.04
6/23/2010,946.57
6/22/2010,952.87
6/21/2010,974.77
6/18/2010,977.58
6/17/2010,969.41
6/16/2010,970.16
6/15/2010,968.47
6/14/2010,940.6
6/11/2010,944.58
6/10/2010,932.83
6/9/2010,884.4
6/8/2010,913.23
6/7/2010,911.21
6/4/2010,914.99
6/3/2010,955.74
6/2/2010,943.53
6/1/2010,914.09
5/31/2010,784.82
5/28/2010,963.48
5/27/2010,981.68
5/26/2010,931.58
5/25/2010,940.83
5/24/2010,940.49
5/21/2010,964.81
5/20/2010,951.15
5/19/2010,988.3
5/18/2010,993.42
5/17/2010,"1,000.51"
5/14/2010,"1,007.76"
5/13/2010,"1,029.99"
5/12/2010,"1,039.15"
5/11/2010,"1,027.27"
5/10/2010,"1,039.39"
5/7/2010,"1,001.22"
5/6/2010,"1,018.03"
5/5/2010,"1,053.10"
5/4/2010,"1,076.50"
5/3/2010,"1,101.41"
4/30/2010,"1,096.24"
4/29/2010,"1,103.81"
4/28/2010,"1,105.81"
4/27/2010,"1,096.18"
4/26/2010,"1,126.46"
4/23/2010,"1,133.44"
4/22/2010,"1,115.14"
4/21/2010,"1,120.91"
4/20/2010,"1,130.14"
4/19/2010,"1,112.31"
4/16/2010,"1,111.82"
4/15/2010,"1,130.47"
4/14/2010,"1,128.78"
4/13/2010,"1,116.53"
4/12/2010,"1,120.58"
4/9/2010,"1,119.61"
4/8/2010,"1,104.04"
4/7/2010,"1,097.35"
4/6/2010,"1,115.45"
4/5/2010,"1,115.69"
4/2/2010,813.7
4/1/2010,"1,100.93"
3/31/2010,"1,081.20"
3/30/2010,"1,076.26"
3/29/2010,"1,073.23"
3/26/2010,"1,058.18"
3/25/2010,"1,055.74"
3/24/2010,"1,070.49"
3/23/2010,"1,079.09"
3/22/2010,"1,073.43"
3/19/2010,"1,075.26"
3/18/2010,"1,083.69"
3/17/2010,"1,093.03"
3/16/2010,"1,079.31"
3/15/2010,"1,066.65"
3/12/2010,"1,073.90"
3/11/2010,"1,074.61"
3/10/2010,"1,071.60"
3/9/2010,"1,062.30"
3/8/2010,"1,063.10"
3/5/2010,"1,064.54"
3/4/2010,"1,043.19"
3/3/2010,"1,043.26"
3/2/2010,"1,039.53"
3/1/2010,"1,031.29"
2/26/2010,"1,021.07"
2/25/2010,"1,017.94"
2/24/2010,"1,025.05"
2/23/2010,"1,018.11"
2/22/2010,"1,034.49"
2/19/2010,"1,043.92"
2/18/2010,"1,043.51"
2/17/2010,"1,036.64"
2/16/2010,"1,041.78"
2/12/2010,"1,014.02"
2/11/2010,"1,022.18"
2/10/2010,"1,003.97"
2/9/2010,"1,007.00"
2/8/2010,987.83
2/5/2010,998.28
2/4/2010,"1,001.48"
2/3/2010,"1,042.25"
2/2/2010,"1,053.38"
2/1/2010,"1,042.26"
1/29/2010,"1,016.78"
1/28/2010,"1,027.09"
1/27/2010,"1,037.79"
1/26/2010,"1,042.61"
1/25/2010,"1,048.14"
1/22/2010,"1,037.78"
1/21/2010,"1,059.47"
1/20/2010,"1,085.42"
1/19/2010,"1,104.27"
1/15/2010,"1,091.80"
1/14/2010,"1,101.46"
1/13/2010,"1,100.91"
1/12/2010,"1,099.16"
1/11/2010,"1,122.03"
1/8/2010,"1,116.19"
1/7/2010,"1,112.53"
1/6/2010,"1,113.43"
1/5/2010,"1,106.98"
1/4/2010,"1,100.51"
