Date,CRBI
31-Dec-19,196.64
30-Dec-19,197.75
27-Dec-19,198.08
26-Dec-19,197.54
24-Dec-19,196.31
23-Dec-19,195.17
20-Dec-19,195.76
19-Dec-19,195.83
18-Dec-19,195.66
17-Dec-19,195.98
16-Dec-19,195.9
13-Dec-19,194.39
12-Dec-19,193.44
11-Dec-19,191.93
10-Dec-19,192.63
9-Dec-19,191.57
6-Dec-19,191.57
5-Dec-19,190.37
4-Dec-19,189.66
3-Dec-19,187.73
2-Dec-19,187.23
29-Nov-19,186.71
27-Nov-19,190.6
26-Nov-19,191.39
25-Nov-19,190.82
22-Nov-19,190.58
21-Nov-19,190.95
20-Nov-19,189.08
19-Nov-19,187.16
18-Nov-19,189.29
15-Nov-19,191.19
14-Nov-19,190.22
13-Nov-19,190.45
12-Nov-19,189.9
11-Nov-19,189.48
8-Nov-19,191.42
7-Nov-19,191.11
6-Nov-19,190.6
5-Nov-19,192.26
4-Nov-19,191.19
1-Nov-19,190.31
31-Oct-19,186.73
30-Oct-19,188.22
29-Oct-19,188.28
28-Oct-19,188.17
25-Oct-19,188.24
24-Oct-19,187.53
23-Oct-19,187.09
22-Oct-19,185.19
21-Oct-19,184.37
18-Oct-19,185.42
17-Oct-19,185.18
16-Oct-19,184.58
15-Oct-19,184.33
14-Oct-19,184.58
11-Oct-19,185.66
10-Oct-19,183.06
9-Oct-19,182.51
8-Oct-19,182.77
7-Oct-19,182.53
4-Oct-19,182.91
3-Oct-19,182.81
2-Oct-19,182.32
1-Oct-19,183.51
30-Sep-19,183.35
27-Sep-19,185.19
26-Sep-19,185.72
25-Sep-19,186.14
24-Sep-19,186.71
23-Sep-19,188.25
20-Sep-19,186.83
19-Sep-19,187.27
18-Sep-19,187.12
17-Sep-19,188.33
16-Sep-19,192.93
13-Sep-19,184.08
12-Sep-19,183.71
11-Sep-19,182.94
10-Sep-19,184.2
9-Sep-19,183.53
6-Sep-19,181.73
5-Sep-19,181.43
4-Sep-19,181.78
3-Sep-19,178.08
30-Aug-19,179.27
29-Aug-19,181.07
28-Aug-19,180.14
27-Aug-19,178.55
26-Aug-19,177.71
23-Aug-19,177.37
22-Aug-19,179.16
21-Aug-19,179.77
20-Aug-19,179.74
19-Aug-19,179.61
16-Aug-19,179.19
15-Aug-19,178.79
14-Aug-19,179.42
13-Aug-19,181.98
12-Aug-19,179.38
9-Aug-19,180.89
8-Aug-19,179.02
7-Aug-19,176.46
6-Aug-19,179.23
5-Aug-19,180.21
2-Aug-19,182.15
1-Aug-19,181.56
31-Jul-19,187.56
30-Jul-19,187.36
29-Jul-19,186.77
26-Jul-19,186.07
25-Jul-19,186.82
24-Jul-19,187.16
23-Jul-19,188.01
22-Jul-19,187.49
19-Jul-19,187.49
18-Jul-19,186.29
17-Jul-19,188.35
16-Jul-19,189.03
15-Jul-19,192.17
12-Jul-19,193.47
11-Jul-19,192.75
10-Jul-19,193.25
9-Jul-19,189.6
8-Jul-19,189.57
5-Jul-19,189.63
3-Jul-19,189.29
2-Jul-19,186.52
1-Jul-19,189.96
28-Jun-19,189.83
27-Jun-19,191.32
26-Jun-19,191.2
25-Jun-19,189.63
24-Jun-19,188.69
21-Jun-19,187.11
20-Jun-19,187.21
19-Jun-19,183.85
18-Jun-19,184.54
17-Jun-19,182.77
14-Jun-19,183.14
13-Jun-19,182.73
12-Jun-19,181.48
11-Jun-19,183.17
10-Jun-19,182.32
7-Jun-19,182.65
6-Jun-19,182.06
5-Jun-19,180.45
4-Jun-19,183.74
3-Jun-19,182.92
31-May-19,183.56
30-May-19,187.1
29-May-19,188.74
28-May-19,188.65
24-May-19,186.89
23-May-19,185.09
22-May-19,187.82
21-May-19,190.35
20-May-19,190.06
17-May-19,189.27
16-May-19,190.66
15-May-19,188.9
14-May-19,188.19
13-May-19,185.72
10-May-19,187.06
9-May-19,187.1
8-May-19,187.86
7-May-19,187.58
6-May-19,188.82
3-May-19,189.92
2-May-19,190.04
1-May-19,191.86
30-Apr-19,192.47
29-Apr-19,192.38
26-Apr-19,192.84
25-Apr-19,194.19
24-Apr-19,194.73
23-Apr-19,195.86
22-Apr-19,196.2
18-Apr-19,195.32
17-Apr-19,194.75
16-Apr-19,195.45
15-Apr-19,195.58
12-Apr-19,196.53
11-Apr-19,195.43
10-Apr-19,197.86
9-Apr-19,196.7
8-Apr-19,196.83
5-Apr-19,195.73
4-Apr-19,195.05
3-Apr-19,194.83
2-Apr-19,194.32
1-Apr-19,193.36
29-Mar-19,191.54
28-Mar-19,191.08
27-Mar-19,191.71
26-Mar-19,193.04
25-Mar-19,192.07
22-Mar-19,191.87
21-Mar-19,193.13
20-Mar-19,193.35
19-Mar-19,192.96
18-Mar-19,192.55
15-Mar-19,191.48
14-Mar-19,190.97
13-Mar-19,190.98
12-Mar-19,188.78
11-Mar-19,187.92
8-Mar-19,188.06
7-Mar-19,188.26
6-Mar-19,188.62
5-Mar-19,189.3
4-Mar-19,188.45
1-Mar-19,188.83
28-Feb-19,190.12
27-Feb-19,190.61
26-Feb-19,188.7
25-Feb-19,189.05
22-Feb-19,191.41
21-Feb-19,190.72
20-Feb-19,190.56
19-Feb-19,189.48
15-Feb-19,188.48
14-Feb-19,185.76
13-Feb-19,185.74
12-Feb-19,185.2
11-Feb-19,184.05
8-Feb-19,184.98
7-Feb-19,185.03
6-Feb-19,187.57
5-Feb-19,186.93
4-Feb-19,187.6
1-Feb-19,187.5
31-Jan-19,186.54
30-Jan-19,187.02
29-Jan-19,186.04
28-Jan-19,184.25
25-Jan-19,187.54
24-Jan-19,186.03
23-Jan-19,185.42
22-Jan-19,185.75
18-Jan-19,189.05
17-Jan-19,186.49
16-Jan-19,186.35
15-Jan-19,185.65
14-Jan-19,184.41
11-Jan-19,184.67
10-Jan-19,185.2
9-Jan-19,185.65
8-Jan-19,182.44
7-Jan-19,181.05
4-Jan-19,179.69
3-Jan-19,177.81
2-Jan-19,176.59
31-Dec-18,175.96
28-Dec-18,177.13
27-Dec-18,176.62
26-Dec-18,179.15
24-Dec-18,174.38
21-Dec-18,178.25
20-Dec-18,178.8
19-Dec-18,182.45
18-Dec-18,180.59
17-Dec-18,184.19
14-Dec-18,186.64
13-Dec-18,189.44
12-Dec-18,187.53
11-Dec-18,188.14
10-Dec-18,187.97
7-Dec-18,190.52
6-Dec-18,187.56
5-Dec-18,190.09
4-Dec-18,190.47
3-Dec-18,189.81
30-Nov-18,187.94
29-Nov-18,188.52
28-Nov-18,187.38
27-Nov-18,186.02
26-Nov-18,186.4
23-Nov-18,185.64
21-Nov-18,191.2
20-Nov-18,189.93
19-Nov-18,195.06
16-Nov-18,193.51
15-Nov-18,191.68
14-Nov-18,194.27
13-Nov-18,190.62
12-Nov-18,194.18
9-Nov-18,194.61
8-Nov-18,195.9
7-Nov-18,197.57
6-Nov-18,197.42
5-Nov-18,198.82
2-Nov-18,198.5
1-Nov-18,197.81
31-Oct-18,197.1
30-Oct-18,197.9
29-Oct-18,199.6
26-Oct-18,201.72
25-Oct-18,200.97
24-Oct-18,200.62
23-Oct-18,201.13
22-Oct-18,203.46
19-Oct-18,203.35
18-Oct-18,202.78
17-Oct-18,205.1
16-Oct-18,205.93
15-Oct-18,205.94
12-Oct-18,204.05
11-Oct-18,202.68
10-Oct-18,204.2
9-Oct-18,206.52
8-Oct-18,205.87
5-Oct-18,205.09
4-Oct-18,204.82
3-Oct-18,207.32
2-Oct-18,206.01
1-Oct-18,203.75
28-Sep-18,201.01
27-Sep-18,199.98
26-Sep-18,199.77
25-Sep-18,200.94
24-Sep-18,200.57
21-Sep-18,199.71
20-Sep-18,198.39
19-Sep-18,197.41
18-Sep-18,196.16
17-Sep-18,195.2
14-Sep-18,196.03
13-Sep-18,196.97
12-Sep-18,198.97
11-Sep-18,197.21
10-Sep-18,196.54
7-Sep-18,195.82
6-Sep-18,195.22
5-Sep-18,196.47
4-Sep-18,197.6
31-Aug-18,198.41
30-Aug-18,198.25
29-Aug-18,198.39
28-Aug-18,197.1
27-Aug-18,198.28
24-Aug-18,197.43
23-Aug-18,195.8
22-Aug-18,196.42
21-Aug-18,195.27
20-Aug-18,194.34
17-Aug-18,193.92
16-Aug-18,193.54
15-Aug-18,192.06
14-Aug-18,195.63
13-Aug-18,195.48
10-Aug-18,196.88
9-Aug-18,197.62
8-Aug-18,198.24
7-Aug-18,199.72
6-Aug-18,199.13
3-Aug-18,198.39
2-Aug-18,197.78
1-Aug-18,196.73
31-Jul-18,199.68
30-Jul-18,200.93
27-Jul-18,199.25
26-Jul-18,200.1
25-Jul-18,199.74
24-Jul-18,198.23
23-Jul-18,197.5
20-Jul-18,197.6
19-Jul-18,196.35
18-Jul-18,196.4
17-Jul-18,196
16-Jul-18,196.07
13-Jul-18,198.66
12-Jul-18,198.93
11-Jul-18,197.72
10-Jul-18,203.31
9-Jul-18,203.24
6-Jul-18,203.02
5-Jul-18,201.12
3-Jul-18,202.4
2-Jul-18,202.41
29-Jun-18,205.33
28-Jun-18,203.79
27-Jun-18,203.84
26-Jun-18,202.08
25-Jun-18,200.13
22-Jun-18,202.34
21-Jun-18,199.12
20-Jun-18,199.7
19-Jun-18,198.51
18-Jun-18,200.91
15-Jun-18,200.93
14-Jun-18,203.76
13-Jun-18,204.86
12-Jun-18,204.9
11-Jun-18,204.12
8-Jun-18,204.75
7-Jun-18,204.17
6-Jun-18,203.68
5-Jun-18,203.85
4-Jun-18,203.5
1-Jun-18,206.38
31-May-18,207.53
30-May-18,207.98
29-May-18,206.46
25-May-18,207.98
24-May-18,210.34
23-May-18,211.06
22-May-18,210.87
21-May-18,210.34
18-May-18,208.26
17-May-18,208.12
16-May-18,208.31
15-May-18,207.98
14-May-18,208.35
11-May-18,208.05
10-May-18,209.02
9-May-18,208.17
8-May-18,206.51
7-May-18,208.09
4-May-18,207.66
3-May-18,206.47
2-May-18,205.95
1-May-18,205.59
30-Apr-18,206.32
27-Apr-18,205.68
26-Apr-18,205.5
25-Apr-18,204.95
24-Apr-18,204.32
23-Apr-18,204.96
20-Apr-18,206.15
19-Apr-18,206.08
18-Apr-18,207.21
17-Apr-18,203.53
16-Apr-18,203.69
13-Apr-18,203.81
12-Apr-18,203.4
11-Apr-18,202.91
10-Apr-18,201.15
9-Apr-18,198.95
6-Apr-18,196.15
5-Apr-18,197.73
4-Apr-18,196.22
3-Apr-18,197.1
2-Apr-18,197.26
29-Mar-18,199.25
28-Mar-18,198.16
27-Mar-18,199.43
26-Mar-18,199.63
23-Mar-18,200.1
22-Mar-18,199.04
21-Mar-18,199.84
20-Mar-18,197.92
19-Mar-18,196.63
16-Mar-18,198.19
15-Mar-18,197.61
14-Mar-18,198.21
13-Mar-18,197.99
12-Mar-18,198.23
9-Mar-18,198.84
8-Mar-18,197.31
7-Mar-18,198.09
6-Mar-18,200.45
5-Mar-18,200.35
2-Mar-18,197.72
1-Mar-18,197.54
28-Feb-18,197.53
27-Feb-18,198.99
26-Feb-18,200.37
23-Feb-18,199.57
22-Feb-18,198.82
21-Feb-18,197.7
20-Feb-18,197.18
16-Feb-18,197.05
15-Feb-18,196.92
14-Feb-18,195.82
13-Feb-18,193.22
12-Feb-18,192.44
9-Feb-18,191.83
8-Feb-18,195.14
7-Feb-18,195.71
6-Feb-18,198.15
5-Feb-18,199.08
2-Feb-18,200.86
1-Feb-18,201.78
31-Jan-18,200.78
30-Jan-18,201.55
29-Jan-18,202.96
26-Jan-18,203.94
25-Jan-18,202.74
24-Jan-18,202.89
23-Jan-18,200.27
22-Jan-18,199.53
19-Jan-18,198.78
18-Jan-18,199.63
17-Jan-18,199.68
16-Jan-18,198.35
12-Jan-18,199.29
11-Jan-18,198.37
10-Jan-18,198.02
9-Jan-18,197.33
8-Jan-18,196.07
5-Jan-18,196.58
4-Jan-18,198.52
3-Jan-18,198.5
2-Jan-18,197.85
29-Dec-17,196.95
28-Dec-17,196.11
27-Dec-17,194.5
26-Dec-17,193.48
22-Dec-17,190.82
21-Dec-17,190.66
20-Dec-17,190
19-Dec-17,188.9
18-Dec-17,188.29
15-Dec-17,187.36
14-Dec-17,187.04
13-Dec-17,186.17
12-Dec-17,186.21
11-Dec-17,188.32
8-Dec-17,187.81
7-Dec-17,187.25
6-Dec-17,187.5
5-Dec-17,190.28
4-Dec-17,191.51
1-Dec-17,193.52
30-Nov-17,191.98
29-Nov-17,193.73
28-Nov-17,194.03
27-Nov-17,194.45
24-Nov-17,195.02
22-Nov-17,194.39
21-Nov-17,192.58
20-Nov-17,191.95
17-Nov-17,193.12
16-Nov-17,190.94
15-Nov-17,191.33
14-Nov-17,191.75
13-Nov-17,194.17
10-Nov-17,194.35
9-Nov-17,194.57
8-Nov-17,194.59
7-Nov-17,194.54
6-Nov-17,195.26
3-Nov-17,192.01
2-Nov-17,190.73
1-Nov-17,190.54
31-Oct-17,190.14
30-Oct-17,190.11
27-Oct-17,189.45
26-Oct-17,188.47
25-Oct-17,187.92
24-Oct-17,188.35
23-Oct-17,187.21
20-Oct-17,186.59
19-Oct-17,186.54
18-Oct-17,186.46
17-Oct-17,186.7
16-Oct-17,187.08
13-Oct-17,187.28
12-Oct-17,185.7
11-Oct-17,185.91
10-Oct-17,185.6
9-Oct-17,183.33
6-Oct-17,183.31
5-Oct-17,185.32
4-Oct-17,183.64
3-Oct-17,183.24
2-Oct-17,183.24
29-Sep-17,185.44
28-Sep-17,185.33
27-Sep-17,186.21
26-Sep-17,185.73
25-Sep-17,186.95
22-Sep-17,185.88
21-Sep-17,185.7
20-Sep-17,186.95
19-Sep-17,184.86
18-Sep-17,186.03
15-Sep-17,186.34
14-Sep-17,185.58
13-Sep-17,185.14
12-Sep-17,183.65
11-Sep-17,183.89
8-Sep-17,183.39
7-Sep-17,185.09
6-Sep-17,185.22
5-Sep-17,184.55
1-Sep-17,183.12
31-Aug-17,183.02
30-Aug-17,178.99
29-Aug-17,179.65
28-Aug-17,180.13
25-Aug-17,179.93
24-Aug-17,179.89
23-Aug-17,179.67
22-Aug-17,178.8
21-Aug-17,178.61
18-Aug-17,179.56
17-Aug-17,177.92
16-Aug-17,177.38
15-Aug-17,178.34
14-Aug-17,179.55
11-Aug-17,181.65
10-Aug-17,180.95
9-Aug-17,183.62
8-Aug-17,183.14
7-Aug-17,183.01
4-Aug-17,182.71
3-Aug-17,182.66
2-Aug-17,184.03
1-Aug-17,182.76
31-Jul-17,184.67
28-Jul-17,184.12
27-Jul-17,183.12
26-Jul-17,181.41
25-Jul-17,179.6
24-Jul-17,178.14
21-Jul-17,178.56
20-Jul-17,180.31
19-Jul-17,180.57
18-Jul-17,178.76
17-Jul-17,177.75
14-Jul-17,178.14
13-Jul-17,176.18
12-Jul-17,175.7
11-Jul-17,175.74
10-Jul-17,174.54
7-Jul-17,174.34
6-Jul-17,176.23
5-Jul-17,175.44
3-Jul-17,177.96
30-Jun-17,176.55
29-Jun-17,173.62
28-Jun-17,172.7
27-Jun-17,171.72
26-Jun-17,170.26
23-Jun-17,169.41
22-Jun-17,168.15
21-Jun-17,169.08
20-Jun-17,171.33
19-Jun-17,172.97
16-Jun-17,174.74
15-Jun-17,174.46
14-Jun-17,174.7
13-Jun-17,177.53
12-Jun-17,177.63
9-Jun-17,178.45
8-Jun-17,177.78
7-Jun-17,177.28
6-Jun-17,179.76
5-Jun-17,178.97
2-Jun-17,179.63
1-Jun-17,180.76
31-May-17,181.45
30-May-17,183.01
26-May-17,183.68
25-May-17,182.81
24-May-17,185.6
23-May-17,186.74
22-May-17,187.76
19-May-17,186.74
18-May-17,184.14
17-May-17,184.88
16-May-17,183.76
15-May-17,184.37
12-May-17,183.29
11-May-17,182.03
10-May-17,181.08
9-May-17,178.84
8-May-17,179.69
5-May-17,179.46
4-May-17,178.54
3-May-17,181.95
2-May-17,181.89
1-May-17,183.14
28-Apr-17,183.27
27-Apr-17,182.02
26-Apr-17,183.24
25-Apr-17,183.44
24-Apr-17,182.45
21-Apr-17,183.38
20-Apr-17,184.56
19-Apr-17,185.44
18-Apr-17,188.08
17-Apr-17,188.93
13-Apr-17,189.3
12-Apr-17,188.9
11-Apr-17,189.52
10-Apr-17,189.14
7-Apr-17,188.6
6-Apr-17,188.27
5-Apr-17,187.63
4-Apr-17,187.07
3-Apr-17,185.99
31-Mar-17,187.34
30-Mar-17,186.97
29-Mar-17,186.65
28-Mar-17,185.51
27-Mar-17,184.52
24-Mar-17,184.88
23-Mar-17,185.05
22-Mar-17,185.26
21-Mar-17,185.69
20-Mar-17,186.19
17-Mar-17,185.87
16-Mar-17,185.43
15-Mar-17,185.17
14-Mar-17,183.48
13-Mar-17,184.52
10-Mar-17,184
9-Mar-17,184.57
8-Mar-17,186.41
7-Mar-17,189.4
6-Mar-17,190.81
3-Mar-17,191.09
2-Mar-17,190.18
1-Mar-17,192.65
28-Feb-17,192
27-Feb-17,191.25
24-Feb-17,192.3
23-Feb-17,193.01
22-Feb-17,192.59
21-Feb-17,193.42
17-Feb-17,193.48
16-Feb-17,194.12
15-Feb-17,194.62
14-Feb-17,193.63
13-Feb-17,193.4
10-Feb-17,195.39
9-Feb-17,194.09
8-Feb-17,193.6
7-Feb-17,192.7
6-Feb-17,193.49
3-Feb-17,194.53
2-Feb-17,194.84
1-Feb-17,195.66
31-Jan-17,193.34
30-Jan-17,192.56
27-Jan-17,194.74
26-Jan-17,195.57
25-Jan-17,195.28
24-Jan-17,196.26
23-Jan-17,195.74
20-Jan-17,195.31
19-Jan-17,194.25
18-Jan-17,194.64
17-Jan-17,196.43
13-Jan-17,195.81
12-Jan-17,196.24
11-Jan-17,193.55
10-Jan-17,192.38
9-Jan-17,191.84
6-Jan-17,194.79
5-Jan-17,194.95
4-Jan-17,194.22
3-Jan-17,191.36
30-Dec-16,193.73
29-Dec-16,194.12
28-Dec-16,194.25
27-Dec-16,193.97
23-Dec-16,191.72
22-Dec-16,191.49
21-Dec-16,191.97
20-Dec-16,191.75
19-Dec-16,192.4
16-Dec-16,192.6
15-Dec-16,191.64
14-Dec-16,192.96
13-Dec-16,194.64
12-Dec-16,194.52
9-Dec-16,193.14
8-Dec-16,192.57
7-Dec-16,192
6-Dec-16,193.68
5-Dec-16,194.63
2-Dec-16,192.83
1-Dec-16,192.54
30-Nov-16,190.43
29-Nov-16,185.06
28-Nov-16,188.87
25-Nov-16,186.81
23-Nov-16,188.78
22-Nov-16,188.65
21-Nov-16,188.39
18-Nov-16,184.19
17-Nov-16,183.49
16-Nov-16,183.38
15-Nov-16,184.12
14-Nov-16,181.28
11-Nov-16,181.76
10-Nov-16,184.37
9-Nov-16,185.03
8-Nov-16,184.58
7-Nov-16,184.53
4-Nov-16,183.52
3-Nov-16,184.4
2-Nov-16,185.32
1-Nov-16,186.84
31-Oct-16,187.31
28-Oct-16,190.25
27-Oct-16,191.09
26-Oct-16,189.76
25-Oct-16,190.39
24-Oct-16,190.48
21-Oct-16,190.43
20-Oct-16,189.8
19-Oct-16,191.8
18-Oct-16,190.81
17-Oct-16,190.42
14-Oct-16,190.49
13-Oct-16,190.16
12-Oct-16,189.07
11-Oct-16,190.17
10-Oct-16,191.29
7-Oct-16,189.32
6-Oct-16,189.54
5-Oct-16,189.78
4-Oct-16,188.29
3-Oct-16,188.02
30-Sep-16,187.3
29-Sep-16,186.8
28-Sep-16,186.88
27-Sep-16,184.06
26-Sep-16,185.95
23-Sep-16,184.05
22-Sep-16,187.29
21-Sep-16,185.82
20-Sep-16,183.92
19-Sep-16,182.58
16-Sep-16,181.71
15-Sep-16,181.6
14-Sep-16,180.41
13-Sep-16,181.48
12-Sep-16,183.87
9-Sep-16,183.46
8-Sep-16,186.57
7-Sep-16,183.39
6-Sep-16,181.81
2-Sep-16,180.89
1-Sep-16,179.1
31-Aug-16,181.11
30-Aug-16,183.73
29-Aug-16,185.35
26-Aug-16,187.03
25-Aug-16,187.16
24-Aug-16,186.66
23-Aug-16,189.3
22-Aug-16,188
19-Aug-16,189.7
18-Aug-16,190.26
17-Aug-16,187.81
16-Aug-16,187.54
15-Aug-16,186.04
12-Aug-16,183.56
11-Aug-16,182.87
10-Aug-16,180.41
9-Aug-16,182.3
8-Aug-16,183.67
5-Aug-16,182.66
4-Aug-16,182.21
3-Aug-16,180.64
2-Aug-16,178.16
1-Aug-16,179.06
29-Jul-16,181.87
28-Jul-16,180.06
27-Jul-16,180.46
26-Jul-16,182.07
25-Jul-16,182.16
22-Jul-16,183.75
21-Jul-16,184.52
20-Jul-16,185.94
19-Jul-16,186.96
18-Jul-16,189.06
15-Jul-16,189.72
14-Jul-16,190.97
13-Jul-16,189.45
12-Jul-16,191.09
11-Jul-16,187.56
8-Jul-16,188.02
7-Jul-16,186.54
6-Jul-16,190.81
5-Jul-16,190.51
1-Jul-16,195.13
30-Jun-16,193.43
29-Jun-16,195.5
28-Jun-16,192.4
27-Jun-16,188.4
24-Jun-16,189.52
23-Jun-16,194.38
22-Jun-16,192.65
21-Jun-16,193.93
20-Jun-16,195.26
17-Jun-16,193.22
16-Jun-16,189.72
15-Jun-16,192.57
14-Jun-16,193.04
13-Jun-16,193.74
10-Jun-16,193.72
9-Jun-16,195.96
8-Jun-16,196.66
7-Jun-16,193.25
6-Jun-16,192.09
3-Jun-16,189.47
2-Jun-16,188.82
1-Jun-16,187.62
31-May-16,186.94
27-May-16,186.92
26-May-16,186.36
25-May-16,186.07
24-May-16,184.11
23-May-16,183.95
20-May-16,184.97
19-May-16,184.64
18-May-16,186.16
17-May-16,186.62
16-May-16,185.34
13-May-16,183.29
12-May-16,184.39
11-May-16,184.08
10-May-16,181.01
9-May-16,177.75
6-May-16,180.63
5-May-16,179.64
4-May-16,180.59
3-May-16,180.56
2-May-16,183.26
29-Apr-16,185.35
28-Apr-16,183.89
27-Apr-16,183.21
26-Apr-16,182.2
25-Apr-16,179.58
22-Apr-16,180.36
21-Apr-16,180.58
20-Apr-16,182.15
19-Apr-16,178.62
18-Apr-16,174.79
15-Apr-16,174.31
14-Apr-16,175.45
13-Apr-16,176.33
12-Apr-16,176.17
11-Apr-16,172.49
8-Apr-16,171.7
7-Apr-16,167.48
6-Apr-16,168.17
5-Apr-16,165.86
4-Apr-16,166.42
1-Apr-16,168.66
31-Mar-16,171.17
30-Mar-16,171.62
29-Mar-16,172.11
28-Mar-16,173.22
24-Mar-16,172.82
23-Mar-16,173.88
22-Mar-16,177.77
21-Mar-16,177.02
18-Mar-16,176.99
17-Mar-16,178.31
16-Mar-16,174.39
15-Mar-16,171.7
14-Mar-16,173.01
11-Mar-16,174.15
10-Mar-16,172.51
9-Mar-16,172.84
8-Mar-16,170.08
7-Mar-16,172.32
4-Mar-16,169.15
3-Mar-16,165.62
2-Mar-16,165.2
1-Mar-16,164.45
29-Feb-16,163.78
26-Feb-16,162.23
25-Feb-16,163.2
24-Feb-16,162.06
23-Feb-16,160.99
22-Feb-16,163.2
19-Feb-16,160.18
18-Feb-16,162.44
17-Feb-16,163.09
16-Feb-16,159.41
12-Feb-16,160.9
11-Feb-16,155.53
10-Feb-16,156.92
9-Feb-16,157.1
8-Feb-16,161.11
5-Feb-16,162.47
4-Feb-16,163.99
3-Feb-16,164.73
2-Feb-16,160.71
1-Feb-16,164.02
29-Jan-16,167.29
28-Jan-16,165.75
27-Jan-16,164.71
26-Jan-16,163.2
25-Jan-16,160.97
22-Jan-16,164.32
21-Jan-16,159.65
20-Jan-16,156.81
19-Jan-16,159.99
15-Jan-16,160.44
14-Jan-16,163.63
13-Jan-16,162.9
12-Jan-16,162.58
11-Jan-16,164.75
8-Jan-16,169.1
7-Jan-16,169.06
6-Jan-16,169.98
5-Jan-16,173.6
4-Jan-16,175.02
31-Dec-15,176.68
30-Dec-15,175.43
29-Dec-15,177.88
28-Dec-15,174.99
24-Dec-15,176.62
23-Dec-15,175.74
22-Dec-15,172.47
21-Dec-15,172.94
18-Dec-15,172.67
17-Dec-15,171.2
16-Dec-15,172.32
15-Dec-15,174.74
14-Dec-15,174.77
11-Dec-15,175.36
10-Dec-15,177.54
9-Dec-15,178.07
8-Dec-15,177.9
7-Dec-15,179.08
4-Dec-15,183.76
3-Dec-15,183.82
2-Dec-15,181.36
1-Dec-15,184.91
30-Nov-15,183.05
27-Nov-15,183.76
25-Nov-15,186.22
24-Nov-15,185.78
23-Nov-15,183.94
20-Nov-15,184.24
19-Nov-15,184.63
18-Nov-15,184.11
17-Nov-15,184.22
16-Nov-15,185.93
13-Nov-15,185.28
12-Nov-15,186.94
11-Nov-15,188.86
10-Nov-15,189.93
9-Nov-15,189.74
6-Nov-15,191.56
5-Nov-15,192.96
4-Nov-15,194.66
3-Nov-15,198.09
2-Nov-15,195.44
30-Oct-15,196.14
29-Oct-15,194.69
28-Oct-15,195.6
27-Oct-15,191.85
26-Oct-15,192.8
23-Oct-15,194.24
22-Oct-15,196.14
21-Oct-15,196.12
20-Oct-15,197.96
19-Oct-15,197.26
16-Oct-15,199.99
15-Oct-15,199.53
14-Oct-15,200.37
13-Oct-15,200
12-Oct-15,200.27
9-Oct-15,203.24
8-Oct-15,201.85
7-Oct-15,200.14
6-Oct-15,200.68
5-Oct-15,196.91
2-Oct-15,194.63
1-Oct-15,193.03
30-Sep-15,194.29
29-Sep-15,194.1
28-Sep-15,193.33
25-Sep-15,196.24
24-Sep-15,194.1
23-Sep-15,192.9
22-Sep-15,195.35
21-Sep-15,197.38
18-Sep-15,194.71
17-Sep-15,198.75
16-Sep-15,199.51
15-Sep-15,196.54
14-Sep-15,196.33
11-Sep-15,197.25
10-Sep-15,198.54
9-Sep-15,196.32
8-Sep-15,198.92
4-Sep-15,197.22
3-Sep-15,199.03
2-Sep-15,197.3
1-Sep-15,196.52
31-Aug-15,202.63
28-Aug-15,197.62
27-Aug-15,193.15
26-Aug-15,185.77
25-Aug-15,188.16
24-Aug-15,186.71
21-Aug-15,191.85
20-Aug-15,195.17
19-Aug-15,194.26
18-Aug-15,197.29
17-Aug-15,197.05
14-Aug-15,198.49
13-Aug-15,198.35
12-Aug-15,199.42
11-Aug-15,199.83
10-Aug-15,202.98
7-Aug-15,198.84
6-Aug-15,199.06
5-Aug-15,200.3
4-Aug-15,201.39
3-Aug-15,199.82
31-Jul-15,203.1
30-Jul-15,205.25
29-Jul-15,206.02
28-Jul-15,204.92
27-Jul-15,203.21
24-Jul-15,205.57
23-Jul-15,207.51
22-Jul-15,209.83
21-Jul-15,212.55
20-Jul-15,212.39
17-Jul-15,215.09
16-Jul-15,216.11
15-Jul-15,217.18
14-Jul-15,219.95
13-Jul-15,219.08
10-Jul-15,218.81
9-Jul-15,218.15
8-Jul-15,215.81
7-Jul-15,216.09
6-Jul-15,218.43
2-Jul-15,225.13
1-Jul-15,224.64
30-Jun-15,227.75
29-Jun-15,224.16
26-Jun-15,225.46
25-Jun-15,224.92
24-Jun-15,224.62
23-Jun-15,224.93
22-Jun-15,223.8
19-Jun-15,222.7
18-Jun-15,224.69
17-Jun-15,224.09
16-Jun-15,224.35
15-Jun-15,223.12
12-Jun-15,224.1
11-Jun-15,225.88
10-Jun-15,228.77
9-Jun-15,227.01
8-Jun-15,223.6
5-Jun-15,223.1
4-Jun-15,222.23
3-Jun-15,224.15
2-Jun-15,226.4
1-Jun-15,224.05
29-May-15,223.75
28-May-15,221.48
27-May-15,220.75
26-May-15,222.29
22-May-15,226.14
21-May-15,228.82
20-May-15,227.01
19-May-15,226.79
18-May-15,231.27
15-May-15,232.05
14-May-15,232.36
13-May-15,231.73
12-May-15,231.68
11-May-15,228.85
8-May-15,229.74
7-May-15,227.41
6-May-15,230.85
5-May-15,231.43
4-May-15,228.42
1-May-15,228.53
30-Apr-15,230.07
29-Apr-15,227.87
28-Apr-15,225.26
27-Apr-15,224.54
24-Apr-15,224.62
23-Apr-15,224.26
22-Apr-15,221.34
21-Apr-15,221.6
20-Apr-15,223.28
17-Apr-15,224.51
16-Apr-15,226.29
15-Apr-15,224.15
14-Apr-15,219.59
13-Apr-15,217.37
10-Apr-15,217.67
9-Apr-15,216.68
8-Apr-15,216.94
7-Apr-15,222.41
6-Apr-15,220.58
2-Apr-15,216.63
1-Apr-15,216.67
31-Mar-15,212.39
30-Mar-15,214.79
27-Mar-15,215.7
26-Mar-15,220.04
25-Mar-15,217.7
24-Mar-15,216.07
23-Mar-15,216.3
20-Mar-15,214.65
19-Mar-15,211.52
18-Mar-15,212.57
17-Mar-15,209.53
16-Mar-15,210.65
13-Mar-15,211.23
12-Mar-15,215.2
11-Mar-15,216.43
10-Mar-15,216.59
9-Mar-15,219.86
6-Mar-15,220.69
5-Mar-15,222.67
4-Mar-15,223.76
3-Mar-15,222.58
2-Mar-15,222.53
27-Feb-15,224.64
26-Feb-15,221.5
25-Feb-15,224.51
24-Feb-15,222.81
23-Feb-15,222.52
20-Feb-15,225.32
19-Feb-15,226.82
18-Feb-15,227.84
17-Feb-15,229.37
13-Feb-15,229.76
12-Feb-15,226.66
11-Feb-15,222.55
10-Feb-15,224.21
9-Feb-15,228.47
6-Feb-15,225.41
5-Feb-15,223.73
4-Feb-15,221.03
3-Feb-15,227.98
2-Feb-15,220.99
30-Jan-15,219.38
29-Jan-15,213.17
28-Jan-15,215.52
27-Jan-15,218.45
26-Jan-15,216.58
23-Jan-15,217.15
22-Jan-15,218.88
21-Jan-15,221.78
20-Jan-15,219.51
16-Jan-15,224.79
15-Jan-15,220.97
14-Jan-15,223.83
13-Jan-15,220.24
12-Jan-15,221.37
9-Jan-15,226.13
8-Jan-15,226.44
7-Jan-15,225.61
6-Jan-15,225.94
5-Jan-15,227.29
2-Jan-15,228.98
31-Dec-14,230.52
30-Dec-14,234.05
29-Dec-14,233.82
26-Dec-14,235.22
24-Dec-14,235.92
23-Dec-14,239.2
22-Dec-14,237.19
19-Dec-14,240.88
18-Dec-14,238.45
17-Dec-14,240.48
16-Dec-14,239.34
15-Dec-14,241.64
12-Dec-14,244.34
11-Dec-14,246.02
10-Dec-14,247.53
9-Dec-14,251.67
8-Dec-14,248.74
5-Dec-14,252.95
4-Dec-14,253.7
3-Dec-14,253.66
2-Dec-14,253.95
1-Dec-14,259.41
28-Nov-14,254.99
26-Nov-14,267.3
25-Nov-14,267.5
24-Nov-14,267.84
21-Nov-14,269.76
20-Nov-14,268.8
19-Nov-14,267.06
18-Nov-14,266.48
17-Nov-14,268.07
14-Nov-14,267.44
13-Nov-14,265.2
12-Nov-14,269.59
11-Nov-14,270.81
10-Nov-14,268.48
7-Nov-14,271.31
6-Nov-14,269.79
5-Nov-14,268.92
4-Nov-14,268.13
3-Nov-14,271.12
31-Oct-14,272.62
30-Oct-14,273.37
29-Oct-14,275.56
28-Oct-14,272.75
27-Oct-14,271.06
24-Oct-14,270.87
23-Oct-14,273.09
22-Oct-14,271
21-Oct-14,273.66
20-Oct-14,271.78
17-Oct-14,273.29
16-Oct-14,273.35
15-Oct-14,271.96
14-Oct-14,274.56
13-Oct-14,277.39
10-Oct-14,276.26
9-Oct-14,277.07
8-Oct-14,278.06
7-Oct-14,280.65
6-Oct-14,280.92
3-Oct-14,277
2-Oct-14,277.98
1-Oct-14,278.58
30-Sep-14,279.21
29-Sep-14,283.82
26-Sep-14,280.95
25-Sep-14,279.84
24-Sep-14,281.06
23-Sep-14,278.47
22-Sep-14,278.33
19-Sep-14,280.07
18-Sep-14,281.61
17-Sep-14,284.78
16-Sep-14,285.07
15-Sep-14,282.52
12-Sep-14,282.58
11-Sep-14,283.45
10-Sep-14,284.32
9-Sep-14,286.47
8-Sep-14,287.44
5-Sep-14,288.71
4-Sep-14,289.32
3-Sep-14,290.99
2-Sep-14,289.97
29-Aug-14,293.44
28-Aug-14,292.03
27-Aug-14,291.13
26-Aug-14,290.98
25-Aug-14,289.23
22-Aug-14,289.35
21-Aug-14,289.74
20-Aug-14,288.96
19-Aug-14,287.73
18-Aug-14,288.88
15-Aug-14,290.61
14-Aug-14,289.48
13-Aug-14,291.98
12-Aug-14,292.47
11-Aug-14,294.51
8-Aug-14,293.12
7-Aug-14,293.78
6-Aug-14,294.73
5-Aug-14,293.09
4-Aug-14,294.86
1-Aug-14,293.17
31-Jul-14,295.13
30-Jul-14,296.81
29-Jul-14,297.34
28-Jul-14,299.02
25-Jul-14,299.04
24-Jul-14,298.89
23-Jul-14,299.48
22-Jul-14,298.05
21-Jul-14,299.14
18-Jul-14,298.12
17-Jul-14,298.62
16-Jul-14,297.49
15-Jul-14,296.72
14-Jul-14,298.17
11-Jul-14,297.77
10-Jul-14,300.4
9-Jul-14,301.89
8-Jul-14,304.16
7-Jul-14,304.46
3-Jul-14,307.46
2-Jul-14,307.86
1-Jul-14,308.15
30-Jun-14,308.94
27-Jun-14,311.54
26-Jun-14,312.74
25-Jun-14,313.53
24-Jun-14,312.71
23-Jun-14,312.75
20-Jun-14,313.66
19-Jun-14,312.47
18-Jun-14,310.12
17-Jun-14,309.75
16-Jun-14,310.55
13-Jun-14,310.7
12-Jun-14,309.33
11-Jun-14,305.94
10-Jun-14,306.2
9-Jun-14,306.94
6-Jun-14,305.96
5-Jun-14,304.97
4-Jun-14,304.88
3-Jun-14,305.73
2-Jun-14,306.12
30-May-14,306.19
29-May-14,308.05
28-May-14,306.72
27-May-14,307.33
23-May-14,308.97
22-May-14,308.34
21-May-14,308.56
20-May-14,307.62
19-May-14,307.53
16-May-14,306.63
15-May-14,307.78
14-May-14,308.66
13-May-14,307.47
12-May-14,306.21
9-May-14,305.26
8-May-14,306.84
7-May-14,307.7
6-May-14,307.99
5-May-14,307.95
2-May-14,307.84
1-May-14,307.68
30-Apr-14,310.24
29-Apr-14,312.57
28-Apr-14,310.55
25-Apr-14,311.4
24-Apr-14,312.9
23-Apr-14,312.08
22-Apr-14,311.92
21-Apr-14,311.28
17-Apr-14,312.17
16-Apr-14,310.42
15-Apr-14,309.94
14-Apr-14,311.8
11-Apr-14,310.09
10-Apr-14,310.89
9-Apr-14,310.22
8-Apr-14,308.68
7-Apr-14,305.04
4-Apr-14,305.53
3-Apr-14,303.79
2-Apr-14,301.98
1-Apr-14,302.55
31-Mar-14,305.35
28-Mar-14,305.9
27-Mar-14,304.65
26-Mar-14,301.87
25-Mar-14,301.51
24-Mar-14,300.2
21-Mar-14,300.07
20-Mar-14,300.17
19-Mar-14,303.59
18-Mar-14,303.46
17-Mar-14,301.69
14-Mar-14,303.56
13-Mar-14,303.32
12-Mar-14,303.67
11-Mar-14,305.61
10-Mar-14,306.68
7-Mar-14,307.87
6-Mar-14,308.28
5-Mar-14,306.73
4-Mar-14,306.93
3-Mar-14,306.53
28-Feb-14,303.1
27-Feb-14,302.26
26-Feb-14,302.28
25-Feb-14,302.25
24-Feb-14,302.86
21-Feb-14,302.25
20-Feb-14,301.92
19-Feb-14,302.37
18-Feb-14,299.15
14-Feb-14,293.88
13-Feb-14,293.21
12-Feb-14,292.38
11-Feb-14,290.84
10-Feb-14,289.52
7-Feb-14,290.41
6-Feb-14,287.84
5-Feb-14,287.73
4-Feb-14,287.06
3-Feb-14,284.23
31-Jan-14,283.93
30-Jan-14,284.18
29-Jan-14,285
28-Jan-14,282.79
27-Jan-14,280.32
24-Jan-14,283.15
23-Jan-14,281.9
22-Jan-14,281.14
21-Jan-14,279
17-Jan-14,279.01
16-Jan-14,279.02
15-Jan-14,278.44
14-Jan-14,277.37
13-Jan-14,276.69
10-Jan-14,276.01
9-Jan-14,272.88
8-Jan-14,275.44
7-Jan-14,277.42
6-Jan-14,277.7
3-Jan-14,277.12
2-Jan-14,278
31-Dec-13,280.77
30-Dec-13,283.17
27-Dec-13,284.76
26-Dec-13,283.51
24-Dec-13,283.44
23-Dec-13,282.69
20-Dec-13,283.72
19-Dec-13,281.96
18-Dec-13,280.78
17-Dec-13,280.19
16-Dec-13,281.09
13-Dec-13,280.26
12-Dec-13,280.74
11-Dec-13,281.6
10-Dec-13,281.35
9-Dec-13,279.45
6-Dec-13,279.24
5-Dec-13,278.2
4-Dec-13,278.59
3-Dec-13,276.92
2-Dec-13,275.32
29-Nov-13,275.45
27-Nov-13,274.06
26-Nov-13,275.34
25-Nov-13,275.65
22-Nov-13,275.78
21-Nov-13,276.11
20-Nov-13,273.86
19-Nov-13,273.03
18-Nov-13,273.48
15-Nov-13,274.9
14-Nov-13,274.4
13-Nov-13,274.04
12-Nov-13,273.98
11-Nov-13,275.34
8-Nov-13,274.94
7-Nov-13,273.71
6-Nov-13,274.48
5-Nov-13,273.58
4-Nov-13,274.28
1-Nov-13,275.51
31-Oct-13,278.42
30-Oct-13,280.58
29-Oct-13,281.2
28-Oct-13,282.44
25-Oct-13,283.12
24-Oct-13,282.23
23-Oct-13,282.31
22-Oct-13,285.29
21-Oct-13,285.91
18-Oct-13,287.49
17-Oct-13,286.99
16-Oct-13,288.17
15-Oct-13,286.88
14-Oct-13,288.04
11-Oct-13,287.18
10-Oct-13,287.94
9-Oct-13,286.07
8-Oct-13,288.57
7-Oct-13,287.91
4-Oct-13,287.02
3-Oct-13,286.12
2-Oct-13,287.01
1-Oct-13,284.58
30-Sep-13,286.1
27-Sep-13,287.54
26-Sep-13,287.33
25-Sep-13,286.44
24-Sep-13,285.73
23-Sep-13,286.73
20-Sep-13,288
19-Sep-13,291.08
18-Sep-13,290.11
17-Sep-13,287.28
16-Sep-13,290.03
13-Sep-13,291.59
12-Sep-13,292.63
11-Sep-13,291.25
10-Sep-13,290.66
9-Sep-13,292.84
6-Sep-13,293.91
5-Sep-13,291.27
4-Sep-13,291.15
3-Sep-13,293.36
30-Aug-13,291.73
29-Aug-13,294.37
28-Aug-13,296.27
27-Aug-13,295.28
26-Aug-13,293.44
23-Aug-13,291.36
22-Aug-13,288.9
21-Aug-13,288.79
20-Aug-13,290.9
19-Aug-13,293.64
16-Aug-13,293.06
15-Aug-13,293.01
14-Aug-13,290.6
13-Aug-13,288.63
12-Aug-13,288.79
9-Aug-13,285.93
8-Aug-13,284.03
7-Aug-13,282.08
6-Aug-13,281.91
5-Aug-13,283.72
2-Aug-13,284.31
1-Aug-13,285.62
31-Jul-13,284.49
30-Jul-13,282.22
29-Jul-13,284.17
26-Jul-13,285.01
25-Jul-13,287.45
24-Jul-13,288.29
23-Jul-13,291.2
22-Jul-13,291.59
19-Jul-13,291.48
18-Jul-13,291.06
17-Jul-13,288.51
16-Jul-13,289.03
15-Jul-13,287.34
12-Jul-13,287.2
11-Jul-13,287.22
10-Jul-13,286.71
9-Jul-13,284.13
8-Jul-13,283.17
5-Jul-13,281.25
3-Jul-13,282.32
2-Jul-13,280.21
1-Jul-13,278.42
28-Jun-13,276.14
27-Jun-13,277.87
26-Jun-13,277.31
25-Jun-13,278.54
24-Jun-13,278
21-Jun-13,278.6
20-Jun-13,280.09
19-Jun-13,288.49
18-Jun-13,286.97
17-Jun-13,286.79
14-Jun-13,286.71
13-Jun-13,285.83
12-Jun-13,285.75
11-Jun-13,285.53
10-Jun-13,287.03
7-Jun-13,288.21
6-Jun-13,287.55
5-Jun-13,286.5
4-Jun-13,286.47
3-Jun-13,285.43
31-May-13,282.37
30-May-13,284.28
29-May-13,284.79
28-May-13,286.43
24-May-13,285.41
23-May-13,286.56
22-May-13,286.85
21-May-13,288.45
20-May-13,289.31
17-May-13,288.12
16-May-13,286.77
15-May-13,287.05
14-May-13,288.19
13-May-13,289.3
10-May-13,289.2
9-May-13,291.97
8-May-13,291.32
7-May-13,289.51
6-May-13,290.57
3-May-13,290.69
2-May-13,287.2
1-May-13,283.78
30-Apr-13,288.65
29-Apr-13,289.96
26-Apr-13,285.91
25-Apr-13,287.65
24-Apr-13,283.41
23-Apr-13,281.5
22-Apr-13,283.3
19-Apr-13,283.69
18-Apr-13,283.4
17-Apr-13,281.38
16-Apr-13,283.73
15-Apr-13,281.43
12-Apr-13,287.72
11-Apr-13,290.46
10-Apr-13,291.3
9-Apr-13,291.51
8-Apr-13,289.69
5-Apr-13,288.79
4-Apr-13,288.98
3-Apr-13,290.27
2-Apr-13,294.04
1-Apr-13,295.11
28-Mar-13,296.91
27-Mar-13,298.69
26-Mar-13,297.23
25-Mar-13,295.22
22-Mar-13,295.2
21-Mar-13,294.56
20-Mar-13,295.45
19-Mar-13,293.64
18-Mar-13,294.95
15-Mar-13,296.94
14-Mar-13,296.76
13-Mar-13,295.31
12-Mar-13,296.2
11-Mar-13,295.23
8-Mar-13,294.88
7-Mar-13,293.22
6-Mar-13,290.32
5-Mar-13,292.07
4-Mar-13,291.21
1-Mar-13,290.84
28-Feb-13,293.43
27-Feb-13,293.38
26-Feb-13,293.71
25-Feb-13,294.3
22-Feb-13,294
21-Feb-13,293.62
20-Feb-13,297.08
19-Feb-13,298.87
15-Feb-13,298.94
14-Feb-13,300.16
13-Feb-13,301.05
12-Feb-13,301.12
11-Feb-13,301.19
8-Feb-13,301.55
7-Feb-13,301.43
6-Feb-13,303.4
5-Feb-13,304.62
4-Feb-13,303.4
1-Feb-13,305.56
31-Jan-13,304.47
30-Jan-13,305.24
29-Jan-13,302.31
28-Jan-13,300.67
25-Jan-13,299.79
24-Jan-13,300.9
23-Jan-13,301.07
22-Jan-13,301.98
18-Jan-13,301.67
17-Jan-13,300.8
16-Jan-13,298.66
15-Jan-13,298.1
14-Jan-13,298.59
11-Jan-13,297.12
10-Jan-13,296.99
9-Jan-13,294.43
8-Jan-13,295.06
7-Jan-13,295.69
4-Jan-13,294.59
3-Jan-13,296.11
2-Jan-13,297.99
31-Dec-12,295.46
28-Dec-12,295.23
27-Dec-12,296
26-Dec-12,296.18
24-Dec-12,293.5
21-Dec-12,294.58
20-Dec-12,294.94
19-Dec-12,296.06
18-Dec-12,296.04
17-Dec-12,295.99
14-Dec-12,295.34
13-Dec-12,293.14
12-Dec-12,295.63
11-Dec-12,294.28
10-Dec-12,293.66
7-Dec-12,295.13
6-Dec-12,296.35
5-Dec-12,298.38
4-Dec-12,297.67
3-Dec-12,300.7
30-Nov-12,299.42
29-Nov-12,299.78
28-Nov-12,297.14
27-Nov-12,298.2
26-Nov-12,298.18
23-Nov-12,299.5
21-Nov-12,298.02
20-Nov-12,296.93
19-Nov-12,298.78
16-Nov-12,293.98
15-Nov-12,293.26
14-Nov-12,294.34
13-Nov-12,292.57
12-Nov-12,292.57
9-Nov-12,292.63
8-Nov-12,292.28
7-Nov-12,291.9
6-Nov-12,297.59
5-Nov-12,292.72
2-Nov-12,292.7
1-Nov-12,297.3
31-Oct-12,296.25
30-Oct-12,295.64
29-Oct-12,296.17
26-Oct-12,297.25
25-Oct-12,298.14
24-Oct-12,298.1
23-Oct-12,300.28
22-Oct-12,303.92
19-Oct-12,306.47
18-Oct-12,309.16
17-Oct-12,308.22
16-Oct-12,306.6
15-Oct-12,304.95
12-Oct-12,306.95
11-Oct-12,309.27
10-Oct-12,307.42
9-Oct-12,309.53
8-Oct-12,306.57
5-Oct-12,308.02
4-Oct-12,310.86
3-Oct-12,306.98
2-Oct-12,311.89
1-Oct-12,311.67
28-Sep-12,309.7
27-Sep-12,307.72
26-Sep-12,304.13
25-Sep-12,307.1
24-Sep-12,306.32
21-Sep-12,309.37
20-Sep-12,307.32
19-Sep-12,308.8
18-Sep-12,311.95
17-Sep-12,314.86
14-Sep-12,321.32
13-Sep-12,317.85
12-Sep-12,316.1
11-Sep-12,315.29
10-Sep-12,313.63
7-Sep-12,312.05
6-Sep-12,309.26
5-Sep-12,308.65
4-Sep-12,309.19
31-Aug-12,309.96
30-Aug-12,306.88
29-Aug-12,307.49
28-Aug-12,307.27
27-Aug-12,306.25
24-Aug-12,306.41
23-Aug-12,307.6
22-Aug-12,308.38
21-Aug-12,308
20-Aug-12,305.12
17-Aug-12,303.84
16-Aug-12,302.74
15-Aug-12,302.06
14-Aug-12,300.66
13-Aug-12,299.34
10-Aug-12,302.16
9-Aug-12,305.16
8-Aug-12,304.66
7-Aug-12,304.21
6-Aug-12,302.09
3-Aug-12,301.03
2-Aug-12,294.83
1-Aug-12,299.56
31-Jul-12,299.84
30-Jul-12,302.84
27-Jul-12,299.93
26-Jul-12,297.8
25-Jul-12,297.57
24-Jul-12,296.7
23-Jul-12,299.21
20-Jul-12,304.9
19-Jul-12,305.3
18-Jul-12,299.41
17-Jul-12,295.96
16-Jul-12,296.3
13-Jul-12,294.27
12-Jul-12,290.58
11-Jul-12,291.09
10-Jul-12,288.95
9-Jul-12,293.01
6-Jul-12,287.22
5-Jul-12,293.57
3-Jul-12,292.95
2-Jul-12,284.5
29-Jun-12,284.48
28-Jun-12,272.09
27-Jun-12,275.48
26-Jun-12,273.03
25-Jun-12,271.18
22-Jun-12,268.24
21-Jun-12,267.43
20-Jun-12,273.19
19-Jun-12,277.49
18-Jun-12,273.89
15-Jun-12,272.5
14-Jun-12,272.33
13-Jun-12,269.55
12-Jun-12,271.12
11-Jun-12,271.02
8-Jun-12,273.15
7-Jun-12,274.28
6-Jun-12,274.04
5-Jun-12,270.64
4-Jun-12,270.26
1-Jun-12,268.57
31-May-12,273.23
30-May-12,275.31
29-May-12,280.01
25-May-12,282.21
24-May-12,282.19
23-May-12,281.7
22-May-12,286.77
21-May-12,290.07
18-May-12,290.7
17-May-12,289.81
16-May-12,289.62
15-May-12,289.41
14-May-12,288.71
11-May-12,292.07
10-May-12,294.86
9-May-12,295.1
8-May-12,295.4
7-May-12,297.73
4-May-12,297.42
3-May-12,301.73
2-May-12,304.35
1-May-12,308.22
30-Apr-12,306.22
27-Apr-12,305.78
26-Apr-12,303.54
25-Apr-12,302.35
24-Apr-12,301.55
23-Apr-12,300.66
20-Apr-12,301.45
19-Apr-12,299.55
18-Apr-12,299.41
17-Apr-12,302.3
16-Apr-12,301.02
13-Apr-12,303.11
12-Apr-12,305.86
11-Apr-12,302.35
10-Apr-12,300.7
9-Apr-12,305.08
5-Apr-12,306.74
4-Apr-12,305.21
3-Apr-12,311
2-Apr-12,312.5
30-Mar-12,308.71
29-Mar-12,306.19
28-Mar-12,311.72
27-Mar-12,315.69
26-Mar-12,315.26
23-Mar-12,314.72
22-Mar-12,312.52
21-Mar-12,316.23
20-Mar-12,315.78
19-Mar-12,319.67
16-Mar-12,318.18
15-Mar-12,316.15
14-Mar-12,315.41
13-Mar-12,318.31
12-Mar-12,316.23
9-Mar-12,317.85
8-Mar-12,316.28
7-Mar-12,314.48
6-Mar-12,314.69
5-Mar-12,319.69
2-Mar-12,321.41
1-Mar-12,324.56
29-Feb-12,322.67
28-Feb-12,323.36
27-Feb-12,325.32
24-Feb-12,326.15
23-Feb-12,323.63
22-Feb-12,323.09
21-Feb-12,322.68
17-Feb-12,317.61
16-Feb-12,316.63
15-Feb-12,315.17
14-Feb-12,314.17
13-Feb-12,314.28
10-Feb-12,312.35
9-Feb-12,315.71
8-Feb-12,314.99
7-Feb-12,315.21
6-Feb-12,314.42
3-Feb-12,314.43
2-Feb-12,311.11
1-Feb-12,311.74
31-Jan-12,312.52
30-Jan-12,314.12
27-Jan-12,318.02
26-Jan-12,317.63
25-Jan-12,316.58
24-Jan-12,314.9
23-Jan-12,313.79
20-Jan-12,310.12
19-Jan-12,312.17
18-Jan-12,310.72
17-Jan-12,311.03
13-Jan-12,307.9
12-Jan-12,310.07
11-Jan-12,313.81
10-Jan-12,315.64
9-Jan-12,311.73
6-Jan-12,309.68
5-Jan-12,308.74
4-Jan-12,314
3-Jan-12,313.58
30-Dec-11,305.49
29-Dec-11,304.75
28-Dec-11,305.69
27-Dec-11,308.47
23-Dec-11,306.28
22-Dec-11,305.87
21-Dec-11,304.09
20-Dec-11,301.86
19-Dec-11,296.01
16-Dec-11,295.19
15-Dec-11,294.64
14-Dec-11,295.48
13-Dec-11,305.97
12-Dec-11,303.05
9-Dec-11,306.63
8-Dec-11,308.14
7-Dec-11,310.27
6-Dec-11,313.73
5-Dec-11,313.2
2-Dec-11,313.75
1-Dec-11,313.51
30-Nov-11,314.02
29-Nov-11,310.65
28-Nov-11,308.16
25-Nov-11,305.65
23-Nov-11,306.92
22-Nov-11,311.13
21-Nov-11,309.01
18-Nov-11,312.41
17-Nov-11,314.71
16-Nov-11,322.71
15-Nov-11,321.07
14-Nov-11,318.12
11-Nov-11,320.4
10-Nov-11,319.12
9-Nov-11,318.66
8-Nov-11,322.82
7-Nov-11,321.43
4-Nov-11,320.64
3-Nov-11,320.21
2-Nov-11,316.26
1-Nov-11,315.43
31-Oct-11,320.04
28-Oct-11,323.28
27-Oct-11,324.47
26-Oct-11,316.34
25-Oct-11,320.18
24-Oct-11,318.77
21-Oct-11,311.28
20-Oct-11,307.87
19-Oct-11,310.99
18-Oct-11,315.11
17-Oct-11,314.75
14-Oct-11,317.37
13-Oct-11,311.16
12-Oct-11,311.34
11-Oct-11,310.7
10-Oct-11,308.85
7-Oct-11,303.7
6-Oct-11,304.94
5-Oct-11,298.96
4-Oct-11,293.46
3-Oct-11,296.56
30-Sep-11,298.33
29-Sep-11,306.14
28-Sep-11,303.77
27-Sep-11,311.63
26-Sep-11,303.34
23-Sep-11,302.06
22-Sep-11,307.43
21-Sep-11,321.62
20-Sep-11,325.04
19-Sep-11,323.78
16-Sep-11,329.75
15-Sep-11,332.8
14-Sep-11,334.32
13-Sep-11,335.95
12-Sep-11,334.27
9-Sep-11,334.44
8-Sep-11,340.11
7-Sep-11,340.02
6-Sep-11,335.42
2-Sep-11,338.26
1-Sep-11,340.85
31-Aug-11,342.77
30-Aug-11,341.16
29-Aug-11,337.32
26-Aug-11,335.45
25-Aug-11,332.27
24-Aug-11,331.79
23-Aug-11,334.63
22-Aug-11,331.97
19-Aug-11,329.66
18-Aug-11,326.61
17-Aug-11,334.39
16-Aug-11,330.38
15-Aug-11,330.72
12-Aug-11,326.72
11-Aug-11,326.53
10-Aug-11,320.62
9-Aug-11,316.3
8-Aug-11,317.93
5-Aug-11,326.99
4-Aug-11,328.16
3-Aug-11,337.5
2-Aug-11,342.01
1-Aug-11,341.6
29-Jul-11,342.27
28-Jul-11,344.84
27-Jul-11,346.92
26-Jul-11,348.94
25-Jul-11,346.07
22-Jul-11,348.12
21-Jul-11,345.46
20-Jul-11,346.47
19-Jul-11,346.72
18-Jul-11,344
15-Jul-11,346.48
14-Jul-11,344.92
13-Jul-11,349.36
12-Jul-11,344.44
11-Jul-11,340.81
8-Jul-11,343.73
7-Jul-11,346.49
6-Jul-11,340.38
5-Jul-11,341.82
1-Jul-11,336.89
30-Jun-11,338.22
29-Jun-11,338.98
28-Jun-11,334.64
27-Jun-11,328.92
24-Jun-11,330.07
23-Jun-11,330.38
22-Jun-11,338.08
21-Jun-11,338.31
20-Jun-11,336.16
17-Jun-11,335.65
16-Jun-11,337.06
15-Jun-11,339.14
14-Jun-11,347.18
13-Jun-11,344.73
10-Jun-11,348.21
9-Jun-11,351.02
8-Jun-11,348.51
7-Jun-11,346.54
6-Jun-11,345.57
3-Jun-11,348.78
2-Jun-11,348.08
1-Jun-11,346.09
31-May-11,350.23
27-May-11,346.44
26-May-11,343.5
25-May-11,344.6
24-May-11,339.26
23-May-11,337.04
20-May-11,341.72
19-May-11,339.47
18-May-11,344.37
17-May-11,336.64
16-May-11,336.94
13-May-11,338.69
12-May-11,338.72
11-May-11,338.26
10-May-11,348.73
9-May-11,344.26
6-May-11,337.51
5-May-11,341.23
4-May-11,358.8
3-May-11,365.22
2-May-11,368.34
29-Apr-11,370.73
28-Apr-11,366.47
27-Apr-11,365.98
26-Apr-11,366.36
25-Apr-11,366.72
21-Apr-11,367.6
20-Apr-11,365.69
19-Apr-11,360.98
18-Apr-11,359.58
15-Apr-11,362.93
14-Apr-11,360.81
13-Apr-11,359.71
12-Apr-11,359.2
11-Apr-11,366.16
8-Apr-11,368.86
7-Apr-11,364.63
6-Apr-11,363.61
5-Apr-11,363.26
4-Apr-11,362.33
1-Apr-11,361.03
31-Mar-11,359.58
30-Mar-11,353.9
29-Mar-11,354.15
28-Mar-11,355
25-Mar-11,359.71
24-Mar-11,358.62
23-Mar-11,357.17
22-Mar-11,356.59
21-Mar-11,353.37
18-Mar-11,351.28
17-Mar-11,348.8
16-Mar-11,338.29
15-Mar-11,338.26
14-Mar-11,350.73
11-Mar-11,352
10-Mar-11,354.58
9-Mar-11,360.35
8-Mar-11,361.21
7-Mar-11,363.01
4-Mar-11,363
3-Mar-11,360.68
2-Mar-11,359.23
1-Mar-11,355.29
28-Feb-11,352.69
25-Feb-11,351.39
24-Feb-11,345.95
23-Feb-11,347.91
22-Feb-11,344.46
18-Feb-11,341.88
17-Feb-11,341.37
16-Feb-11,338.3
15-Feb-11,336.38
14-Feb-11,338.76
11-Feb-11,337.87
10-Feb-11,340.03
9-Feb-11,339.51
8-Feb-11,337.33
7-Feb-11,337.54
4-Feb-11,338.99
3-Feb-11,341.07
2-Feb-11,343.87
1-Feb-11,342.24
31-Jan-11,341.49
28-Jan-11,335.51
27-Jan-11,331.45
26-Jan-11,332.89
25-Jan-11,327.62
24-Jan-11,332.76
21-Jan-11,334.05
20-Jan-11,331.96
19-Jan-11,333.49
18-Jan-11,333.83
14-Jan-11,333.1
13-Jan-11,333.04
12-Jan-11,334.93
11-Jan-11,331.5
10-Jan-11,326.89
7-Jan-11,323.98
6-Jan-11,325.1
5-Jan-11,329.23
4-Jan-11,327.76
3-Jan-11,333.05
31-Dec-10,332.83
30-Dec-10,327.13
29-Dec-10,330.73
28-Dec-10,331.45
27-Dec-10,329.12
23-Dec-10,329.39
22-Dec-10,328.12
21-Dec-10,326.81
20-Dec-10,324.27
17-Dec-10,320.62
16-Dec-10,317.34
15-Dec-10,318.84
14-Dec-10,319.51
13-Dec-10,319.87
10-Dec-10,314.91
9-Dec-10,316.08
8-Dec-10,316.86
7-Dec-10,315.61
6-Dec-10,317.28
3-Dec-10,316.14
2-Dec-10,312.08
1-Dec-10,308.89
30-Nov-10,301.39
29-Nov-10,302.87
26-Nov-10,301.11
24-Nov-10,302.31
23-Nov-10,297.66
22-Nov-10,297.99
19-Nov-10,298.85
18-Nov-10,302.48
17-Nov-10,295.39
16-Nov-10,296.19
15-Nov-10,305.98
12-Nov-10,303.56
11-Nov-10,314.81
10-Nov-10,317.06
9-Nov-10,319.06
8-Nov-10,315.21
5-Nov-10,313.51
4-Nov-10,312.25
3-Nov-10,305.02
2-Nov-10,304.93
1-Nov-10,301.48
29-Oct-10,300.62
28-Oct-10,299.84
27-Oct-10,299.08
26-Oct-10,301.23
25-Oct-10,300.25
22-Oct-10,297.17
21-Oct-10,295.49
20-Oct-10,298.94
19-Oct-10,292.92
18-Oct-10,298.67
15-Oct-10,296
14-Oct-10,299.86
13-Oct-10,299.67
12-Oct-10,297.76
11-Oct-10,296.3
8-Oct-10,295.04
7-Oct-10,287.23
6-Oct-10,289.07
5-Oct-10,288.35
4-Oct-10,283.91
1-Oct-10,285.61
30-Sep-10,286.78
29-Sep-10,285.85
28-Sep-10,284.27
27-Sep-10,284.06
24-Sep-10,283.54
23-Sep-10,280.05
22-Sep-10,278.8
21-Sep-10,278.27
20-Sep-10,279.55
17-Sep-10,279.55
16-Sep-10,278.6
15-Sep-10,278.95
14-Sep-10,280.03
13-Sep-10,277.46
10-Sep-10,275.04
9-Sep-10,273.11
8-Sep-10,274.16
7-Sep-10,273.71
3-Sep-10,272.66
2-Sep-10,271.04
1-Sep-10,268.41
31-Aug-10,264.08
30-Aug-10,267.65
27-Aug-10,267.15
26-Aug-10,263.93
25-Aug-10,261.69
24-Aug-10,262.35
23-Aug-10,265.91
20-Aug-10,266.89
19-Aug-10,268.13
18-Aug-10,269.78
17-Aug-10,270.07
16-Aug-10,267.98
13-Aug-10,268.66
12-Aug-10,268.78
11-Aug-10,268.7
10-Aug-10,272.15
9-Aug-10,274.45
6-Aug-10,274.57
5-Aug-10,277.52
4-Aug-10,278.83
3-Aug-10,276.48
2-Aug-10,276.7
30-Jul-10,274.2
29-Jul-10,270.05
28-Jul-10,266.01
27-Jul-10,264.31
26-Jul-10,266.51
23-Jul-10,266.47
22-Jul-10,266.7
21-Jul-10,261.38
20-Jul-10,261.37
19-Jul-10,261.05
16-Jul-10,262.06
15-Jul-10,264.05
14-Jul-10,262.04
13-Jul-10,261.75
12-Jul-10,258.24
9-Jul-10,260.46
8-Jul-10,259.35
7-Jul-10,258.07
6-Jul-10,253.63
2-Jul-10,254.31
1-Jul-10,256.04
30-Jun-10,258.34
29-Jun-10,256.1
28-Jun-10,263.35
25-Jun-10,265.43
24-Jun-10,261.44
23-Jun-10,259.53
22-Jun-10,262.5
21-Jun-10,263.51
18-Jun-10,262.74
17-Jun-10,263.11
16-Jun-10,263.97
15-Jun-10,263.31
14-Jun-10,259.79
11-Jun-10,255.73
10-Jun-10,254.89
9-Jun-10,252.87
8-Jun-10,249.9
7-Jun-10,248.79
4-Jun-10,248.75
3-Jun-10,254.7
2-Jun-10,252.74
1-Jun-10,252.22
28-May-10,254.6
27-May-10,257.52
26-May-10,252.63
25-May-10,248.59
24-May-10,251.76
21-May-10,251.22
20-May-10,249.87
19-May-10,252.43
18-May-10,254.72
17-May-10,252.99
14-May-10,258.33
13-May-10,265.55
12-May-10,266.59
11-May-10,264.72
10-May-10,265.21
7-May-10,261.09
6-May-10,262.52
5-May-10,267.71
4-May-10,271.36
3-May-10,277.85
30-Apr-10,277.46
29-Apr-10,275.04
28-Apr-10,274.25
27-Apr-10,272.93
26-Apr-10,278.12
23-Apr-10,278.79
22-Apr-10,276.86
21-Apr-10,276.49
20-Apr-10,275.51
19-Apr-10,272.96
16-Apr-10,276.02
15-Apr-10,279.48
14-Apr-10,279.69
13-Apr-10,277.08
12-Apr-10,275.92
9-Apr-10,275.85
8-Apr-10,274.98
7-Apr-10,277.31
6-Apr-10,278.23
5-Apr-10,279.22
1-Apr-10,276.14
31-Mar-10,273.06
30-Mar-10,273.44
29-Mar-10,272.28
26-Mar-10,267.04
25-Mar-10,267.58
24-Mar-10,269.19
23-Mar-10,271.41
22-Mar-10,271.99
19-Mar-10,272.33
18-Mar-10,275.38
17-Mar-10,275.99
16-Mar-10,273.24
15-Mar-10,270.49
12-Mar-10,273
11-Mar-10,273.08
10-Mar-10,274.31
9-Mar-10,274.47
8-Mar-10,276.39
5-Mar-10,276.62
4-Mar-10,274.49
3-Mar-10,277.39
2-Mar-10,274.81
1-Mar-10,272.4
26-Feb-10,274.45
25-Feb-10,270.55
24-Feb-10,274.38
23-Feb-10,272.04
22-Feb-10,276.45
19-Feb-10,277.47
17-Feb-10,273.51
16-Feb-10,274.44
12-Feb-10,267.6
11-Feb-10,269.39
10-Feb-10,265.91
9-Feb-10,264.8
8-Feb-10,261.2
5-Feb-10,258.23
4-Feb-10,263.35
3-Feb-10,270.25
2-Feb-10,272.85
1-Feb-10,267.65
29-Jan-10,265.25
28-Jan-10,267.25
27-Jan-10,268.43
26-Jan-10,273.53
25-Jan-10,276.4
22-Jan-10,275.21
21-Jan-10,277.16
20-Jan-10,279.13
19-Jan-10,282.89
15-Jan-10,281.05
14-Jan-10,284.07
13-Jan-10,284.78
12-Jan-10,284.16
11-Jan-10,289.02
8-Jan-10,290.39
7-Jan-10,290.16
6-Jan-10,293.4
5-Jan-10,289.02
4-Jan-10,288.97
