Date,Gold
1-Jan-20,1516.89
31-Dec-19,1517.01
30-Dec-19,1515.12
27-Dec-19,1510.42
26-Dec-19,1511.3
25-Dec-19,1498.6
24-Dec-19,1498.81
23-Dec-19,1485.27
20-Dec-19,1477.95
19-Dec-19,1479.05
18-Dec-19,1475.19
17-Dec-19,1476.2
16-Dec-19,1476
13-Dec-19,1475.56
12-Dec-19,1469.33
11-Dec-19,1474.75
10-Dec-19,1463.96
9-Dec-19,1461.89
6-Dec-19,1459.51
5-Dec-19,1475.6
4-Dec-19,1474.1
3-Dec-19,1477.24
2-Dec-19,1462.34
29-Nov-19,1463.9
28-Nov-19,1458.09
27-Nov-19,1454.25
26-Nov-19,1461.2
25-Nov-19,1454.87
22-Nov-19,1462.04
21-Nov-19,1464.15
20-Nov-19,1471.15
19-Nov-19,1472.28
18-Nov-19,1470.75
15-Nov-19,1467.12
14-Nov-19,1470.95
13-Nov-19,1462.94
12-Nov-19,1456.94
11-Nov-19,1455.65
8-Nov-19,1458.41
7-Nov-19,1467.82
6-Nov-19,1490.36
5-Nov-19,1484
4-Nov-19,1509.24
1-Nov-19,1513.55
31-Oct-19,1513.16
30-Oct-19,1495.2
29-Oct-19,1487.4
28-Oct-19,1492.44
25-Oct-19,1504.33
24-Oct-19,1503.25
23-Oct-19,1491.85
22-Oct-19,1487.65
21-Oct-19,1484.25
18-Oct-19,1489.7
17-Oct-19,1491.64
16-Oct-19,1489.37
15-Oct-19,1480.92
14-Oct-19,1492.8
11-Oct-19,1489.45
10-Oct-19,1494
9-Oct-19,1505.3
8-Oct-19,1505.26
7-Oct-19,1493.35
4-Oct-19,1504.35
3-Oct-19,1504.75
2-Oct-19,1499.26
1-Oct-19,1478.58
30-Sep-19,1472
27-Sep-19,1496.56
26-Sep-19,1505.6
25-Sep-19,1503.75
24-Sep-19,1531.8
23-Sep-19,1521.86
20-Sep-19,1516.75
19-Sep-19,1499
18-Sep-19,1493.65
17-Sep-19,1502.2
16-Sep-19,1497.9
13-Sep-19,1488.45
12-Sep-19,1498.7
11-Sep-19,1497.3
10-Sep-19,1485.5
9-Sep-19,1498.65
6-Sep-19,1506.7
5-Sep-19,1519.1
4-Sep-19,1552.35
3-Sep-19,1546.7
2-Sep-19,1530.34
30-Aug-19,1519.85
29-Aug-19,1527.4
28-Aug-19,1538.8
27-Aug-19,1542.4
26-Aug-19,1526
23-Aug-19,1526.1
22-Aug-19,1498.6
21-Aug-19,1502
20-Aug-19,1506.85
19-Aug-19,1495
16-Aug-19,1513.75
15-Aug-19,1522.95
14-Aug-19,1516.08
13-Aug-19,1501.14
12-Aug-19,1511.16
9-Aug-19,1496.84
8-Aug-19,1500
7-Aug-19,1500.8
6-Aug-19,1473.87
5-Aug-19,1463.6
2-Aug-19,1440.45
1-Aug-19,1445.06
31-Jul-19,1413.55
30-Jul-19,1430.6
29-Jul-19,1426.69
26-Jul-19,1418.31
25-Jul-19,1414.13
24-Jul-19,1425.8
23-Jul-19,1416.99
22-Jul-19,1424.72
19-Jul-19,1424.91
18-Jul-19,1446
17-Jul-19,1426.6
16-Jul-19,1405.93
15-Jul-19,1413.68
12-Jul-19,1415.49
11-Jul-19,1403.6
10-Jul-19,1418.8
9-Jul-19,1397.8
8-Jul-19,1395.2
5-Jul-19,1399.55
4-Jul-19,1415.19
3-Jul-19,1418.54
2-Jul-19,1418.19
1-Jul-19,1384.06
28-Jun-19,1409.1
27-Jun-19,1409.28
26-Jun-19,1408.35
25-Jun-19,1422.85
24-Jun-19,1419.15
21-Jun-19,1398.65
20-Jun-19,1387.78
19-Jun-19,1359.87
18-Jun-19,1346.08
17-Jun-19,1339.29
14-Jun-19,1341.33
13-Jun-19,1341.95
12-Jun-19,1333.16
11-Jun-19,1326.66
10-Jun-19,1327.73
7-Jun-19,1340.3
6-Jun-19,1334.8
5-Jun-19,1329.78
4-Jun-19,1324.88
3-Jun-19,1324.77
31-May-19,1305.25
30-May-19,1288.5
29-May-19,1279.2
28-May-19,1279.06
27-May-19,1284.8
24-May-19,1284.65
23-May-19,1283.05
22-May-19,1273.36
21-May-19,1274.72
20-May-19,1277.49
17-May-19,1277.15
16-May-19,1286.4
15-May-19,1296.42
14-May-19,1296.78
13-May-19,1299.66
10-May-19,1285.6
9-May-19,1283.74
8-May-19,1280.53
7-May-19,1284.3
6-May-19,1280.07
3-May-19,1278.94
2-May-19,1270.29
1-May-19,1276.35
30-Apr-19,1283.35
29-Apr-19,1279.55
26-Apr-19,1285.85
25-Apr-19,1276.95
24-Apr-19,1274.96
23-Apr-19,1272.15
22-Apr-19,1274.68
18-Apr-19,1275.01
17-Apr-19,1273.74
16-Apr-19,1276.17
15-Apr-19,1287.64
12-Apr-19,1290
11-Apr-19,1292.34
10-Apr-19,1307.8
9-Apr-19,1303.89
8-Apr-19,1297.17
5-Apr-19,1291.3
4-Apr-19,1292.13
3-Apr-19,1289.66
2-Apr-19,1292.75
1-Apr-19,1287.42
29-Mar-19,1291.9
28-Mar-19,1290.15
27-Mar-19,1309.46
26-Mar-19,1315.42
25-Mar-19,1321.8
22-Mar-19,1313.13
21-Mar-19,1309.45
20-Mar-19,1312.48
19-Mar-19,1306.55
18-Mar-19,1303.7
15-Mar-19,1301.38
14-Mar-19,1296.28
13-Mar-19,1309.28
12-Mar-19,1302.01
11-Mar-19,1294.25
8-Mar-19,1298.4
7-Mar-19,1285.74
6-Mar-19,1286.76
5-Mar-19,1287.43
4-Mar-19,1286.67
1-Mar-19,1293.56
28-Feb-19,1313.05
27-Feb-19,1319.88
26-Feb-19,1328.96
25-Feb-19,1327.13
22-Feb-19,1327.8
21-Feb-19,1323.49
20-Feb-19,1338.49
19-Feb-19,1341.17
18-Feb-19,1326.9
15-Feb-19,1321.41
14-Feb-19,1312.55
13-Feb-19,1306.19
12-Feb-19,1310.9
11-Feb-19,1308.32
8-Feb-19,1314.06
7-Feb-19,1310.09
6-Feb-19,1306.22
5-Feb-19,1315.02
4-Feb-19,1311.75
1-Feb-19,1318
31-Jan-19,1320.94
30-Jan-19,1319.91
29-Jan-19,1311.93
28-Jan-19,1303.53
25-Jan-19,1303.22
24-Jan-19,1280.94
23-Jan-19,1282.4
22-Jan-19,1285.04
21-Jan-19,1280.28
18-Jan-19,1281.49
17-Jan-19,1291.9
16-Jan-19,1293.52
15-Jan-19,1289.31
14-Jan-19,1291.73
11-Jan-19,1288
10-Jan-19,1286.38
9-Jan-19,1293.13
8-Jan-19,1285.35
7-Jan-19,1288.67
4-Jan-19,1284.92
3-Jan-19,1293.99
2-Jan-19,1284.77
1-Jan-19,1282.61
31-Dec-18,1282.82
28-Dec-18,1280.75
27-Dec-18,1275.22
26-Dec-18,1266.98
24-Dec-18,1269.13
21-Dec-18,1256.01
20-Dec-18,1260.15
19-Dec-18,1243.4
18-Dec-18,1249.38
17-Dec-18,1245.91
14-Dec-18,1238.21
13-Dec-18,1242.46
12-Dec-18,1245.8
11-Dec-18,1242.94
10-Dec-18,1244.58
7-Dec-18,1248.09
6-Dec-18,1237.99
5-Dec-18,1237.56
4-Dec-18,1238.55
3-Dec-18,1231.07
30-Nov-18,1221.96
29-Nov-18,1223.99
28-Nov-18,1221.11
27-Nov-18,1214.69
26-Nov-18,1222.37
23-Nov-18,1223.19
22-Nov-18,1227.45
21-Nov-18,1226.02
20-Nov-18,1221.55
19-Nov-18,1224.05
16-Nov-18,1221.47
15-Nov-18,1213
14-Nov-18,1210.91
13-Nov-18,1202.34
12-Nov-18,1200.65
9-Nov-18,1209.59
8-Nov-18,1223.54
7-Nov-18,1226.1
6-Nov-18,1226.8
5-Nov-18,1231.3
2-Nov-18,1232.89
1-Nov-18,1233.23
31-Oct-18,1214.54
30-Oct-18,1223.44
29-Oct-18,1229.74
26-Oct-18,1233.58
25-Oct-18,1232.23
24-Oct-18,1234.22
23-Oct-18,1230.48
22-Oct-18,1222.17
19-Oct-18,1226.31
18-Oct-18,1225.75
17-Oct-18,1222.68
16-Oct-18,1224.43
15-Oct-18,1226.94
12-Oct-18,1217.93
11-Oct-18,1224.33
10-Oct-18,1194.78
9-Oct-18,1189.62
8-Oct-18,1188.01
5-Oct-18,1202.85
4-Oct-18,1199.66
3-Oct-18,1197.37
2-Oct-18,1203.1
1-Oct-18,1188.46
28-Sep-18,1192.09
27-Sep-18,1182.8
26-Sep-18,1194.46
25-Sep-18,1201.31
24-Sep-18,1198.85
21-Sep-18,1199.55
20-Sep-18,1207.58
19-Sep-18,1203.98
18-Sep-18,1198.35
17-Sep-18,1200.93
14-Sep-18,1193.71
13-Sep-18,1201.44
12-Sep-18,1206.19
11-Sep-18,1198.29
10-Sep-18,1195.88
7-Sep-18,1195.85
6-Sep-18,1200.15
5-Sep-18,1196.75
4-Sep-18,1191.35
3-Sep-18,1201.15
31-Aug-18,1201.09
30-Aug-18,1199.88
29-Aug-18,1206.66
28-Aug-18,1201.26
27-Aug-18,1211.34
24-Aug-18,1205.96
23-Aug-18,1185.31
22-Aug-18,1195.51
21-Aug-18,1196.13
20-Aug-18,1190.53
17-Aug-18,1184.77
16-Aug-18,1174.16
15-Aug-18,1174.88
14-Aug-18,1194.03
13-Aug-18,1193.64
10-Aug-18,1211.3
9-Aug-18,1212.34
8-Aug-18,1213.6
7-Aug-18,1211.02
6-Aug-18,1206.94
3-Aug-18,1213.43
2-Aug-18,1207.96
1-Aug-18,1216.06
31-Jul-18,1223.83
30-Jul-18,1221.8
27-Jul-18,1223.38
26-Jul-18,1222.68
25-Jul-18,1231.61
24-Jul-18,1224.55
23-Jul-18,1224.54
20-Jul-18,1231.77
19-Jul-18,1222.8
18-Jul-18,1227.18
17-Jul-18,1227.52
16-Jul-18,1240.82
13-Jul-18,1241.52
12-Jul-18,1247.15
11-Jul-18,1242.16
10-Jul-18,1255.65
9-Jul-18,1257.77
6-Jul-18,1254.98
5-Jul-18,1257.76
4-Jul-18,1256.95
3-Jul-18,1252.93
2-Jul-18,1241.97
29-Jun-18,1253
28-Jun-18,1248.28
27-Jun-18,1252.02
26-Jun-18,1258.98
25-Jun-18,1266
22-Jun-18,1269.28
21-Jun-18,1267.2
20-Jun-18,1268.1
19-Jun-18,1274.77
18-Jun-18,1278.31
15-Jun-18,1279.84
14-Jun-18,1302.22
13-Jun-18,1299.71
12-Jun-18,1295.97
11-Jun-18,1300.15
8-Jun-18,1298.75
7-Jun-18,1297.13
6-Jun-18,1297
5-Jun-18,1296.14
4-Jun-18,1291.98
1-Jun-18,1293.15
31-May-18,1298.32
30-May-18,1301.48
29-May-18,1298.85
28-May-18,1298.1
25-May-18,1301.61
24-May-18,1304.88
23-May-18,1293.75
22-May-18,1291.32
21-May-18,1292.68
18-May-18,1292.5
17-May-18,1291
16-May-18,1291.03
15-May-18,1290.65
14-May-18,1312.82
11-May-18,1318.22
10-May-18,1321.4
9-May-18,1312.78
8-May-18,1314.47
7-May-18,1314.3
4-May-18,1315.05
3-May-18,1312.09
2-May-18,1304.84
1-May-18,1303.97
30-Apr-18,1315.35
27-Apr-18,1322.8
26-Apr-18,1317.28
25-Apr-18,1323.33
24-Apr-18,1330.68
23-Apr-18,1325
20-Apr-18,1335.13
19-Apr-18,1345.6
18-Apr-18,1349.32
17-Apr-18,1347.29
16-Apr-18,1345.92
13-Apr-18,1345.46
12-Apr-18,1335.48
11-Apr-18,1353.29
10-Apr-18,1340.05
9-Apr-18,1336.24
6-Apr-18,1333.19
5-Apr-18,1326.55
4-Apr-18,1333.34
3-Apr-18,1332.82
2-Apr-18,1341.35
29-Mar-18,1325
28-Mar-18,1324.99
27-Mar-18,1344.71
26-Mar-18,1353.46
23-Mar-18,1347.22
22-Mar-18,1328.95
21-Mar-18,1332.18
20-Mar-18,1311.21
19-Mar-18,1316.94
16-Mar-18,1314
15-Mar-18,1316.26
14-Mar-18,1325
13-Mar-18,1326.4
12-Mar-18,1323.05
9-Mar-18,1323.7
8-Mar-18,1322.34
7-Mar-18,1325.54
6-Mar-18,1334.46
5-Mar-18,1320.02
2-Mar-18,1322.2
1-Mar-18,1316.55
28-Feb-18,1318.05
27-Feb-18,1318.2
26-Feb-18,1333.16
23-Feb-18,1328.94
22-Feb-18,1331.51
21-Feb-18,1324.26
20-Feb-18,1329.49
19-Feb-18,1346.69
16-Feb-18,1347.86
15-Feb-18,1353.3
14-Feb-18,1350.76
13-Feb-18,1329.55
12-Feb-18,1322.88
9-Feb-18,1316.69
8-Feb-18,1318.97
7-Feb-18,1318.49
6-Feb-18,1325.02
5-Feb-18,1339.6
2-Feb-18,1332.98
1-Feb-18,1349.19
31-Jan-18,1345.1
30-Jan-18,1338.55
29-Jan-18,1340.35
26-Jan-18,1350.14
25-Jan-18,1348.05
24-Jan-18,1358.15
23-Jan-18,1341.39
22-Jan-18,1334.11
19-Jan-18,1331.8
18-Jan-18,1327.19
17-Jan-18,1327.73
16-Jan-18,1338.61
15-Jan-18,1340.16
12-Jan-18,1338.4
11-Jan-18,1322.42
10-Jan-18,1317.19
9-Jan-18,1312.66
8-Jan-18,1320.58
5-Jan-18,1320.21
4-Jan-18,1322.97
3-Jan-18,1312.84
2-Jan-18,1318.14
1-Jan-18,1306.86
29-Dec-17,1302.55
28-Dec-17,1294.84
27-Dec-17,1287.41
26-Dec-17,1283.29
25-Dec-17,1275.24
22-Dec-17,1275.01
21-Dec-17,1266.76
20-Dec-17,1265.62
19-Dec-17,1261.72
18-Dec-17,1261.69
15-Dec-17,1255.26
14-Dec-17,1252.85
13-Dec-17,1255.45
12-Dec-17,1243.85
11-Dec-17,1241.96
8-Dec-17,1248.14
7-Dec-17,1246.7
6-Dec-17,1263.94
5-Dec-17,1266.55
4-Dec-17,1276.23
1-Dec-17,1280.26
30-Nov-17,1274.76
29-Nov-17,1283.57
28-Nov-17,1294.01
27-Nov-17,1294.5
24-Nov-17,1288.22
23-Nov-17,1291.25
22-Nov-17,1292.12
21-Nov-17,1280.48
20-Nov-17,1276.7
17-Nov-17,1294.37
16-Nov-17,1278.47
15-Nov-17,1278.8
14-Nov-17,1280.71
13-Nov-17,1277.99
10-Nov-17,1276.14
9-Nov-17,1285.3
8-Nov-17,1281.3
7-Nov-17,1275.53
6-Nov-17,1281.55
3-Nov-17,1269.85
2-Nov-17,1275.99
1-Nov-17,1274.39
31-Oct-17,1271.58
30-Oct-17,1276.24
27-Oct-17,1273.35
26-Oct-17,1267.11
25-Oct-17,1277.41
24-Oct-17,1276.72
23-Oct-17,1282.07
20-Oct-17,1280.72
19-Oct-17,1289.79
18-Oct-17,1281.17
17-Oct-17,1285.19
16-Oct-17,1294.74
13-Oct-17,1304.88
12-Oct-17,1293.6
11-Oct-17,1291.8
10-Oct-17,1287.85
9-Oct-17,1284.1
6-Oct-17,1276.03
5-Oct-17,1268.05
4-Oct-17,1274.69
3-Oct-17,1271.75
2-Oct-17,1271.12
29-Sep-17,1279.45
28-Sep-17,1287.3
27-Sep-17,1281.12
26-Sep-17,1293.89
25-Sep-17,1310.55
22-Sep-17,1297.38
21-Sep-17,1291.39
20-Sep-17,1301.15
19-Sep-17,1311.28
18-Sep-17,1307.57
15-Sep-17,1319.62
14-Sep-17,1329.83
13-Sep-17,1323.25
12-Sep-17,1331.94
11-Sep-17,1327.32
8-Sep-17,1346.71
7-Sep-17,1349.2
6-Sep-17,1334.14
5-Sep-17,1339.33
4-Sep-17,1334.67
1-Sep-17,1324.97
31-Aug-17,1322.07
30-Aug-17,1308.76
29-Aug-17,1309.5
28-Aug-17,1310.49
25-Aug-17,1291.15
24-Aug-17,1286.33
23-Aug-17,1290.62
22-Aug-17,1284.72
21-Aug-17,1291.22
18-Aug-17,1284.5
17-Aug-17,1288.01
16-Aug-17,1283.1
15-Aug-17,1272.13
14-Aug-17,1281.95
11-Aug-17,1289.21
10-Aug-17,1286.9
9-Aug-17,1277.55
8-Aug-17,1260.64
7-Aug-17,1257.69
4-Aug-17,1258.6
3-Aug-17,1268.65
2-Aug-17,1266.7
1-Aug-17,1269.05
31-Jul-17,1269.55
28-Jul-17,1269.25
27-Jul-17,1259
26-Jul-17,1261.1
25-Jul-17,1249.05
24-Jul-17,1255.24
21-Jul-17,1254.9
20-Jul-17,1244.74
19-Jul-17,1240.87
18-Jul-17,1242.46
17-Jul-17,1234.4
14-Jul-17,1228.98
13-Jul-17,1217.45
12-Jul-17,1220
11-Jul-17,1217.69
10-Jul-17,1214.35
7-Jul-17,1212.9
6-Jul-17,1225.15
5-Jul-17,1226.95
4-Jul-17,1223.97
3-Jul-17,1220.46
30-Jun-17,1241.6
29-Jun-17,1245.74
28-Jun-17,1249.32
27-Jun-17,1247.1
26-Jun-17,1244.45
23-Jun-17,1256.9
22-Jun-17,1250.62
21-Jun-17,1246.55
20-Jun-17,1243.19
19-Jun-17,1243.25
16-Jun-17,1253.63
15-Jun-17,1254
14-Jun-17,1261.18
13-Jun-17,1265.85
12-Jun-17,1265.74
9-Jun-17,1266.4
8-Jun-17,1278.9
7-Jun-17,1286.91
6-Jun-17,1294
5-Jun-17,1279.95
2-Jun-17,1279.98
1-Jun-17,1265.64
31-May-17,1268.59
30-May-17,1263.1
29-May-17,1266.97
26-May-17,1267.05
25-May-17,1255.76
24-May-17,1258.55
23-May-17,1251.16
22-May-17,1260.46
19-May-17,1255.55
18-May-17,1247.05
17-May-17,1260.74
16-May-17,1236.8
15-May-17,1230.71
12-May-17,1228.83
11-May-17,1224.85
10-May-17,1219.15
9-May-17,1221.3
8-May-17,1226.3
5-May-17,1227.74
4-May-17,1227.75
3-May-17,1238.38
2-May-17,1256.9
1-May-17,1256.8
28-Apr-17,1268.15
27-Apr-17,1264.6
26-Apr-17,1269.05
25-Apr-17,1263.76
24-Apr-17,1275.3
21-Apr-17,1284.5
20-Apr-17,1281.85
19-Apr-17,1279.66
18-Apr-17,1289.64
17-Apr-17,1284.8
14-Apr-17,1285.69
13-Apr-17,1287.74
12-Apr-17,1286.6
11-Apr-17,1274.44
10-Apr-17,1254.73
7-Apr-17,1254.05
6-Apr-17,1251.8
5-Apr-17,1255.3
4-Apr-17,1256.22
3-Apr-17,1253.35
31-Mar-17,1249.13
30-Mar-17,1243.3
29-Mar-17,1252.45
28-Mar-17,1251.63
27-Mar-17,1254.3
24-Mar-17,1244.17
23-Mar-17,1245.3
22-Mar-17,1249.35
21-Mar-17,1245
20-Mar-17,1233.9
17-Mar-17,1229.15
16-Mar-17,1226.78
15-Mar-17,1219.4
14-Mar-17,1199.08
13-Mar-17,1204.05
10-Mar-17,1204.55
9-Mar-17,1200.83
8-Mar-17,1207.58
7-Mar-17,1215.67
6-Mar-17,1225.96
3-Mar-17,1234.3
2-Mar-17,1235.3
1-Mar-17,1248.94
28-Feb-17,1248.59
27-Feb-17,1252.76
24-Feb-17,1256.94
23-Feb-17,1249.41
22-Feb-17,1237.69
21-Feb-17,1235.97
20-Feb-17,1238.38
17-Feb-17,1235.29
16-Feb-17,1239.14
15-Feb-17,1232.94
14-Feb-17,1228.61
13-Feb-17,1225.44
10-Feb-17,1234.12
9-Feb-17,1230.89
8-Feb-17,1241.99
7-Feb-17,1233.72
6-Feb-17,1235.59
3-Feb-17,1219.88
2-Feb-17,1215.93
1-Feb-17,1209.49
31-Jan-17,1210.63
30-Jan-17,1195.35
27-Jan-17,1191.6
26-Jan-17,1188.57
25-Jan-17,1200.31
24-Jan-17,1208.81
23-Jan-17,1217.48
20-Jan-17,1209.96
19-Jan-17,1205.14
18-Jan-17,1203.64
17-Jan-17,1216.54
16-Jan-17,1203.17
13-Jan-17,1197.66
12-Jan-17,1195.66
11-Jan-17,1191.85
10-Jan-17,1187.74
9-Jan-17,1181.27
6-Jan-17,1172.81
5-Jan-17,1180.48
4-Jan-17,1163.8
3-Jan-17,1158.91
2-Jan-17,1150.52
30-Dec-16,1151.85
29-Dec-16,1158.32
28-Dec-16,1142.45
27-Dec-16,1139.35
26-Dec-16,1133.94
23-Dec-16,1133.49
22-Dec-16,1128.69
21-Dec-16,1131.8
20-Dec-16,1132.2
19-Dec-16,1139.05
16-Dec-16,1134.09
15-Dec-16,1128.43
14-Dec-16,1144.25
13-Dec-16,1158.35
12-Dec-16,1162.21
9-Dec-16,1157.87
8-Dec-16,1170.55
7-Dec-16,1174
6-Dec-16,1169.74
5-Dec-16,1170.26
2-Dec-16,1176.92
1-Dec-16,1171.3
30-Nov-16,1173.11
29-Nov-16,1188.46
28-Nov-16,1193.44
25-Nov-16,1183.63
24-Nov-16,1184
23-Nov-16,1187.77
22-Nov-16,1212.24
21-Nov-16,1214.05
18-Nov-16,1208.69
17-Nov-16,1216.39
16-Nov-16,1225.3
15-Nov-16,1228.08
14-Nov-16,1220.26
11-Nov-16,1225.68
10-Nov-16,1259.76
9-Nov-16,1278
8-Nov-16,1275.64
7-Nov-16,1281.41
4-Nov-16,1304.25
3-Nov-16,1303.75
2-Nov-16,1297.39
1-Nov-16,1288.15
31-Oct-16,1277.38
28-Oct-16,1276.3
27-Oct-16,1268.3
26-Oct-16,1266.99
25-Oct-16,1274.35
24-Oct-16,1264.44
21-Oct-16,1266.75
20-Oct-16,1266
19-Oct-16,1269.4
18-Oct-16,1262.84
17-Oct-16,1255.7
14-Oct-16,1250.55
13-Oct-16,1258.12
12-Oct-16,1255.33
11-Oct-16,1253.25
10-Oct-16,1259.74
7-Oct-16,1256.97
6-Oct-16,1254.74
5-Oct-16,1266.7
4-Oct-16,1268.3
3-Oct-16,1311.96
30-Sep-16,1315.96
29-Sep-16,1320.27
28-Sep-16,1321.41
27-Sep-16,1327.36
26-Sep-16,1337.97
23-Sep-16,1337.61
22-Sep-16,1337.3
21-Sep-16,1336.85
20-Sep-16,1315.1
19-Sep-16,1313.39
16-Sep-16,1310.43
15-Sep-16,1314.25
14-Sep-16,1322.97
13-Sep-16,1319.05
12-Sep-16,1327.63
9-Sep-16,1328.15
8-Sep-16,1338.35
7-Sep-16,1345.24
6-Sep-16,1349.88
5-Sep-16,1327.08
2-Sep-16,1325.01
1-Sep-16,1313.79
31-Aug-16,1308.95
30-Aug-16,1311.15
29-Aug-16,1323.41
26-Aug-16,1321.33
25-Aug-16,1321.7
24-Aug-16,1323.75
23-Aug-16,1338.1
22-Aug-16,1339.02
19-Aug-16,1341.78
18-Aug-16,1352.34
17-Aug-16,1348.66
16-Aug-16,1346.08
15-Aug-16,1339.36
12-Aug-16,1336.19
11-Aug-16,1338.87
10-Aug-16,1346.67
9-Aug-16,1340.75
8-Aug-16,1335.38
5-Aug-16,1335.8
4-Aug-16,1361.2
3-Aug-16,1357.9
2-Aug-16,1363.68
1-Aug-16,1353.21
29-Jul-16,1350.91
28-Jul-16,1335.79
27-Jul-16,1339.86
26-Jul-16,1320.32
25-Jul-16,1315.56
22-Jul-16,1322.38
21-Jul-16,1331.09
20-Jul-16,1315.95
19-Jul-16,1332.13
18-Jul-16,1328.79
15-Jul-16,1337.85
14-Jul-16,1335.1
13-Jul-16,1342.85
12-Jul-16,1331.65
11-Jul-16,1355.25
8-Jul-16,1366.8
7-Jul-16,1360.6
6-Jul-16,1363.89
5-Jul-16,1356.14
4-Jul-16,1350.78
1-Jul-16,1342.3
30-Jun-16,1322.18
29-Jun-16,1318.89
28-Jun-16,1312.51
27-Jun-16,1324.8
24-Jun-16,1315.98
23-Jun-16,1255.65
22-Jun-16,1266.31
21-Jun-16,1268.44
20-Jun-16,1290.15
17-Jun-16,1298.6
16-Jun-16,1279.14
15-Jun-16,1291.49
14-Jun-16,1285.85
13-Jun-16,1284.05
10-Jun-16,1274.2
9-Jun-16,1269.15
8-Jun-16,1262.14
7-Jun-16,1243.85
6-Jun-16,1245.24
3-Jun-16,1244.49
2-Jun-16,1210.95
1-Jun-16,1213.35
31-May-16,1215.24
30-May-16,1205.58
27-May-16,1212.4
26-May-16,1220.15
25-May-16,1224.18
24-May-16,1227
23-May-16,1249.24
20-May-16,1252.3
19-May-16,1255.1
18-May-16,1258.3
17-May-16,1280
16-May-16,1273.86
13-May-16,1273.6
12-May-16,1263.49
11-May-16,1277.69
10-May-16,1266.4
9-May-16,1263.85
6-May-16,1288.7
5-May-16,1278.05
4-May-16,1279.49
3-May-16,1286
2-May-16,1291.6
29-Apr-16,1293.74
28-Apr-16,1266.48
27-Apr-16,1246.1
26-Apr-16,1243.44
25-Apr-16,1237.9
22-Apr-16,1232.3
21-Apr-16,1248.85
20-Apr-16,1244.05
19-Apr-16,1250.5
18-Apr-16,1231.55
15-Apr-16,1234.05
14-Apr-16,1227.39
13-Apr-16,1243.14
12-Apr-16,1255.94
11-Apr-16,1257.95
8-Apr-16,1240.39
7-Apr-16,1240.69
6-Apr-16,1222.35
5-Apr-16,1231.14
4-Apr-16,1215.4
1-Apr-16,1222.49
31-Mar-16,1232.7
30-Mar-16,1224.85
29-Mar-16,1242.55
28-Mar-16,1221.05
25-Mar-16,1216.47
24-Mar-16,1216.99
23-Mar-16,1220.17
22-Mar-16,1248.38
21-Mar-16,1243.74
18-Mar-16,1255.3
17-Mar-16,1257.9
16-Mar-16,1263.08
15-Mar-16,1232.38
14-Mar-16,1235.28
11-Mar-16,1248.44
10-Mar-16,1271.44
9-Mar-16,1252.94
8-Mar-16,1261.1
7-Mar-16,1267.39
4-Mar-16,1259.44
3-Mar-16,1263.69
2-Mar-16,1240.3
1-Mar-16,1232.26
29-Feb-16,1238.14
26-Feb-16,1222.6
25-Feb-16,1234.64
24-Feb-16,1229.35
23-Feb-16,1227.46
22-Feb-16,1208.74
19-Feb-16,1228.19
18-Feb-16,1232.35
17-Feb-16,1209.14
16-Feb-16,1200.35
15-Feb-16,1209.95
12-Feb-16,1238.05
11-Feb-16,1246.89
10-Feb-16,1197.49
9-Feb-16,1188.85
8-Feb-16,1191.14
5-Feb-16,1173.69
4-Feb-16,1155.74
3-Feb-16,1142.93
2-Feb-16,1129.12
1-Feb-16,1128.85
29-Jan-16,1118.04
28-Jan-16,1115.14
27-Jan-16,1125.59
26-Jan-16,1120.57
25-Jan-16,1108.05
22-Jan-16,1098.3
21-Jan-16,1101.6
20-Jan-16,1101.02
19-Jan-16,1087.12
18-Jan-16,1088.9
15-Jan-16,1089.1
14-Jan-16,1078
13-Jan-16,1093.49
12-Jan-16,1087.05
11-Jan-16,1094.26
8-Jan-16,1104.24
7-Jan-16,1109.25
6-Jan-16,1094.45
5-Jan-16,1077.66
4-Jan-16,1074.7
1-Jan-16,1060.74
31-Dec-15,1061.3
30-Dec-15,1061.45
29-Dec-15,1068.99
28-Dec-15,1069.05
25-Dec-15,1075.88
24-Dec-15,1075.88
23-Dec-15,1070.35
22-Dec-15,1072.36
21-Dec-15,1078.44
18-Dec-15,1066.19
17-Dec-15,1051.74
16-Dec-15,1072.94
15-Dec-15,1060.74
14-Dec-15,1062.9
11-Dec-15,1074.89
10-Dec-15,1071.54
9-Dec-15,1073.21
8-Dec-15,1074.69
7-Dec-15,1070.39
4-Dec-15,1086.99
3-Dec-15,1062.57
2-Dec-15,1053.69
1-Dec-15,1069.49
30-Nov-15,1064.42
27-Nov-15,1058.81
26-Nov-15,1072.25
25-Nov-15,1071.39
24-Nov-15,1075.49
23-Nov-15,1069.34
20-Nov-15,1078.1
19-Nov-15,1082.4
18-Nov-15,1071.14
17-Nov-15,1070.37
16-Nov-15,1082.85
13-Nov-15,1083.64
12-Nov-15,1085.05
11-Nov-15,1086.14
10-Nov-15,1089.91
9-Nov-15,1092.1
6-Nov-15,1088.64
5-Nov-15,1103.95
4-Nov-15,1107.44
3-Nov-15,1117.6
2-Nov-15,1133.75
30-Oct-15,1142.38
29-Oct-15,1145.91
28-Oct-15,1156.1
27-Oct-15,1166.95
26-Oct-15,1163.2
23-Oct-15,1164.26
22-Oct-15,1166.05
21-Oct-15,1167.1
20-Oct-15,1176.11
19-Oct-15,1170.45
16-Oct-15,1177.2
15-Oct-15,1183.11
14-Oct-15,1185.19
13-Oct-15,1168.8
12-Oct-15,1164
9-Oct-15,1157.53
8-Oct-15,1138.96
7-Oct-15,1145.4
6-Oct-15,1147.11
5-Oct-15,1135.75
2-Oct-15,1138.14
1-Oct-15,1113.55
30-Sep-15,1115
29-Sep-15,1127.46
28-Sep-15,1132.05
25-Sep-15,1146.24
24-Sep-15,1154.01
23-Sep-15,1130.4
22-Sep-15,1124.8
21-Sep-15,1133.3
18-Sep-15,1139.4
17-Sep-15,1131.4
16-Sep-15,1119.55
15-Sep-15,1105.4
14-Sep-15,1108.8
11-Sep-15,1107.9
10-Sep-15,1111.55
9-Sep-15,1106.1
8-Sep-15,1121.8
7-Sep-15,1119.47
4-Sep-15,1123
3-Sep-15,1125.25
2-Sep-15,1134.05
1-Sep-15,1140.11
31-Aug-15,1134.5
28-Aug-15,1133.96
27-Aug-15,1125.71
26-Aug-15,1125.55
25-Aug-15,1140.65
24-Aug-15,1155.05
21-Aug-15,1161.05
20-Aug-15,1153.16
19-Aug-15,1134.46
18-Aug-15,1118.01
17-Aug-15,1117.66
14-Aug-15,1114.11
13-Aug-15,1115.05
12-Aug-15,1125.3
11-Aug-15,1109.01
10-Aug-15,1104.51
7-Aug-15,1094.2
6-Aug-15,1089.41
5-Aug-15,1085.05
4-Aug-15,1087.45
3-Aug-15,1086.5
31-Jul-15,1095.65
30-Jul-15,1088.99
29-Jul-15,1096.69
28-Jul-15,1095.35
27-Jul-15,1094.42
24-Jul-15,1099.1
23-Jul-15,1090.8
22-Jul-15,1093.45
21-Jul-15,1101.41
20-Jul-15,1096.95
17-Jul-15,1134.1
16-Jul-15,1145.15
15-Jul-15,1149.65
14-Jul-15,1155.53
13-Jul-15,1158
10-Jul-15,1163.96
9-Jul-15,1159.65
8-Jul-15,1158.28
7-Jul-15,1155.55
6-Jul-15,1170.15
3-Jul-15,1167.94
2-Jul-15,1166.15
1-Jul-15,1168.8
30-Jun-15,1172.6
29-Jun-15,1180.36
26-Jun-15,1175.07
25-Jun-15,1173.33
24-Jun-15,1175.2
23-Jun-15,1178.44
22-Jun-15,1185.45
19-Jun-15,1200.51
18-Jun-15,1201.42
17-Jun-15,1185.45
16-Jun-15,1181.86
15-Jun-15,1186.4
12-Jun-15,1180.8
11-Jun-15,1182.3
10-Jun-15,1186.48
9-Jun-15,1176.7
8-Jun-15,1173.95
5-Jun-15,1172
4-Jun-15,1176.26
3-Jun-15,1185.5
2-Jun-15,1193.38
1-Jun-15,1189.15
29-May-15,1190.5
28-May-15,1188.45
27-May-15,1188.15
26-May-15,1187.3
25-May-15,1207.17
22-May-15,1206.38
21-May-15,1206.45
20-May-15,1209.28
19-May-15,1207.51
18-May-15,1225.74
15-May-15,1223.85
14-May-15,1221.52
13-May-15,1215.73
12-May-15,1193.5
11-May-15,1184.2
8-May-15,1188.15
7-May-15,1184.8
6-May-15,1191.8
5-May-15,1193.33
4-May-15,1188.25
1-May-15,1178.5
30-Apr-15,1184.37
29-Apr-15,1204.8
28-Apr-15,1212.1
27-Apr-15,1202
24-Apr-15,1179.38
23-Apr-15,1194
22-Apr-15,1187.3
21-Apr-15,1202.68
20-Apr-15,1196.5
17-Apr-15,1204.65
16-Apr-15,1197.65
15-Apr-15,1202.05
14-Apr-15,1193.58
13-Apr-15,1198.85
10-Apr-15,1208.05
9-Apr-15,1195.01
8-Apr-15,1202.8
7-Apr-15,1208.6
6-Apr-15,1214.7
3-Apr-15,1210.9
2-Apr-15,1202.59
1-Apr-15,1204.1
31-Mar-15,1183.5
30-Mar-15,1186.2
27-Mar-15,1199.3
26-Mar-15,1204.38
25-Mar-15,1195.45
24-Mar-15,1193.13
23-Mar-15,1189.3
20-Mar-15,1182.68
19-Mar-15,1171.3
18-Mar-15,1167.25
17-Mar-15,1149.3
16-Mar-15,1154.59
13-Mar-15,1159.48
12-Mar-15,1153.7
11-Mar-15,1154.8
10-Mar-15,1161.93
9-Mar-15,1167.3
6-Mar-15,1167.21
5-Mar-15,1198.6
4-Mar-15,1199.85
3-Mar-15,1203.8
2-Mar-15,1207.1
27-Feb-15,1213.15
26-Feb-15,1209.05
25-Feb-15,1204.8
24-Feb-15,1199.89
23-Feb-15,1201.92
20-Feb-15,1202.39
19-Feb-15,1207.45
18-Feb-15,1212.99
17-Feb-15,1209.4
16-Feb-15,1231.47
13-Feb-15,1229.7
12-Feb-15,1222.5
11-Feb-15,1219.16
10-Feb-15,1234
9-Feb-15,1239.68
6-Feb-15,1233.72
5-Feb-15,1264.7
4-Feb-15,1270.05
3-Feb-15,1260.2
2-Feb-15,1275.44
30-Jan-15,1283.55
29-Jan-15,1257.25
28-Jan-15,1285.1
27-Jan-15,1292.35
26-Jan-15,1281.24
23-Jan-15,1294.55
22-Jan-15,1301.73
21-Jan-15,1293.44
20-Jan-15,1293.94
19-Jan-15,1277.08
16-Jan-15,1280.3
15-Jan-15,1261.64
14-Jan-15,1229.95
13-Jan-15,1230.88
12-Jan-15,1233.64
9-Jan-15,1223.4
8-Jan-15,1208.98
7-Jan-15,1210.8
6-Jan-15,1219.2
5-Jan-15,1204.45
2-Jan-15,1189.18
1-Jan-15,1181.97
31-Dec-14,1183.95
30-Dec-14,1200.24
29-Dec-14,1183.1
26-Dec-14,1195.4
24-Dec-14,1173.8
23-Dec-14,1175.68
22-Dec-14,1175.05
19-Dec-14,1195.95
18-Dec-14,1198.4
17-Dec-14,1188.7
16-Dec-14,1196.6
15-Dec-14,1192.6
12-Dec-14,1222.6
11-Dec-14,1227.95
10-Dec-14,1226.75
9-Dec-14,1230.85
8-Dec-14,1203.2
5-Dec-14,1192.05
4-Dec-14,1205.78
3-Dec-14,1209.64
2-Dec-14,1199.01
1-Dec-14,1210.9
28-Nov-14,1167.35
27-Nov-14,1191.75
26-Nov-14,1197.9
25-Nov-14,1201.19
24-Nov-14,1197.4
21-Nov-14,1201.4
20-Nov-14,1193.75
19-Nov-14,1183.3
18-Nov-14,1197.55
17-Nov-14,1186.55
14-Nov-14,1188.25
13-Nov-14,1161.96
12-Nov-14,1160.92
11-Nov-14,1164.8
10-Nov-14,1150.6
7-Nov-14,1176.65
6-Nov-14,1141.2
5-Nov-14,1141.4
4-Nov-14,1168.3
3-Nov-14,1165.35
31-Oct-14,1174.42
30-Oct-14,1198.9
29-Oct-14,1211.8
28-Oct-14,1228.4
27-Oct-14,1225.4
24-Oct-14,1231.46
23-Oct-14,1232.15
22-Oct-14,1241.03
21-Oct-14,1249.3
20-Oct-14,1246.6
17-Oct-14,1238.19
16-Oct-14,1239.1
15-Oct-14,1241.07
14-Oct-14,1232.75
13-Oct-14,1237.15
10-Oct-14,1223.48
9-Oct-14,1224.15
8-Oct-14,1221.7
7-Oct-14,1209
6-Oct-14,1207.15
3-Oct-14,1191.2
2-Oct-14,1213.5
1-Oct-14,1213.65
30-Sep-14,1209.24
29-Sep-14,1215.95
26-Sep-14,1219.51
25-Sep-14,1222.62
24-Sep-14,1217.05
23-Sep-14,1222.95
22-Sep-14,1215.05
19-Sep-14,1216.45
18-Sep-14,1225.45
17-Sep-14,1223.25
16-Sep-14,1235.2
15-Sep-14,1233
12-Sep-14,1228.63
11-Sep-14,1240.75
10-Sep-14,1248.75
9-Sep-14,1256.2
8-Sep-14,1255.7
5-Sep-14,1268.85
4-Sep-14,1261.1
3-Sep-14,1269.07
2-Sep-14,1265.9
1-Sep-14,1287.3
29-Aug-14,1287.57
28-Aug-14,1290
27-Aug-14,1282.95
26-Aug-14,1280.9
25-Aug-14,1276.6
22-Aug-14,1281.23
21-Aug-14,1277.25
20-Aug-14,1292.15
19-Aug-14,1295.5
18-Aug-14,1297.46
15-Aug-14,1304.6
14-Aug-14,1313.24
13-Aug-14,1312.86
12-Aug-14,1308.6
11-Aug-14,1308.1
8-Aug-14,1309.6
7-Aug-14,1313.55
6-Aug-14,1306.25
5-Aug-14,1288
4-Aug-14,1288.35
1-Aug-14,1294.1
31-Jul-14,1282.35
30-Jul-14,1295.05
29-Jul-14,1298.75
28-Jul-14,1304.25
25-Jul-14,1308.05
24-Jul-14,1293.35
23-Jul-14,1304.15
22-Jul-14,1307.35
21-Jul-14,1311.9
18-Jul-14,1310.9
17-Jul-14,1318.25
16-Jul-14,1299.37
15-Jul-14,1294.45
14-Jul-14,1307.15
11-Jul-14,1338.15
10-Jul-14,1335.55
9-Jul-14,1326.7
8-Jul-14,1318.95
7-Jul-14,1320.2
4-Jul-14,1320.55
3-Jul-14,1319.8
2-Jul-14,1327.45
1-Jul-14,1325.75
30-Jun-14,1327.5
27-Jun-14,1315.35
26-Jun-14,1317.95
25-Jun-14,1319.5
24-Jun-14,1318.3
23-Jun-14,1318.1
20-Jun-14,1314.82
19-Jun-14,1320.1
18-Jun-14,1278.4
17-Jun-14,1271.5
16-Jun-14,1271.6
13-Jun-14,1277
12-Jun-14,1273.36
11-Jun-14,1260.74
10-Jun-14,1260.8
9-Jun-14,1252.08
6-Jun-14,1252.73
5-Jun-14,1253.6
4-Jun-14,1243.8
3-Jun-14,1244.65
2-Jun-14,1244.35
30-May-14,1251.05
29-May-14,1256.05
28-May-14,1258.5
27-May-14,1263.7
26-May-14,1293.05
23-May-14,1293.11
22-May-14,1293.85
21-May-14,1291.85
20-May-14,1294.25
19-May-14,1291.95
16-May-14,1293.7
15-May-14,1296.35
14-May-14,1305.6
13-May-14,1293.35
12-May-14,1295.8
9-May-14,1289.33
8-May-14,1289.6
7-May-14,1289.55
6-May-14,1307.65
5-May-14,1309.85
2-May-14,1300.32
1-May-14,1284.1
30-Apr-14,1291.9
29-Apr-14,1296.48
28-Apr-14,1296.1
25-Apr-14,1303.45
24-Apr-14,1293.85
23-Apr-14,1283.9
22-Apr-14,1283.5
21-Apr-14,1290.15
18-Apr-14,1293.78
17-Apr-14,1294.85
16-Apr-14,1302.8
15-Apr-14,1302.65
14-Apr-14,1326.4
11-Apr-14,1318.47
10-Apr-14,1318.92
9-Apr-14,1311.9
8-Apr-14,1308.72
7-Apr-14,1296.65
4-Apr-14,1302.7
3-Apr-14,1287.3
2-Apr-14,1289.8
1-Apr-14,1279.15
31-Mar-14,1284.25
28-Mar-14,1294
27-Mar-14,1291.14
26-Mar-14,1304.1
25-Mar-14,1311.05
24-Mar-14,1309.62
21-Mar-14,1334.55
20-Mar-14,1328.5
19-Mar-14,1331.45
18-Mar-14,1356.25
17-Mar-14,1366.95
14-Mar-14,1382.24
13-Mar-14,1370.6
12-Mar-14,1367.08
11-Mar-14,1349.95
10-Mar-14,1339.15
7-Mar-14,1340.25
6-Mar-14,1351.35
5-Mar-14,1337.39
4-Mar-14,1334.9
3-Mar-14,1350.9
28-Feb-14,1326.4
27-Feb-14,1331.44
26-Feb-14,1330.75
25-Feb-14,1340.75
24-Feb-14,1337
21-Feb-14,1323.39
20-Feb-14,1322.89
19-Feb-14,1311.8
18-Feb-14,1321.6
17-Feb-14,1329.1
14-Feb-14,1318.93
13-Feb-14,1302.7
12-Feb-14,1291.25
11-Feb-14,1291.85
10-Feb-14,1274.9
7-Feb-14,1267.06
6-Feb-14,1257.64
5-Feb-14,1258.01
4-Feb-14,1255
3-Feb-14,1257.64
31-Jan-14,1243.8
30-Jan-14,1243.7
29-Jan-14,1268.4
28-Jan-14,1256.55
27-Jan-14,1257.07
24-Jan-14,1269.25
23-Jan-14,1264.35
22-Jan-14,1236.49
21-Jan-14,1241.49
20-Jan-14,1254.35
17-Jan-14,1253.82
16-Jan-14,1242.55
15-Jan-14,1241.74
14-Jan-14,1245.1
13-Jan-14,1253.44
10-Jan-14,1247.1
9-Jan-14,1228
8-Jan-14,1226.1
7-Jan-14,1232.1
6-Jan-14,1238.05
3-Jan-14,1236.55
2-Jan-14,1224.89
1-Jan-14,1205.9
31-Dec-13,1205.55
30-Dec-13,1196.4
27-Dec-13,1213.19
26-Dec-13,1210.7
25-Dec-13,1204.7
24-Dec-13,1204.35
23-Dec-13,1198.84
20-Dec-13,1203.25
19-Dec-13,1190.1
18-Dec-13,1218.07
17-Dec-13,1230.1
16-Dec-13,1240.57
13-Dec-13,1238.3
12-Dec-13,1223.8
11-Dec-13,1251.75
10-Dec-13,1260.72
9-Dec-13,1240.94
6-Dec-13,1228.85
5-Dec-13,1224.88
4-Dec-13,1243.66
3-Dec-13,1223.89
2-Dec-13,1220.05
29-Nov-13,1253.49
28-Nov-13,1244.15
27-Nov-13,1237.4
26-Nov-13,1243.3
25-Nov-13,1252.6
22-Nov-13,1243.6
21-Nov-13,1242.75
20-Nov-13,1243.2
19-Nov-13,1275.25
18-Nov-13,1274.35
15-Nov-13,1290.05
14-Nov-13,1287.39
13-Nov-13,1278.99
12-Nov-13,1267.99
11-Nov-13,1283.28
8-Nov-13,1288.2
7-Nov-13,1307.95
6-Nov-13,1318.4
5-Nov-13,1311.6
4-Nov-13,1314.74
1-Nov-13,1315.35
31-Oct-13,1323.8
30-Oct-13,1342.8
29-Oct-13,1344.3
28-Oct-13,1352.2
25-Oct-13,1352.13
24-Oct-13,1347.15
23-Oct-13,1332.35
22-Oct-13,1340.65
21-Oct-13,1315.75
18-Oct-13,1316.24
17-Oct-13,1319.7
16-Oct-13,1281.6
15-Oct-13,1280.8
14-Oct-13,1273.4
11-Oct-13,1273.11
10-Oct-13,1286.24
9-Oct-13,1307.2
8-Oct-13,1318.8
7-Oct-13,1321.79
4-Oct-13,1311.35
3-Oct-13,1317.3
2-Oct-13,1315.25
1-Oct-13,1286.6
30-Sep-13,1327.55
27-Sep-13,1336.2
26-Sep-13,1323.7
25-Sep-13,1333.6
24-Sep-13,1323.2
23-Sep-13,1322.15
20-Sep-13,1325.38
19-Sep-13,1365
18-Sep-13,1365.15
17-Sep-13,1309.65
16-Sep-13,1314
13-Sep-13,1326.72
12-Sep-13,1321.05
11-Sep-13,1366.75
10-Sep-13,1364.45
9-Sep-13,1387.05
6-Sep-13,1391.61
5-Sep-13,1367.85
4-Sep-13,1391.45
3-Sep-13,1412.65
2-Sep-13,1394.9
30-Aug-13,1396.4
29-Aug-13,1408.25
28-Aug-13,1418.5
27-Aug-13,1416.65
26-Aug-13,1404.9
23-Aug-13,1396.85
22-Aug-13,1375.85
21-Aug-13,1366.35
20-Aug-13,1371.17
19-Aug-13,1365.98
16-Aug-13,1376.4
15-Aug-13,1366.05
14-Aug-13,1335.2
13-Aug-13,1321.3
12-Aug-13,1336.4
9-Aug-13,1314.5
8-Aug-13,1312
7-Aug-13,1287.75
6-Aug-13,1281.9
5-Aug-13,1303.95
2-Aug-13,1312
1-Aug-13,1308.95
31-Jul-13,1323.1
30-Jul-13,1327.3
29-Jul-13,1327.6
26-Jul-13,1333.9
25-Jul-13,1333.65
24-Jul-13,1321.3
23-Jul-13,1348.1
22-Jul-13,1335.9
19-Jul-13,1296.35
18-Jul-13,1285.1
17-Jul-13,1276
16-Jul-13,1292.6
15-Jul-13,1282.6
12-Jul-13,1284.9
11-Jul-13,1285.3
10-Jul-13,1264.25
9-Jul-13,1249.95
8-Jul-13,1237
5-Jul-13,1223.8
4-Jul-13,1250.3
3-Jul-13,1252.3
2-Jul-13,1242.5
1-Jul-13,1253.3
28-Jun-13,1234.25
27-Jun-13,1200.75
26-Jun-13,1226.35
25-Jun-13,1277.35
24-Jun-13,1281.9
21-Jun-13,1297.25
20-Jun-13,1278
19-Jun-13,1351.3
18-Jun-13,1368.4
17-Jun-13,1384.85
14-Jun-13,1390.7
13-Jun-13,1386.05
12-Jun-13,1388.4
11-Jun-13,1379.6
10-Jun-13,1386.9
7-Jun-13,1384.47
6-Jun-13,1413.65
5-Jun-13,1403.3
4-Jun-13,1399.9
3-Jun-13,1411.6
31-May-13,1386.9
30-May-13,1413.75
29-May-13,1392.95
28-May-13,1380.85
27-May-13,1394.78
24-May-13,1386.05
23-May-13,1391.2
22-May-13,1369.4
21-May-13,1376.3
20-May-13,1394.15
17-May-13,1359.2
16-May-13,1386.3
15-May-13,1392.9
14-May-13,1426
13-May-13,1430.55
10-May-13,1448.2
9-May-13,1458.2
8-May-13,1472.8
7-May-13,1452.6
6-May-13,1469.5
3-May-13,1470.7
2-May-13,1467.1
1-May-13,1457.6
30-Apr-13,1477.1
29-Apr-13,1476.65
26-Apr-13,1463
25-Apr-13,1467.85
24-Apr-13,1431.3
23-Apr-13,1413.35
22-Apr-13,1426.25
19-Apr-13,1404.35
18-Apr-13,1391.25
17-Apr-13,1377
16-Apr-13,1368.9
15-Apr-13,1353.25
12-Apr-13,1478.85
11-Apr-13,1561.35
10-Apr-13,1558.75
9-Apr-13,1585.2
8-Apr-13,1573.7
5-Apr-13,1582
4-Apr-13,1553.32
3-Apr-13,1557.85
2-Apr-13,1575.85
1-Apr-13,1598.9
28-Mar-13,1596.74
27-Mar-13,1605.4
26-Mar-13,1599.2
25-Mar-13,1605.4
22-Mar-13,1608.45
21-Mar-13,1614.7
20-Mar-13,1606.5
19-Mar-13,1613.4
18-Mar-13,1605.3
15-Mar-13,1592.45
14-Mar-13,1590.3
13-Mar-13,1587.8
12-Mar-13,1592.7
11-Mar-13,1581
8-Mar-13,1578.35
7-Mar-13,1578.9
6-Mar-13,1583.69
5-Mar-13,1575.44
4-Mar-13,1573.95
1-Mar-13,1575.24
28-Feb-13,1580.14
27-Feb-13,1597.6
26-Feb-13,1613.49
25-Feb-13,1594.24
22-Feb-13,1580.7
21-Feb-13,1576.05
20-Feb-13,1562.9
19-Feb-13,1604.6
18-Feb-13,1610.05
15-Feb-13,1609.44
14-Feb-13,1634.85
13-Feb-13,1642.74
12-Feb-13,1650.8
11-Feb-13,1649.74
8-Feb-13,1667.5
7-Feb-13,1671.3
6-Feb-13,1677.49
5-Feb-13,1673
4-Feb-13,1674.4
1-Feb-13,1667.15
31-Jan-13,1663.6
30-Jan-13,1677.1
29-Jan-13,1663.85
28-Jan-13,1654.95
25-Jan-13,1658.69
24-Jan-13,1667.74
23-Jan-13,1685.75
22-Jan-13,1692.1
21-Jan-13,1690.05
18-Jan-13,1683.95
17-Jan-13,1687.64
16-Jan-13,1679.5
15-Jan-13,1678.9
14-Jan-13,1667.2
11-Jan-13,1663.05
10-Jan-13,1675.25
9-Jan-13,1657.9
8-Jan-13,1659
7-Jan-13,1647.25
4-Jan-13,1656.85
3-Jan-13,1663.35
2-Jan-13,1686.75
1-Jan-13,1675.15
31-Dec-12,1674.95
28-Dec-12,1655.4
27-Dec-12,1663.9
26-Dec-12,1660.14
25-Dec-12,1658.9
24-Dec-12,1657.48
21-Dec-12,1656.99
20-Dec-12,1647.75
19-Dec-12,1666.94
18-Dec-12,1670.15
17-Dec-12,1697.93
14-Dec-12,1695.47
13-Dec-12,1697.3
12-Dec-12,1711.95
11-Dec-12,1710.1
10-Dec-12,1710.25
7-Dec-12,1703.65
6-Dec-12,1699.14
5-Dec-12,1693.99
4-Dec-12,1697.35
3-Dec-12,1715.25
30-Nov-12,1714.8
29-Nov-12,1725.4
28-Nov-12,1719.69
27-Nov-12,1742.05
26-Nov-12,1749.1
23-Nov-12,1753
22-Nov-12,1729.55
21-Nov-12,1729.11
20-Nov-12,1728.65
19-Nov-12,1731.94
16-Nov-12,1713.7
15-Nov-12,1715.8
14-Nov-12,1726.45
13-Nov-12,1725.5
12-Nov-12,1728.35
9-Nov-12,1731.24
8-Nov-12,1730.99
7-Nov-12,1716.69
6-Nov-12,1715.95
5-Nov-12,1684.6
2-Nov-12,1677.85
1-Nov-12,1714.7
31-Oct-12,1720.55
30-Oct-12,1709.49
29-Oct-12,1709.85
26-Oct-12,1711.35
25-Oct-12,1711.8
24-Oct-12,1702.43
23-Oct-12,1708.7
22-Oct-12,1729.45
19-Oct-12,1720.9
18-Oct-12,1741.7
17-Oct-12,1750.3
16-Oct-12,1747.8
15-Oct-12,1736.1
12-Oct-12,1754.25
11-Oct-12,1768.8
10-Oct-12,1762.55
9-Oct-12,1764.15
8-Oct-12,1774.9
5-Oct-12,1780.98
4-Oct-12,1790.55
3-Oct-12,1779.15
2-Oct-12,1778
1-Oct-12,1774.4
28-Sep-12,1771.22
27-Sep-12,1777.9
26-Sep-12,1752.2
25-Sep-12,1760.65
24-Sep-12,1764.15
21-Sep-12,1773.05
20-Sep-12,1766.7
19-Sep-12,1769.8
18-Sep-12,1770.95
17-Sep-12,1761.45
14-Sep-12,1772.48
13-Sep-12,1766.9
12-Sep-12,1731.5
11-Sep-12,1731.75
10-Sep-12,1725.8
7-Sep-12,1736.5
6-Sep-12,1701.65
5-Sep-12,1693.65
4-Sep-12,1696.4
3-Sep-12,1692.4
31-Aug-12,1691.15
30-Aug-12,1656.15
29-Aug-12,1656.55
28-Aug-12,1667.03
27-Aug-12,1664.1
24-Aug-12,1670.35
23-Aug-12,1670.65
22-Aug-12,1654
21-Aug-12,1638.5
20-Aug-12,1620.7
17-Aug-12,1615.8
16-Aug-12,1614.8
15-Aug-12,1603.38
14-Aug-12,1598.65
13-Aug-12,1610.15
10-Aug-12,1620.05
9-Aug-12,1617.7
8-Aug-12,1611.9
7-Aug-12,1611.18
6-Aug-12,1611
3-Aug-12,1604.3
2-Aug-12,1590.35
1-Aug-12,1599.2
31-Jul-12,1613.9
30-Jul-12,1621.1
27-Jul-12,1623.28
26-Jul-12,1616.2
25-Jul-12,1605.38
24-Jul-12,1580.5
23-Jul-12,1576.9
20-Jul-12,1583.63
19-Jul-12,1582.05
18-Jul-12,1573.8
17-Jul-12,1582.75
16-Jul-12,1589.35
13-Jul-12,1589.05
12-Jul-12,1572.4
11-Jul-12,1576.9
10-Jul-12,1566.5
9-Jul-12,1587.15
6-Jul-12,1582.9
5-Jul-12,1604.75
4-Jul-12,1615.63
3-Jul-12,1616.65
2-Jul-12,1596.35
29-Jun-12,1598.6
28-Jun-12,1551.9
27-Jun-12,1574.3
26-Jun-12,1572.15
25-Jun-12,1584.6
22-Jun-12,1572.15
21-Jun-12,1565.3
20-Jun-12,1605.9
19-Jun-12,1618.07
18-Jun-12,1628.4
15-Jun-12,1626.76
14-Jun-12,1623.32
13-Jun-12,1618.35
12-Jun-12,1610.05
11-Jun-12,1596.45
8-Jun-12,1594.45
7-Jun-12,1589
6-Jun-12,1620.4
5-Jun-12,1617.1
4-Jun-12,1618.4
1-Jun-12,1626.25
31-May-12,1560.7
30-May-12,1562.45
29-May-12,1555.75
28-May-12,1573.33
25-May-12,1573.45
24-May-12,1559
23-May-12,1562
22-May-12,1568.95
21-May-12,1592.65
18-May-12,1593.09
17-May-12,1574
16-May-12,1540.05
15-May-12,1544.45
14-May-12,1556.85
11-May-12,1580.05
10-May-12,1593.66
9-May-12,1589.34
8-May-12,1605
7-May-12,1639.15
4-May-12,1642.83
3-May-12,1635.76
2-May-12,1653.5
1-May-12,1662.1
30-Apr-12,1664.36
27-Apr-12,1662.05
26-Apr-12,1656.9
25-Apr-12,1644.7
24-Apr-12,1641
23-Apr-12,1638.7
20-Apr-12,1642.7
19-Apr-12,1643.6
18-Apr-12,1642.07
17-Apr-12,1649.9
16-Apr-12,1652.1
13-Apr-12,1659
12-Apr-12,1675.48
11-Apr-12,1657.95
10-Apr-12,1660.35
9-Apr-12,1641.28
6-Apr-12,1639.49
5-Apr-12,1631.25
4-Apr-12,1620.23
3-Apr-12,1645.33
2-Apr-12,1677.75
30-Mar-12,1668.9
29-Mar-12,1661.38
28-Mar-12,1662.18
27-Mar-12,1680.05
26-Mar-12,1689.98
23-Mar-12,1662.26
22-Mar-12,1644.85
21-Mar-12,1650.5
20-Mar-12,1650.35
19-Mar-12,1664.55
16-Mar-12,1660.65
15-Mar-12,1658.23
14-Mar-12,1643.6
13-Mar-12,1675.5
12-Mar-12,1700.53
9-Mar-12,1713.09
8-Mar-12,1700.65
7-Mar-12,1684.95
6-Mar-12,1674
5-Mar-12,1706.7
2-Mar-12,1712.3
1-Mar-12,1716.55
29-Feb-12,1695.2
28-Feb-12,1785.85
27-Feb-12,1766.3
24-Feb-12,1773.49
23-Feb-12,1780.1
22-Feb-12,1777.55
21-Feb-12,1759.15
20-Feb-12,1734
17-Feb-12,1722.45
16-Feb-12,1728.7
15-Feb-12,1729.01
14-Feb-12,1720.1
13-Feb-12,1722.5
10-Feb-12,1719.85
9-Feb-12,1729.6
8-Feb-12,1733.55
7-Feb-12,1746.5
6-Feb-12,1720.3
3-Feb-12,1725.3
2-Feb-12,1759.99
1-Feb-12,1743.6
31-Jan-12,1739.43
30-Jan-12,1730.05
27-Jan-12,1738.89
26-Jan-12,1721.5
25-Jan-12,1711.9
24-Jan-12,1665.2
23-Jan-12,1677
20-Jan-12,1666.9
19-Jan-12,1657.6
18-Jan-12,1661.25
17-Jan-12,1651.74
16-Jan-12,1643.4
13-Jan-12,1639.35
12-Jan-12,1650.1
11-Jan-12,1641.8
10-Jan-12,1631.56
9-Jan-12,1611.5
6-Jan-12,1616.85
5-Jan-12,1623
4-Jan-12,1612.4
3-Jan-12,1604.14
2-Jan-12,1566.27
30-Dec-11,1564.3
29-Dec-11,1546.7
28-Dec-11,1553
27-Dec-11,1592.9
26-Dec-11,1605.82
23-Dec-11,1606.6
22-Dec-11,1604.7
21-Dec-11,1615.15
20-Dec-11,1615.65
19-Dec-11,1594.1
16-Dec-11,1597.95
15-Dec-11,1570.7
14-Dec-11,1575.1
13-Dec-11,1632.1
12-Dec-11,1666.3
9-Dec-11,1711.1
8-Dec-11,1708.8
7-Dec-11,1742.1
6-Dec-11,1728.2
5-Dec-11,1721.64
2-Dec-11,1745.25
1-Dec-11,1745.25
30-Nov-11,1745.7
29-Nov-11,1716.75
28-Nov-11,1712.3
25-Nov-11,1680.13
24-Nov-11,1694.75
23-Nov-11,1693.3
22-Nov-11,1699.2
21-Nov-11,1680.85
18-Nov-11,1723.05
17-Nov-11,1719.1
16-Nov-11,1762.35
15-Nov-11,1781.4
14-Nov-11,1781
11-Nov-11,1788.99
10-Nov-11,1759.2
9-Nov-11,1772.24
8-Nov-11,1785
7-Nov-11,1795.86
4-Nov-11,1754.15
3-Nov-11,1763.15
2-Nov-11,1737
1-Nov-11,1720.3
31-Oct-11,1715.25
28-Oct-11,1742.95
27-Oct-11,1744.45
26-Oct-11,1725.75
25-Oct-11,1705.35
24-Oct-11,1652.68
21-Oct-11,1641.02
20-Oct-11,1619.1
19-Oct-11,1641.8
18-Oct-11,1655.15
17-Oct-11,1670.65
14-Oct-11,1679.95
13-Oct-11,1666.7
12-Oct-11,1677.2
11-Oct-11,1663.1
10-Oct-11,1675.44
7-Oct-11,1639.45
6-Oct-11,1650.63
5-Oct-11,1640.9
4-Oct-11,1624.3
3-Oct-11,1660.95
30-Sep-11,1623.75
29-Sep-11,1614.55
28-Sep-11,1608.8
27-Sep-11,1649.95
26-Sep-11,1627.35
23-Sep-11,1656.59
22-Sep-11,1735.83
21-Sep-11,1781.79
20-Sep-11,1803.75
19-Sep-11,1778.75
16-Sep-11,1811.95
15-Sep-11,1789.14
14-Sep-11,1819.7
13-Sep-11,1833.8
12-Sep-11,1813.75
9-Sep-11,1857.81
8-Sep-11,1868.76
7-Sep-11,1816.96
6-Sep-11,1873.72
5-Sep-11,1900.49
2-Sep-11,1884.2
1-Sep-11,1825.05
31-Aug-11,1823.8
30-Aug-11,1835.3
29-Aug-11,1788.45
26-Aug-11,1828.55
25-Aug-11,1771.6
24-Aug-11,1751.05
23-Aug-11,1830.15
22-Aug-11,1898.1
19-Aug-11,1852.45
18-Aug-11,1824.35
17-Aug-11,1788.65
16-Aug-11,1786.3
15-Aug-11,1765.5
12-Aug-11,1746.6
11-Aug-11,1767.9
10-Aug-11,1795
9-Aug-11,1743.9
8-Aug-11,1717.35
5-Aug-11,1665
4-Aug-11,1648.4
3-Aug-11,1661.2
2-Aug-11,1659.75
1-Aug-11,1620.1
29-Jul-11,1626.64
28-Jul-11,1616.85
27-Jul-11,1613.5
26-Jul-11,1619.3
25-Jul-11,1614.55
22-Jul-11,1599.25
21-Jul-11,1589.9
20-Jul-11,1602.1
19-Jul-11,1588.35
18-Jul-11,1605.4
15-Jul-11,1594.1
14-Jul-11,1587.25
13-Jul-11,1582.25
12-Jul-11,1567.2
11-Jul-11,1554.1
8-Jul-11,1544.25
7-Jul-11,1532.55
6-Jul-11,1529.5
5-Jul-11,1516.3
4-Jul-11,1495.95
1-Jul-11,1486.5
30-Jun-11,1500.1
29-Jun-11,1512.05
28-Jun-11,1501
27-Jun-11,1497
24-Jun-11,1502.15
23-Jun-11,1520.85
22-Jun-11,1547.8
21-Jun-11,1546.2
20-Jun-11,1540.45
17-Jun-11,1539.5
16-Jun-11,1528.85
15-Jun-11,1530.7
14-Jun-11,1524.1
13-Jun-11,1515.23
10-Jun-11,1531.9
9-Jun-11,1544.35
8-Jun-11,1537.55
7-Jun-11,1544.25
6-Jun-11,1544
3-Jun-11,1542.5
2-Jun-11,1533.9
1-Jun-11,1540.7
31-May-11,1535.35
30-May-11,1538.45
27-May-11,1536.65
26-May-11,1519.05
25-May-11,1525.95
24-May-11,1526.4
23-May-11,1517.2
20-May-11,1513.55
19-May-11,1493.6
18-May-11,1497
17-May-11,1486.85
16-May-11,1489.7
13-May-11,1494.55
12-May-11,1502.85
11-May-11,1500.25
10-May-11,1515.72
9-May-11,1513.05
6-May-11,1495.25
5-May-11,1473.65
4-May-11,1515.95
3-May-11,1536.83
2-May-11,1545
29-Apr-11,1565.6
28-Apr-11,1535.45
27-Apr-11,1526.9
26-Apr-11,1507.05
25-Apr-11,1507.25
22-Apr-11,1508.13
21-Apr-11,1504.35
20-Apr-11,1502.35
19-Apr-11,1495.1
18-Apr-11,1495.51
15-Apr-11,1486.5
14-Apr-11,1474.9
13-Apr-11,1457.75
12-Apr-11,1453.6
11-Apr-11,1463.4
8-Apr-11,1475.1
7-Apr-11,1458.5
6-Apr-11,1457.5
5-Apr-11,1451.1
4-Apr-11,1436.94
1-Apr-11,1428.38
31-Mar-11,1432
30-Mar-11,1423.88
29-Mar-11,1418.8
28-Mar-11,1420.65
25-Mar-11,1429.65
24-Mar-11,1431.1
23-Mar-11,1438.2
22-Mar-11,1428.55
21-Mar-11,1427.05
18-Mar-11,1419.55
17-Mar-11,1404.4
16-Mar-11,1401.3
15-Mar-11,1395.95
14-Mar-11,1428.65
11-Mar-11,1417.4
10-Mar-11,1413.45
9-Mar-11,1429.5
8-Mar-11,1428.89
7-Mar-11,1433.17
4-Mar-11,1429.3
3-Mar-11,1416.4
2-Mar-11,1434.95
1-Mar-11,1433.85
28-Feb-11,1411.65
25-Feb-11,1409.25
24-Feb-11,1400.25
23-Feb-11,1410.45
22-Feb-11,1398.15
21-Feb-11,1406.45
18-Feb-11,1387.3
17-Feb-11,1383.67
16-Feb-11,1375.11
15-Feb-11,1373.4
14-Feb-11,1362.31
11-Feb-11,1356.1
10-Feb-11,1362.01
9-Feb-11,1362.95
8-Feb-11,1364
7-Feb-11,1349.1
4-Feb-11,1349.25
3-Feb-11,1353.2
2-Feb-11,1336.8
1-Feb-11,1340.6
31-Jan-11,1332.19
28-Jan-11,1335.35
27-Jan-11,1311.49
26-Jan-11,1345.89
25-Jan-11,1333.75
24-Jan-11,1334.7
21-Jan-11,1342.51
20-Jan-11,1345.85
19-Jan-11,1370.2
18-Jan-11,1367.76
17-Jan-11,1362.78
14-Jan-11,1361.85
13-Jan-11,1374.36
12-Jan-11,1386.5
11-Jan-11,1382.45
10-Jan-11,1375.05
7-Jan-11,1369.6
6-Jan-11,1371.4
5-Jan-11,1377.48
4-Jan-11,1380.6
3-Jan-11,1414.3
31-Dec-10,1421.45
30-Dec-10,1404.45
29-Dec-10,1410.95
28-Dec-10,1406.39
27-Dec-10,1384.1
24-Dec-10,1384.75
23-Dec-10,1380.35
22-Dec-10,1385
21-Dec-10,1385.74
20-Dec-10,1384.65
17-Dec-10,1375.41
16-Dec-10,1369.7
15-Dec-10,1379.8
14-Dec-10,1396.25
13-Dec-10,1393.76
10-Dec-10,1386.05
9-Dec-10,1387.64
8-Dec-10,1382.1
7-Dec-10,1401.89
6-Dec-10,1423.55
3-Dec-10,1415.05
2-Dec-10,1384.65
1-Dec-10,1387.1
30-Nov-10,1384.85
29-Nov-10,1368.37
26-Nov-10,1364.42
25-Nov-10,1374.62
24-Nov-10,1374.9
23-Nov-10,1377.2
22-Nov-10,1366.35
19-Nov-10,1353.5
18-Nov-10,1353.85
17-Nov-10,1337.25
16-Nov-10,1340.85
15-Nov-10,1359.49
12-Nov-10,1368.95
11-Nov-10,1409.35
10-Nov-10,1403.75
9-Nov-10,1390.95
8-Nov-10,1409.45
5-Nov-10,1393.9
4-Nov-10,1392.75
3-Nov-10,1348.65
2-Nov-10,1357.5
1-Nov-10,1351.75
29-Oct-10,1359.55
28-Oct-10,1344.35
27-Oct-10,1325.3
26-Oct-10,1339.9
25-Oct-10,1340.45
22-Oct-10,1328.2
21-Oct-10,1325.5
20-Oct-10,1346.35
19-Oct-10,1335.45
18-Oct-10,1369.8
15-Oct-10,1369.15
14-Oct-10,1381.3
13-Oct-10,1372.1
12-Oct-10,1350.6
11-Oct-10,1353.95
8-Oct-10,1346.8
7-Oct-10,1333.7
6-Oct-10,1349.4
5-Oct-10,1340.75
4-Oct-10,1315.25
1-Oct-10,1318.8
30-Sep-10,1309.5
29-Sep-10,1309.9
28-Sep-10,1309.1
27-Sep-10,1295
24-Sep-10,1296.95
23-Sep-10,1292.55
22-Sep-10,1291.35
21-Sep-10,1286.95
20-Sep-10,1278.35
17-Sep-10,1274.9
16-Sep-10,1275.55
15-Sep-10,1268.05
14-Sep-10,1268.85
13-Sep-10,1245.45
10-Sep-10,1246.45
9-Sep-10,1244.1
8-Sep-10,1255.2
7-Sep-10,1255.4
6-Sep-10,1250.05
3-Sep-10,1247.1
2-Sep-10,1251.25
1-Sep-10,1244.35
31-Aug-10,1247.65
30-Aug-10,1236.8
27-Aug-10,1238.2
26-Aug-10,1236.05
25-Aug-10,1240.1
24-Aug-10,1229.75
23-Aug-10,1225.4
20-Aug-10,1228.05
19-Aug-10,1232.1
18-Aug-10,1229.55
17-Aug-10,1224.9
16-Aug-10,1224.85
13-Aug-10,1215.55
12-Aug-10,1213.2
11-Aug-10,1197.75
10-Aug-10,1203.85
9-Aug-10,1201.4
6-Aug-10,1205.3
5-Aug-10,1195.1
4-Aug-10,1195.75
3-Aug-10,1185.7
2-Aug-10,1181.85
30-Jul-10,1180.9
29-Jul-10,1166.93
28-Jul-10,1163.55
27-Jul-10,1162.3
26-Jul-10,1182.5
23-Jul-10,1189.1
22-Jul-10,1194.95
21-Jul-10,1186
20-Jul-10,1192.3
19-Jul-10,1183.7
16-Jul-10,1193.65
15-Jul-10,1208.55
14-Jul-10,1208.5
13-Jul-10,1211.65
12-Jul-10,1196.85
9-Jul-10,1212
8-Jul-10,1198.45
7-Jul-10,1202.35
6-Jul-10,1194.25
5-Jul-10,1208.95
2-Jul-10,1211.6
1-Jul-10,1199.65
30-Jun-10,1242.35
29-Jun-10,1240.95
28-Jun-10,1238.05
25-Jun-10,1255.5
24-Jun-10,1244.55
23-Jun-10,1237.2
22-Jun-10,1239.5
21-Jun-10,1232.15
18-Jun-10,1257.35
17-Jun-10,1245.35
16-Jun-10,1231.6
15-Jun-10,1234.45
14-Jun-10,1222.15
11-Jun-10,1227.4
10-Jun-10,1217.8
9-Jun-10,1232.35
8-Jun-10,1235.63
7-Jun-10,1240.05
4-Jun-10,1220
3-Jun-10,1208.05
2-Jun-10,1223.85
1-Jun-10,1225.3
31-May-10,1216.21
28-May-10,1214.81
27-May-10,1212.1
26-May-10,1210.9
25-May-10,1201.1
24-May-10,1192.05
21-May-10,1177.15
20-May-10,1183.1
19-May-10,1191.75
18-May-10,1221.7
17-May-10,1223.75
14-May-10,1233.05
13-May-10,1232.33
12-May-10,1237.35
11-May-10,1232.55
10-May-10,1202.4
7-May-10,1208.3
6-May-10,1208.75
5-May-10,1175.2
4-May-10,1171.65
3-May-10,1182.4
30-Apr-10,1179.25
29-Apr-10,1167.1
28-Apr-10,1165.45
27-Apr-10,1172.93
26-Apr-10,1154.88
23-Apr-10,1157.4
22-Apr-10,1141.45
21-Apr-10,1146.3
20-Apr-10,1140.5
19-Apr-10,1135.6
16-Apr-10,1137.45
15-Apr-10,1158.95
14-Apr-10,1154.9
13-Apr-10,1151.15
12-Apr-10,1152
9-Apr-10,1160.9
8-Apr-10,1151.15
7-Apr-10,1148
6-Apr-10,1134.2
5-Apr-10,1130.7
2-Apr-10,1120.5
1-Apr-10,1126.5
31-Mar-10,1113.8
30-Mar-10,1103.6
29-Mar-10,1109.2
26-Mar-10,1106.6
25-Mar-10,1091.35
24-Mar-10,1087.5
23-Mar-10,1102.65
22-Mar-10,1102.3
19-Mar-10,1107.55
18-Mar-10,1125.95
17-Mar-10,1125.05
16-Mar-10,1125.7
15-Mar-10,1109.1
12-Mar-10,1102.45
11-Mar-10,1109.45
10-Mar-10,1108.2
9-Mar-10,1120.1
8-Mar-10,1122.4
5-Mar-10,1132.05
4-Mar-10,1132
3-Mar-10,1139.5
2-Mar-10,1134.65
1-Mar-10,1117.35
26-Feb-10,1116.5
25-Feb-10,1106.1
24-Feb-10,1096.4
23-Feb-10,1102.05
22-Feb-10,1113.7
19-Feb-10,1118.85
18-Feb-10,1123.9
17-Feb-10,1115.2
16-Feb-10,1119.95
15-Feb-10,1101
12-Feb-10,1093.4
11-Feb-10,1095.35
10-Feb-10,1072.85
9-Feb-10,1077.3
8-Feb-10,1063.75
5-Feb-10,1065.45
4-Feb-10,1063.45
3-Feb-10,1109.65
2-Feb-10,1115.2
1-Feb-10,1107.35
29-Jan-10,1081.55
28-Jan-10,1086.3
27-Jan-10,1086.85
26-Jan-10,1098.05
25-Jan-10,1098.25
22-Jan-10,1093
21-Jan-10,1095.15
20-Jan-10,1111.7
19-Jan-10,1138.1
18-Jan-10,1133
15-Jan-10,1130.9
14-Jan-10,1143.25
13-Jan-10,1138.8
12-Jan-10,1127.7
11-Jan-10,1153
8-Jan-10,1136.6
7-Jan-10,1132.3
6-Jan-10,1138.9
5-Jan-10,1119.05
4-Jan-10,1120.4
1-Jan-10,1097.35
