Date,Heating Oil
1-Jan-20,2.0293
31-Dec-19,2.0283
30-Dec-19,2.0406
27-Dec-19,2.0496
26-Dec-19,2.0521
25-Dec-19,2.0357
24-Dec-19,2.0363
23-Dec-19,2.0222
20-Dec-19,2.0218
19-Dec-19,2.0295
18-Dec-19,2.0203
17-Dec-19,2.0334
16-Dec-19,2.0045
13-Dec-19,1.9864
12-Dec-19,1.9508
11-Dec-19,1.9288
10-Dec-19,1.9655
9-Dec-19,1.9442
6-Dec-19,1.9521
5-Dec-19,1.933
4-Dec-19,1.9229
3-Dec-19,1.8799
2-Dec-19,1.886
29-Nov-19,1.8789
28-Nov-19,1.9506
27-Nov-19,1.9465
26-Nov-19,1.9606
25-Nov-19,1.9443
22-Nov-19,1.9294
21-Nov-19,1.9447
20-Nov-19,1.8921
19-Nov-19,1.8574
18-Nov-19,1.9047
15-Nov-19,1.948
14-Nov-19,1.9179
13-Nov-19,1.9125
12-Nov-19,1.8976
11-Nov-19,1.9142
8-Nov-19,1.9181
7-Nov-19,1.9203
6-Nov-19,1.9278
5-Nov-19,1.9566
4-Nov-19,1.9405
1-Nov-19,1.9331
31-Oct-19,1.878
30-Oct-19,1.9136
29-Oct-19,1.9563
28-Oct-19,1.9618
25-Oct-19,1.9796
24-Oct-19,1.9863
23-Oct-19,1.9643
22-Oct-19,1.9437
21-Oct-19,1.9406
18-Oct-19,1.9471
17-Oct-19,1.9481
16-Oct-19,1.9426
15-Oct-19,1.91
14-Oct-19,1.9151
11-Oct-19,1.9576
10-Oct-19,1.9208
9-Oct-19,1.9193
8-Oct-19,1.9101
7-Oct-19,1.9033
4-Oct-19,1.8945
3-Oct-19,1.876
2-Oct-19,1.873
1-Oct-19,1.8985
30-Sep-19,1.9056
27-Sep-19,1.9416
26-Sep-19,1.9551
25-Sep-19,1.9539
24-Sep-19,1.9676
23-Sep-19,1.997
20-Sep-19,1.9863
19-Sep-19,2.0049
18-Sep-19,1.9733
17-Sep-19,1.9896
16-Sep-19,2.0838
13-Sep-19,1.8778
12-Sep-19,1.8851
11-Sep-19,1.9032
10-Sep-19,1.9312
9-Sep-19,1.9277
6-Sep-19,1.9003
5-Sep-19,1.8885
4-Sep-19,1.8802
3-Sep-19,1.8033
2-Sep-19,1.8114
1-Sep-19,1.8308
30-Aug-19,1.8282
29-Aug-19,1.864
28-Aug-19,1.851
27-Aug-19,1.8159
26-Aug-19,1.7924
23-Aug-19,1.8156
22-Aug-19,1.8413
21-Aug-19,1.8573
20-Aug-19,1.8543
19-Aug-19,1.8331
16-Aug-19,1.8128
15-Aug-19,1.8107
14-Aug-19,1.8437
13-Aug-19,1.8773
12-Aug-19,1.8058
9-Aug-19,1.808
8-Aug-19,1.7766
7-Aug-19,1.7532
6-Aug-19,1.824
5-Aug-19,1.8356
2-Aug-19,1.8902
1-Aug-19,1.8529
31-Jul-19,1.955
30-Jul-19,1.944
29-Jul-19,1.9106
26-Jul-19,1.9044
25-Jul-19,1.9143
24-Jul-19,1.9087
23-Jul-19,1.9217
22-Jul-19,1.8995
19-Jul-19,1.8896
18-Jul-19,1.8625
17-Jul-19,1.8926
16-Jul-19,1.9049
15-Jul-19,1.9516
12-Jul-19,1.9801
11-Jul-19,1.9786
10-Jul-19,1.991
9-Jul-19,1.9106
8-Jul-19,1.8953
5-Jul-19,1.905
4-Jul-19,1.8866
3-Jul-19,1.8987
2-Jul-19,1.8863
1-Jul-19,1.9538
28-Jun-19,1.9446
27-Jun-19,1.9525
26-Jun-19,1.9713
25-Jun-19,1.9234
24-Jun-19,1.9089
21-Jun-19,1.9158
20-Jun-19,1.8843
19-Jun-19,1.8294
18-Jun-19,1.8278
17-Jun-19,1.7995
14-Jun-19,1.8294
13-Jun-19,1.8066
12-Jun-19,1.7799
11-Jun-19,1.8221
10-Jun-19,1.8063
7-Jun-19,1.8248
6-Jun-19,1.7883
5-Jun-19,1.78
4-Jun-19,1.8215
3-Jun-19,1.8065
31-May-19,1.8418
30-May-19,1.915
29-May-19,1.9675
28-May-19,1.9925
27-May-19,2.005
26-May-19,1.9861
24-May-19,1.9713
23-May-19,1.9624
22-May-19,2.0491
21-May-19,2.0794
20-May-19,2.0736
17-May-19,2.0955
16-May-19,2.1232
15-May-19,2.0863
14-May-19,2.0589
13-May-19,2.0384
10-May-19,2.0504
9-May-19,2.0436
8-May-19,2.0562
7-May-19,2.0376
6-May-19,2.0676
3-May-19,2.0702
2-May-19,2.0778
1-May-19,2.0942
30-Apr-19,2.0812
29-Apr-19,2.0549
26-Apr-19,2.0512
25-Apr-19,2.0981
24-Apr-19,2.0987
23-Apr-19,2.118
22-Apr-19,2.104
18-Apr-19,2.0709
17-Apr-19,2.0692
16-Apr-19,2.0822
15-Apr-19,2.061
12-Apr-19,2.0707
11-Apr-19,2.0672
10-Apr-19,2.0876
9-Apr-19,2.0449
8-Apr-19,2.0571
5-Apr-19,2.0424
4-Apr-19,2.0134
3-Apr-19,2.0068
2-Apr-19,2.0089
1-Apr-19,1.9881
29-Mar-19,1.9734
28-Mar-19,1.972
27-Mar-19,1.9806
26-Mar-19,1.9899
25-Mar-19,1.9804
22-Mar-19,1.9659
21-Mar-19,1.9871
20-Mar-19,2.0081
19-Mar-19,1.9904
18-Mar-19,1.969
15-Mar-19,1.9677
14-Mar-19,1.9849
13-Mar-19,1.9921
12-Mar-19,1.9857
11-Mar-19,1.9942
8-Mar-19,1.9998
7-Mar-19,2.0127
6-Mar-19,2.0162
5-Mar-19,2.0164
4-Mar-19,2.0143
1-Mar-19,2.001
28-Feb-19,2.0235
27-Feb-19,2.0216
26-Feb-19,1.9985
25-Feb-19,1.9746
22-Feb-19,2.0311
21-Feb-19,2.0363
20-Feb-19,2.0183
19-Feb-19,1.9946
18-Feb-19,2.0187
17-Feb-19,2.0231
15-Feb-19,2.0203
14-Feb-19,1.9716
13-Feb-19,1.9388
12-Feb-19,1.9072
11-Feb-19,1.8922
8-Feb-19,1.9085
7-Feb-19,1.9005
6-Feb-19,1.9122
5-Feb-19,1.8975
4-Feb-19,1.9074
1-Feb-19,1.9127
31-Jan-19,1.8788
30-Jan-19,1.8984
29-Jan-19,1.8975
28-Jan-19,1.8377
25-Jan-19,1.8919
24-Jan-19,1.8856
23-Jan-19,1.8886
22-Jan-19,1.9011
21-Jan-19,1.9244
20-Jan-19,1.907
18-Jan-19,1.916
17-Jan-19,1.8843
16-Jan-19,1.8946
15-Jan-19,1.8722
14-Jan-19,1.8525
11-Jan-19,1.8797
10-Jan-19,1.9061
9-Jan-19,1.8808
8-Jan-19,1.827
7-Jan-19,1.7784
4-Jan-19,1.7692
3-Jan-19,1.742
2-Jan-19,1.7006
1-Jan-19,1.6856
31-Dec-18,1.6808
28-Dec-18,1.6647
27-Dec-18,1.6783
26-Dec-18,1.7336
25-Dec-18,1.6706
24-Dec-18,1.6622
21-Dec-18,1.7327
20-Dec-18,1.7497
19-Dec-18,1.8054
18-Dec-18,1.7539
17-Dec-18,1.8267
14-Dec-18,1.8453
13-Dec-18,1.8765
12-Dec-18,1.8509
11-Dec-18,1.8471
10-Dec-18,1.8441
7-Dec-18,1.8862
6-Dec-18,1.8582
5-Dec-18,1.8886
4-Dec-18,1.9009
3-Dec-18,1.8875
30-Nov-18,1.8455
29-Nov-18,1.8436
28-Nov-18,1.8384
27-Nov-18,1.886
26-Nov-18,1.893
23-Nov-18,1.8762
22-Nov-18,1.9612
21-Nov-18,1.9702
20-Nov-18,1.9902
19-Nov-18,2.0864
16-Nov-18,2.0737
15-Nov-18,2.0741
14-Nov-18,2.0959
13-Nov-18,2.0625
12-Nov-18,2.1556
9-Nov-18,2.1728
8-Nov-18,2.1683
7-Nov-18,2.2371
6-Nov-18,2.1883
5-Nov-18,2.1963
2-Nov-18,2.1728
1-Nov-18,2.2008
31-Oct-18,2.2618
30-Oct-18,2.2598
29-Oct-18,2.2843
26-Oct-18,2.303
25-Oct-18,2.2781
24-Oct-18,2.2521
23-Oct-18,2.2484
22-Oct-18,2.3181
19-Oct-18,2.302
18-Oct-18,2.2949
17-Oct-18,2.3111
16-Oct-18,2.3402
15-Oct-18,2.3257
12-Oct-18,2.3213
11-Oct-18,2.3322
10-Oct-18,2.3949
9-Oct-18,2.4238
8-Oct-18,2.3942
5-Oct-18,2.3923
4-Oct-18,2.3997
3-Oct-18,2.4372
2-Oct-18,2.4076
1-Oct-18,2.4079
28-Sep-18,2.3518
27-Sep-18,2.3231
26-Sep-18,2.2998
25-Sep-18,2.3053
24-Sep-18,2.2859
21-Sep-18,2.226
20-Sep-18,2.228
19-Sep-18,2.2466
18-Sep-18,2.2357
17-Sep-18,2.2064
14-Sep-18,2.2092
13-Sep-18,2.2235
12-Sep-18,2.2577
11-Sep-18,2.252
10-Sep-18,2.2178
7-Sep-18,2.2182
6-Sep-18,2.2091
5-Sep-18,2.2345
4-Sep-18,2.2547
3-Sep-18,2.2693
2-Sep-18,2.2474
31-Aug-18,2.2413
30-Aug-18,2.2483
29-Aug-18,2.2421
28-Aug-18,2.2114
27-Aug-18,2.2149
24-Aug-18,2.2022
23-Aug-18,2.1754
22-Aug-18,2.1683
21-Aug-18,2.1236
20-Aug-18,2.1138
17-Aug-18,2.0982
16-Aug-18,2.0964
15-Aug-18,2.0904
14-Aug-18,2.1287
13-Aug-18,2.137
10-Aug-18,2.1397
9-Aug-18,2.1119
8-Aug-18,2.1157
7-Aug-18,2.1691
6-Aug-18,2.1393
3-Aug-18,2.1269
2-Aug-18,2.1318
1-Aug-18,2.0974
31-Jul-18,2.1319
30-Jul-18,2.171
27-Jul-18,2.1552
26-Jul-18,2.1769
25-Jul-18,2.1512
24-Jul-18,2.1326
23-Jul-18,2.118
20-Jul-18,2.1044
19-Jul-18,2.0901
18-Jul-18,2.0903
17-Jul-18,2.0701
16-Jul-18,2.0543
13-Jul-18,2.1334
12-Jul-18,2.1231
11-Jul-18,2.1008
10-Jul-18,2.2218
9-Jul-18,2.1957
6-Jul-18,2.1684
5-Jul-18,2.1787
4-Jul-18,2.1724
3-Jul-18,2.1642
2-Jul-18,2.1558
29-Jun-18,2.2093
28-Jun-18,2.1782
27-Jun-18,2.1772
26-Jun-18,2.129
25-Jun-18,2.1004
22-Jun-18,2.1254
21-Jun-18,2.0701
20-Jun-18,2.1071
19-Jun-18,2.1218
18-Jun-18,2.1316
15-Jun-18,2.087
14-Jun-18,2.1587
13-Jun-18,2.1851
12-Jun-18,2.1618
11-Jun-18,2.1607
8-Jun-18,2.1643
7-Jun-18,2.1799
6-Jun-18,2.1266
5-Jun-18,2.1416
4-Jun-18,2.1525
1-Jun-18,2.1763
31-May-18,2.1914
30-May-18,2.2317
29-May-18,2.1859
28-May-18,2.1902
27-May-18,2.1966
25-May-18,2.2098
24-May-18,2.2667
23-May-18,2.2896
22-May-18,2.28
21-May-18,2.2738
18-May-18,2.2655
17-May-18,2.2808
16-May-18,2.2692
15-May-18,2.249
14-May-18,2.2496
11-May-18,2.222
10-May-18,2.2228
9-May-18,2.218
8-May-18,2.1577
7-May-18,2.185
4-May-18,2.154
3-May-18,2.1127
2-May-18,2.1215
1-May-18,2.0997
30-Apr-18,2.1674
27-Apr-18,2.1509
26-Apr-18,2.16
25-Apr-18,2.136
24-Apr-18,2.1276
23-Apr-18,2.1409
20-Apr-18,2.123
19-Apr-18,2.1094
18-Apr-18,2.0911
17-Apr-18,2.0571
16-Apr-18,2.0703
13-Apr-18,2.1002
12-Apr-18,2.0838
11-Apr-18,2.0927
10-Apr-18,2.0648
9-Apr-18,1.9966
6-Apr-18,1.9578
5-Apr-18,1.9765
4-Apr-18,1.9773
3-Apr-18,1.995
2-Apr-18,1.9802
29-Mar-18,2.0284
28-Mar-18,2.0148
27-Mar-18,2.0224
26-Mar-18,2.015
23-Mar-18,2.0184
22-Mar-18,1.9923
21-Mar-18,2.0037
20-Mar-18,1.9495
19-Mar-18,1.907
16-Mar-18,1.9118
15-Mar-18,1.8929
14-Mar-18,1.8871
13-Mar-18,1.8739
12-Mar-18,1.8647
9-Mar-18,1.8866
8-Mar-18,1.8591
7-Mar-18,1.8746
6-Mar-18,1.9033
5-Mar-18,1.8967
2-Mar-18,1.8796
1-Mar-18,1.8855
28-Feb-18,1.9136
27-Feb-18,1.963
26-Feb-18,1.9859
23-Feb-18,1.9694
22-Feb-18,1.9527
21-Feb-18,1.9323
20-Feb-18,1.9277
19-Feb-18,1.9359
18-Feb-18,1.9156
16-Feb-18,1.9104
15-Feb-18,1.8916
14-Feb-18,1.8844
13-Feb-18,1.8369
12-Feb-18,1.8389
9-Feb-18,1.8551
8-Feb-18,1.9213
7-Feb-18,1.9313
6-Feb-18,1.9851
5-Feb-18,2.0196
2-Feb-18,2.0535
1-Feb-18,2.0904
31-Jan-18,2.0692
30-Jan-18,2.0717
29-Jan-18,2.1048
26-Jan-18,2.136
25-Jan-18,2.1154
24-Jan-18,2.1061
23-Jan-18,2.0861
22-Jan-18,2.0569
19-Jan-18,2.0584
18-Jan-18,2.0617
17-Jan-18,2.0691
16-Jan-18,2.0634
15-Jan-18,2.1042
14-Jan-18,2.0854
12-Jan-18,2.085
11-Jan-18,2.0767
10-Jan-18,2.0807
9-Jan-18,2.0662
8-Jan-18,2.0454
5-Jan-18,2.0587
4-Jan-18,2.077
3-Jan-18,2.088
2-Jan-18,2.0584
1-Jan-18,2.0805
29-Dec-17,2.0755
28-Dec-17,2.0521
27-Dec-17,2.0402
26-Dec-17,2.0385
22-Dec-17,1.9694
21-Dec-17,1.9502
20-Dec-17,1.9442
19-Dec-17,1.9399
18-Dec-17,1.9252
15-Dec-17,1.9035
14-Dec-17,1.9099
13-Dec-17,1.9044
12-Dec-17,1.9336
11-Dec-17,1.9506
8-Dec-17,1.9288
7-Dec-17,1.897
6-Dec-17,1.8613
5-Dec-17,1.9139
4-Dec-17,1.8945
1-Dec-17,1.9413
30-Nov-17,1.8927
29-Nov-17,1.9221
28-Nov-17,1.9507
27-Nov-17,1.9478
24-Nov-17,1.9529
23-Nov-17,1.9403
22-Nov-17,1.9326
21-Nov-17,1.9359
20-Nov-17,1.9321
17-Nov-17,1.9466
16-Nov-17,1.9021
15-Nov-17,1.9087
14-Nov-17,1.907
13-Nov-17,1.9321
10-Nov-17,1.9349
9-Nov-17,1.9469
8-Nov-17,1.9216
7-Nov-17,1.9219
6-Nov-17,1.9422
3-Nov-17,1.8866
2-Nov-17,1.8539
1-Nov-17,1.8625
31-Oct-17,1.8845
30-Oct-17,1.8777
27-Oct-17,1.8669
26-Oct-17,1.8419
25-Oct-17,1.8182
24-Oct-17,1.8221
23-Oct-17,1.7878
20-Oct-17,1.8052
19-Oct-17,1.7767
18-Oct-17,1.8028
17-Oct-17,1.8098
16-Oct-17,1.8129
13-Oct-17,1.797
12-Oct-17,1.7655
11-Oct-17,1.7861
10-Oct-17,1.7649
9-Oct-17,1.7352
6-Oct-17,1.7439
5-Oct-17,1.7863
4-Oct-17,1.7739
3-Oct-17,1.7505
2-Oct-17,1.7665
29-Sep-17,1.8117
28-Sep-17,1.832
27-Sep-17,1.8463
26-Sep-17,1.8453
25-Sep-17,1.8563
22-Sep-17,1.8163
21-Sep-17,1.8153
20-Sep-17,1.807
19-Sep-17,1.7726
18-Sep-17,1.7796
15-Sep-17,1.7988
14-Sep-17,1.7775
13-Sep-17,1.7685
12-Sep-17,1.7406
11-Sep-17,1.7427
8-Sep-17,1.7657
7-Sep-17,1.7861
6-Sep-17,1.7595
5-Sep-17,1.748
4-Sep-17,1.7167
3-Sep-17,1.7326
1-Sep-17,1.7468
31-Aug-17,1.7575
30-Aug-17,1.6738
29-Aug-17,1.6655
28-Aug-17,1.6352
25-Aug-17,1.6223
24-Aug-17,1.621
23-Aug-17,1.6244
22-Aug-17,1.5912
21-Aug-17,1.5712
18-Aug-17,1.6204
17-Aug-17,1.582
16-Aug-17,1.5744
15-Aug-17,1.5996
14-Aug-17,1.6057
11-Aug-17,1.6346
10-Aug-17,1.6313
9-Aug-17,1.6533
8-Aug-17,1.6292
7-Aug-17,1.6398
4-Aug-17,1.6486
3-Aug-17,1.6389
2-Aug-17,1.6588
1-Aug-17,1.6413
31-Jul-17,1.6519
28-Jul-17,1.6397
27-Jul-17,1.6032
26-Jul-17,1.5953
25-Jul-17,1.5685
24-Jul-17,1.5169
21-Jul-17,1.5152
20-Jul-17,1.5436
19-Jul-17,1.5514
18-Jul-17,1.5104
17-Jul-17,1.4995
14-Jul-17,1.515
13-Jul-17,1.4917
12-Jul-17,1.4737
11-Jul-17,1.4763
10-Jul-17,1.4536
7-Jul-17,1.4482
6-Jul-17,1.4819
5-Jul-17,1.4785
4-Jul-17,1.5196
3-Jul-17,1.5128
30-Jun-17,1.4755
29-Jun-17,1.446
28-Jun-17,1.433
27-Jun-17,1.4137
26-Jun-17,1.3802
23-Jun-17,1.3717
22-Jun-17,1.3716
21-Jun-17,1.3648
20-Jun-17,1.3949
19-Jun-17,1.4111
16-Jun-17,1.427
15-Jun-17,1.4146
14-Jun-17,1.4102
13-Jun-17,1.4477
12-Jun-17,1.4254
9-Jun-17,1.4312
8-Jun-17,1.4223
7-Jun-17,1.4162
6-Jun-17,1.4662
5-Jun-17,1.4593
2-Jun-17,1.4848
1-Jun-17,1.5017
31-May-17,1.5153
30-May-17,1.5494
29-May-17,1.569
28-May-17,1.5709
26-May-17,1.5633
25-May-17,1.5509
24-May-17,1.6063
23-May-17,1.6067
22-May-17,1.6021
19-May-17,1.5827
18-May-17,1.5453
17-May-17,1.5335
16-May-17,1.5164
15-May-17,1.5096
12-May-17,1.4933
11-May-17,1.4899
10-May-17,1.4754
9-May-17,1.4421
8-May-17,1.4556
5-May-17,1.4366
4-May-17,1.4123
3-May-17,1.4736
2-May-17,1.468
1-May-17,1.4878
28-Apr-17,1.504
27-Apr-17,1.5072
26-Apr-17,1.5367
25-Apr-17,1.5452
24-Apr-17,1.5427
21-Apr-17,1.5533
20-Apr-17,1.5789
19-Apr-17,1.5813
18-Apr-17,1.6219
17-Apr-17,1.6329
13-Apr-17,1.6495
12-Apr-17,1.652
11-Apr-17,1.6506
10-Apr-17,1.6473
7-Apr-17,1.6284
6-Apr-17,1.6129
5-Apr-17,1.6035
4-Apr-17,1.5923
3-Apr-17,1.5634
31-Mar-17,1.5736
30-Mar-17,1.5582
29-Mar-17,1.5425
28-Mar-17,1.5167
27-Mar-17,1.5025
24-Mar-17,1.4976
23-Mar-17,1.4901
22-Mar-17,1.4968
21-Mar-17,1.5033
20-Mar-17,1.5141
17-Mar-17,1.5085
16-Mar-17,1.5043
15-Mar-17,1.5124
14-Mar-17,1.4919
13-Mar-17,1.5006
10-Mar-17,1.5036
9-Mar-17,1.5295
8-Mar-17,1.5567
7-Mar-17,1.6139
6-Mar-17,1.6045
3-Mar-17,1.5936
2-Mar-17,1.5791
1-Mar-17,1.6241
28-Feb-17,1.6208
27-Feb-17,1.6399
24-Feb-17,1.6404
23-Feb-17,1.6567
22-Feb-17,1.6296
21-Feb-17,1.6425
20-Feb-17,1.6444
19-Feb-17,1.6375
17-Feb-17,1.6364
16-Feb-17,1.6291
15-Feb-17,1.6305
14-Feb-17,1.6382
13-Feb-17,1.6273
10-Feb-17,1.6659
9-Feb-17,1.6415
8-Feb-17,1.636
7-Feb-17,1.6221
6-Feb-17,1.6352
3-Feb-17,1.6651
2-Feb-17,1.6518
1-Feb-17,1.674
31-Jan-17,1.6117
30-Jan-17,1.6067
27-Jan-17,1.6189
26-Jan-17,1.6409
25-Jan-17,1.6114
24-Jan-17,1.6415
23-Jan-17,1.6265
20-Jan-17,1.6459
19-Jan-17,1.6183
18-Jan-17,1.6092
17-Jan-17,1.6486
16-Jan-17,1.6626
15-Jan-17,1.6564
13-Jan-17,1.6514
12-Jan-17,1.6756
11-Jan-17,1.6524
10-Jan-17,1.6114
9-Jan-17,1.6376
6-Jan-17,1.7032
5-Jan-17,1.6942
4-Jan-17,1.693
3-Jan-17,1.6767
2-Jan-17,1.7298
30-Dec-16,1.7043
29-Dec-16,1.7037
28-Dec-16,1.6993
27-Dec-16,1.6994
26-Dec-16,1.684
23-Dec-16,1.6628
22-Dec-16,1.6608
21-Dec-16,1.6401
20-Dec-16,1.6688
19-Dec-16,1.669
16-Dec-16,1.6723
15-Dec-16,1.642
14-Dec-16,1.6435
13-Dec-16,1.6747
12-Dec-16,1.6717
9-Dec-16,1.6374
8-Dec-16,1.6259
7-Dec-16,1.6184
6-Dec-16,1.6379
5-Dec-16,1.6571
2-Dec-16,1.6581
1-Dec-16,1.6479
30-Nov-16,1.5709
29-Nov-16,1.4627
28-Nov-16,1.5128
25-Nov-16,1.47
24-Nov-16,1.5251
23-Nov-16,1.5169
22-Nov-16,1.5263
21-Nov-16,1.5245
18-Nov-16,1.4577
17-Nov-16,1.447
16-Nov-16,1.435
15-Nov-16,1.4439
14-Nov-16,1.3855
11-Nov-16,1.4012
10-Nov-16,1.4366
9-Nov-16,1.4411
8-Nov-16,1.4411
7-Nov-16,1.4406
4-Nov-16,1.4303
3-Nov-16,1.4582
2-Nov-16,1.4665
1-Nov-16,1.5169
31-Oct-16,1.4955
28-Oct-16,1.5422
27-Oct-16,1.5701
26-Oct-16,1.5511
25-Oct-16,1.5631
24-Oct-16,1.5798
21-Oct-16,1.574
20-Oct-16,1.5596
19-Oct-16,1.5879
18-Oct-16,1.5686
17-Oct-16,1.5561
14-Oct-16,1.5673
13-Oct-16,1.5796
12-Oct-16,1.5668
11-Oct-16,1.5873
10-Oct-16,1.6102
7-Oct-16,1.5793
6-Oct-16,1.5958
5-Oct-16,1.5823
4-Oct-16,1.5544
3-Oct-16,1.5532
30-Sep-16,1.5279
29-Sep-16,1.5102
28-Sep-16,1.491
27-Sep-16,1.4099
26-Sep-16,1.449
23-Sep-16,1.4073
22-Sep-16,1.4542
21-Sep-16,1.429
20-Sep-16,1.405
19-Sep-16,1.3944
16-Sep-16,1.4051
15-Sep-16,1.4162
14-Sep-16,1.3817
13-Sep-16,1.4229
12-Sep-16,1.4415
9-Sep-16,1.4304
8-Sep-16,1.4822
7-Sep-16,1.4265
6-Sep-16,1.4085
5-Sep-16,1.4259
4-Sep-16,1.4009
2-Sep-16,1.4096
1-Sep-16,1.3819
31-Aug-16,1.4102
30-Aug-16,1.4711
29-Aug-16,1.4862
26-Aug-16,1.4972
25-Aug-16,1.5094
24-Aug-16,1.4963
23-Aug-16,1.5018
22-Aug-16,1.4864
19-Aug-16,1.5196
18-Aug-16,1.526
17-Aug-16,1.4892
16-Aug-16,1.4613
15-Aug-16,1.4499
12-Aug-16,1.4086
11-Aug-16,1.3849
10-Aug-16,1.3184
9-Aug-16,1.3307
8-Aug-16,1.3436
5-Aug-16,1.317
4-Aug-16,1.3259
3-Aug-16,1.2875
2-Aug-16,1.259
1-Aug-16,1.2579
29-Jul-16,1.276
28-Jul-16,1.2704
27-Jul-16,1.295
26-Jul-16,1.326
25-Jul-16,1.3228
22-Jul-16,1.357
21-Jul-16,1.3707
20-Jul-16,1.4054
19-Jul-16,1.3841
18-Jul-16,1.3778
15-Jul-16,1.3974
14-Jul-16,1.4064
13-Jul-16,1.3809
12-Jul-16,1.4632
11-Jul-16,1.4163
8-Jul-16,1.4123
7-Jul-16,1.4106
6-Jul-16,1.4711
5-Jul-16,1.4456
4-Jul-16,1.4999
3-Jul-16,1.5161
1-Jul-16,1.5115
30-Jun-16,1.4847
29-Jun-16,1.5335
28-Jun-16,1.4711
27-Jun-16,1.4292
24-Jun-16,1.4553
23-Jun-16,1.5206
22-Jun-16,1.5048
21-Jun-16,1.5167
20-Jun-16,1.5274
17-Jun-16,1.4817
16-Jun-16,1.4229
15-Jun-16,1.4778
14-Jun-16,1.502
13-Jun-16,1.5145
10-Jun-16,1.516
9-Jun-16,1.5512
8-Jun-16,1.5705
7-Jun-16,1.5415
6-Jun-16,1.5031
3-Jun-16,1.4881
2-Jun-16,1.5088
1-Jun-16,1.4989
31-May-16,1.4975
30-May-16,1.5151
29-May-16,1.5015
27-May-16,1.494
26-May-16,1.5013
25-May-16,1.5127
24-May-16,1.4887
23-May-16,1.4775
20-May-16,1.49
19-May-16,1.4788
18-May-16,1.4831
17-May-16,1.4674
16-May-16,1.4401
13-May-16,1.4031
12-May-16,1.394
11-May-16,1.3967
10-May-16,1.3375
9-May-16,1.2863
6-May-16,1.3373
5-May-16,1.3287
4-May-16,1.3282
3-May-16,1.3334
2-May-16,1.3555
29-Apr-16,1.3779
28-Apr-16,1.4046
27-Apr-16,1.3795
26-Apr-16,1.3325
25-Apr-16,1.2903
22-Apr-16,1.3089
21-Apr-16,1.2998
20-Apr-16,1.3322
19-Apr-16,1.2632
18-Apr-16,1.2359
15-Apr-16,1.2322
14-Apr-16,1.2543
13-Apr-16,1.2656
12-Apr-16,1.2759
11-Apr-16,1.2147
8-Apr-16,1.2004
7-Apr-16,1.1257
6-Apr-16,1.1403
5-Apr-16,1.0746
4-Apr-16,1.0889
1-Apr-16,1.1317
31-Mar-16,1.1848
30-Mar-16,1.1597
29-Mar-16,1.1555
28-Mar-16,1.1801
24-Mar-16,1.1979
23-Mar-16,1.204
22-Mar-16,1.2521
21-Mar-16,1.2374
18-Mar-16,1.2391
17-Mar-16,1.2545
16-Mar-16,1.2312
15-Mar-16,1.1777
14-Mar-16,1.1965
11-Mar-16,1.218
10-Mar-16,1.2161
9-Mar-16,1.2327
8-Mar-16,1.2
7-Mar-16,1.2225
4-Mar-16,1.1613
3-Mar-16,1.1202
2-Mar-16,1.1065
1-Mar-16,1.0995
29-Feb-16,1.076
26-Feb-16,1.0512
25-Feb-16,1.07
24-Feb-16,1.0594
23-Feb-16,1.0221
22-Feb-16,1.0551
19-Feb-16,1.0255
18-Feb-16,1.0792
17-Feb-16,1.0879
16-Feb-16,1.027
15-Feb-16,1.069
14-Feb-16,1.058
12-Feb-16,1.0693
11-Feb-16,0.9791
10-Feb-16,0.9749
9-Feb-16,0.9749
8-Feb-16,1.0464
5-Feb-16,1.059
4-Feb-16,1.0805
3-Feb-16,1.0786
2-Feb-16,1.0109
1-Feb-16,1.0365
29-Jan-16,1.0551
28-Jan-16,1.0309
27-Jan-16,1.0252
26-Jan-16,0.9677
25-Jan-16,0.9353
22-Jan-16,0.9957
21-Jan-16,0.8975
20-Jan-16,0.8657
19-Jan-16,0.9087
18-Jan-16,0.9214
17-Jan-16,0.9182
15-Jan-16,0.9343
14-Jan-16,0.9808
13-Jan-16,0.9694
12-Jan-16,0.9901
11-Jan-16,1.0149
8-Jan-16,1.0521
7-Jan-16,1.0656
6-Jan-16,1.0807
5-Jan-16,1.1253
4-Jan-16,1.1264
31-Dec-15,1.1007
30-Dec-15,1.0791
29-Dec-15,1.1295
28-Dec-15,1.0904
24-Dec-15,1.1009
23-Dec-15,1.1192
22-Dec-15,1.0876
21-Dec-15,1.1004
18-Dec-15,1.1071
17-Dec-15,1.1053
16-Dec-15,1.1122
15-Dec-15,1.1467
14-Dec-15,1.1277
11-Dec-15,1.1456
10-Dec-15,1.2251
9-Dec-15,1.2389
8-Dec-15,1.2592
7-Dec-15,1.2796
4-Dec-15,1.3424
3-Dec-15,1.3586
2-Dec-15,1.3049
1-Dec-15,1.369
30-Nov-15,1.3369
27-Nov-15,1.3524
26-Nov-15,1.3785
25-Nov-15,1.4027
24-Nov-15,1.3997
23-Nov-15,1.3743
20-Nov-15,1.3713
19-Nov-15,1.3718
18-Nov-15,1.3804
17-Nov-15,1.3681
16-Nov-15,1.3851
13-Nov-15,1.3813
12-Nov-15,1.4066
11-Nov-15,1.4477
10-Nov-15,1.4865
9-Nov-15,1.4774
6-Nov-15,1.4896
5-Nov-15,1.4872
4-Nov-15,1.5035
3-Nov-15,1.566
2-Nov-15,1.5069
30-Oct-15,1.4994
29-Oct-15,1.4748
28-Oct-15,1.4839
27-Oct-15,1.4244
26-Oct-15,1.4259
23-Oct-15,1.4544
22-Oct-15,1.465
21-Oct-15,1.45
20-Oct-15,1.4487
19-Oct-15,1.4491
16-Oct-15,1.4966
15-Oct-15,1.4863
14-Oct-15,1.4833
13-Oct-15,1.4708
12-Oct-15,1.5024
9-Oct-15,1.5909
8-Oct-15,1.6018
7-Oct-15,1.5796
6-Oct-15,1.6115
5-Oct-15,1.5483
2-Oct-15,1.5199
1-Oct-15,1.5198
30-Sep-15,1.5126
29-Sep-15,1.4976
28-Sep-15,1.4772
25-Sep-15,1.5225
24-Sep-15,1.5237
23-Sep-15,1.5056
22-Sep-15,1.532
21-Sep-15,1.514
18-Sep-15,1.4907
17-Sep-15,1.5297
16-Sep-15,1.5414
15-Sep-15,1.5
14-Sep-15,1.5035
11-Sep-15,1.55
10-Sep-15,1.5747
9-Sep-15,1.5386
8-Sep-15,1.5938
7-Sep-15,1.5666
6-Sep-15,1.5885
4-Sep-15,1.596
3-Sep-15,1.6188
2-Sep-15,1.6092
1-Sep-15,1.5779
31-Aug-15,1.6736
28-Aug-15,1.5764
27-Aug-15,1.496
26-Aug-15,1.3809
25-Aug-15,1.3952
24-Aug-15,1.3929
21-Aug-15,1.4624
20-Aug-15,1.4956
19-Aug-15,1.518
18-Aug-15,1.5586
17-Aug-15,1.5548
14-Aug-15,1.5579
13-Aug-15,1.5687
12-Aug-15,1.5869
11-Aug-15,1.5629
10-Aug-15,1.5921
7-Aug-15,1.5436
6-Aug-15,1.5499
5-Aug-15,1.5385
4-Aug-15,1.5475
3-Aug-15,1.5305
31-Jul-15,1.584
30-Jul-15,1.5982
29-Jul-15,1.5983
28-Jul-15,1.6044
27-Jul-15,1.5956
24-Jul-15,1.6302
23-Jul-15,1.6546
22-Jul-15,1.6717
21-Jul-15,1.6784
20-Jul-15,1.6584
17-Jul-15,1.6641
16-Jul-15,1.6662
15-Jul-15,1.6693
14-Jul-15,1.7253
13-Jul-15,1.7187
10-Jul-15,1.7399
9-Jul-15,1.736
8-Jul-15,1.7152
7-Jul-15,1.7113
6-Jul-15,1.7089
3-Jul-15,1.7996
2-Jul-15,1.8399
1-Jul-15,1.8393
30-Jun-15,1.8866
29-Jun-15,1.8366
26-Jun-15,1.8628
25-Jun-15,1.8623
24-Jun-15,1.8761
23-Jun-15,1.9112
22-Jun-15,1.8694
19-Jun-15,1.8669
18-Jun-15,1.9152
17-Jun-15,1.9098
16-Jun-15,1.8849
15-Jun-15,1.8703
12-Jun-15,1.8892
11-Jun-15,1.921
10-Jun-15,1.9459
9-Jun-15,1.9179
8-Jun-15,1.8548
5-Jun-15,1.8696
4-Jun-15,1.8439
3-Jun-15,1.8918
2-Jun-15,1.9455
1-Jun-15,1.9264
29-May-15,1.9553
28-May-15,1.8704
27-May-15,1.8566
26-May-15,1.9002
25-May-15,1.9558
24-May-15,1.963
22-May-15,1.9525
21-May-15,1.9859
20-May-15,1.946
19-May-15,1.9292
18-May-15,1.9868
15-May-15,2.0048
14-May-15,2.0056
13-May-15,2.0051
12-May-15,1.9989
11-May-15,1.9454
8-May-15,1.9537
7-May-15,1.9617
6-May-15,2.0161
5-May-15,2.0145
4-May-15,1.9787
1-May-15,1.9822
30-Apr-15,1.9763
29-Apr-15,1.9481
28-Apr-15,1.9166
27-Apr-15,1.9214
24-Apr-15,1.9283
23-Apr-15,1.9239
22-Apr-15,1.8708
21-Apr-15,1.8532
20-Apr-15,1.8771
17-Apr-15,1.8824
16-Apr-15,1.908
15-Apr-15,1.8888
14-Apr-15,1.8017
13-Apr-15,1.7833
10-Apr-15,1.7661
9-Apr-15,1.7268
8-Apr-15,1.6981
7-Apr-15,1.7838
6-Apr-15,1.7643
3-Apr-15,1.7643
2-Apr-15,1.6825
1-Apr-15,1.7469
31-Mar-15,1.7179
30-Mar-15,1.7312
27-Mar-15,1.7275
26-Mar-15,1.7876
25-Mar-15,1.7283
24-Mar-15,1.7065
23-Mar-15,1.7307
20-Mar-15,1.7343
19-Mar-15,1.7223
18-Mar-15,1.7725
17-Mar-15,1.6939
16-Mar-15,1.6986
13-Mar-15,1.713
12-Mar-15,1.7791
11-Mar-15,1.8204
10-Mar-15,1.8135
9-Mar-15,1.8398
6-Mar-15,1.869
5-Mar-15,1.8773
4-Mar-15,1.9013
3-Mar-15,1.9395
2-Mar-15,1.8873
27-Feb-15,2.2989
26-Feb-15,2.1358
25-Feb-15,2.1036
24-Feb-15,2.0289
23-Feb-15,2.2179
20-Feb-15,2.1118
19-Feb-15,1.9938
18-Feb-15,1.9594
17-Feb-15,1.9774
16-Feb-15,1.9901
15-Feb-15,1.9866
13-Feb-15,1.9714
12-Feb-15,1.9137
11-Feb-15,1.8141
10-Feb-15,1.8327
9-Feb-15,1.8729
6-Feb-15,1.8391
5-Feb-15,1.8059
4-Feb-15,1.7666
3-Feb-15,1.8465
2-Feb-15,1.7575
30-Jan-15,1.6863
29-Jan-15,1.6184
28-Jan-15,1.6318
27-Jan-15,1.6628
26-Jan-15,1.6398
23-Jan-15,1.6467
22-Jan-15,1.6379
21-Jan-15,1.6464
20-Jan-15,1.6266
19-Jan-15,1.6458
18-Jan-15,1.6588
16-Jan-15,1.6656
15-Jan-15,1.6233
14-Jan-15,1.6552
13-Jan-15,1.633
12-Jan-15,1.6541
9-Jan-15,1.703
8-Jan-15,1.711
7-Jan-15,1.6999
6-Jan-15,1.7262
5-Jan-15,1.7492
2-Jan-15,1.7957
1-Jan-15,1.8704
31-Dec-14,1.8466
30-Dec-14,1.8688
29-Dec-14,1.8491
26-Dec-14,1.9079
25-Dec-14,1.9268
24-Dec-14,1.9236
23-Dec-14,1.9907
22-Dec-14,1.9514
19-Dec-14,1.9622
18-Dec-14,1.9387
17-Dec-14,2.0085
16-Dec-14,1.96
15-Dec-14,2.0017
12-Dec-14,2.016
11-Dec-14,2.0614
10-Dec-14,2.0464
9-Dec-14,2.084
8-Dec-14,2.0549
5-Dec-14,2.1078
4-Dec-14,2.1177
3-Dec-14,2.1334
2-Dec-14,2.1544
1-Dec-14,2.2124
28-Nov-14,2.2308
27-Nov-14,2.2206
26-Nov-14,2.3965
25-Nov-14,2.3948
24-Nov-14,2.3955
21-Nov-14,2.4045
20-Nov-14,2.38
19-Nov-14,2.359
18-Nov-14,2.3813
17-Nov-14,2.4039
14-Nov-14,2.4161
13-Nov-14,2.3621
12-Nov-14,2.4469
11-Nov-14,2.4687
10-Nov-14,2.4693
7-Nov-14,2.4995
6-Nov-14,2.4587
5-Nov-14,2.4387
4-Nov-14,2.4427
3-Nov-14,2.4899
31-Oct-14,2.5145
30-Oct-14,2.5128
29-Oct-14,2.535
28-Oct-14,2.4931
27-Oct-14,2.4753
24-Oct-14,2.4819
23-Oct-14,2.499
22-Oct-14,2.4734
21-Oct-14,2.5132
20-Oct-14,2.4856
17-Oct-14,2.4976
16-Oct-14,2.4703
15-Oct-14,2.4586
14-Oct-14,2.4722
13-Oct-14,2.5568
10-Oct-14,2.5602
9-Oct-14,2.5366
8-Oct-14,2.5759
7-Oct-14,2.6073
6-Oct-14,2.6213
3-Oct-14,2.6163
2-Oct-14,2.638
1-Oct-14,2.6556
30-Sep-14,2.6472
29-Sep-14,2.7041
26-Sep-14,2.7005
25-Sep-14,2.6958
24-Sep-14,2.6889
23-Sep-14,2.6832
22-Sep-14,2.6871
19-Sep-14,2.7166
18-Sep-14,2.7123
17-Sep-14,2.7451
16-Sep-14,2.7563
15-Sep-14,2.7396
12-Sep-14,2.7405
11-Sep-14,2.7561
10-Sep-14,2.7533
9-Sep-14,2.7915
8-Sep-14,2.8094
5-Sep-14,2.8192
4-Sep-14,2.8363
3-Sep-14,2.8658
2-Sep-14,2.7967
1-Sep-14,2.8529
29-Aug-14,2.8569
28-Aug-14,2.849
27-Aug-14,2.8605
26-Aug-14,2.8442
25-Aug-14,2.8369
22-Aug-14,2.8279
21-Aug-14,2.8375
20-Aug-14,2.8258
19-Aug-14,2.8171
18-Aug-14,2.806
15-Aug-14,2.848
14-Aug-14,2.8195
13-Aug-14,2.9019
12-Aug-14,2.845
11-Aug-14,2.8792
8-Aug-14,2.8769
7-Aug-14,2.8957
6-Aug-14,2.8761
5-Aug-14,2.8469
4-Aug-14,2.8712
1-Aug-14,2.8661
31-Jul-14,2.8866
30-Jul-14,2.8906
29-Jul-14,2.9067
28-Jul-14,2.8879
25-Jul-14,2.9157
24-Jul-14,2.8709
23-Jul-14,2.8754
22-Jul-14,2.8542
21-Jul-14,2.8588
18-Jul-14,2.8452
17-Jul-14,2.8592
16-Jul-14,2.8578
15-Jul-14,2.8555
14-Jul-14,2.8729
11-Jul-14,2.8609
10-Jul-14,2.8933
9-Jul-14,2.8711
8-Jul-14,2.8736
7-Jul-14,2.9145
4-Jul-14,2.9172
3-Jul-14,2.9284
2-Jul-14,2.9461
1-Jul-14,2.9782
30-Jun-14,2.9708
27-Jun-14,2.9976
26-Jun-14,3.0138
25-Jun-14,3.0298
24-Jun-14,3.0416
23-Jun-14,3.0326
20-Jun-14,3.0512
19-Jun-14,3.0524
18-Jun-14,3.0401
17-Jun-14,3.018
16-Jun-14,2.9979
13-Jun-14,2.9876
12-Jun-14,2.9893
11-Jun-14,2.9043
10-Jun-14,2.8841
9-Jun-14,2.8912
6-Jun-14,2.8712
5-Jun-14,2.8797
4-Jun-14,2.8481
3-Jun-14,2.8658
2-Jun-14,2.8773
30-May-14,2.8846
29-May-14,2.919
28-May-14,2.9306
27-May-14,2.9399
26-May-14,2.9524
23-May-14,2.9549
22-May-14,2.9507
21-May-14,2.9533
20-May-14,2.9492
19-May-14,2.9409
16-May-14,2.9536
15-May-14,2.9506
14-May-14,2.9626
13-May-14,2.944
12-May-14,2.9185
9-May-14,2.9068
8-May-14,2.9202
7-May-14,2.9275
6-May-14,2.8877
5-May-14,2.9064
2-May-14,2.9223
1-May-14,2.914
30-Apr-14,2.9349
29-Apr-14,2.9701
28-Apr-14,2.9519
25-Apr-14,2.9866
24-Apr-14,3.0145
23-Apr-14,2.9809
22-Apr-14,3.0026
21-Apr-14,3.0117
17-Apr-14,3.0082
16-Apr-14,3.0106
15-Apr-14,2.987
14-Apr-14,2.9791
11-Apr-14,2.9332
10-Apr-14,2.939
9-Apr-14,2.954
8-Apr-14,2.9344
7-Apr-14,2.8907
4-Apr-14,2.9079
3-Apr-14,2.9062
2-Apr-14,2.8666
1-Apr-14,2.8878
31-Mar-14,2.932
28-Mar-14,2.9579
27-Mar-14,2.9477
26-Mar-14,2.9194
25-Mar-14,2.9215
24-Mar-14,2.9116
21-Mar-14,2.9201
20-Mar-14,2.9213
19-Mar-14,2.901
18-Mar-14,2.9155
17-Mar-14,2.8908
14-Mar-14,2.9431
13-Mar-14,2.9196
12-Mar-14,2.9255
11-Mar-14,2.961
10-Mar-14,2.9674
7-Mar-14,3.0121
6-Mar-14,2.983
5-Mar-14,2.9922
4-Mar-14,3.0407
3-Mar-14,3.0805
28-Feb-14,3.0893
27-Feb-14,3.0865
26-Feb-14,3.1281
25-Feb-14,3.1043
24-Feb-14,3.0872
21-Feb-14,3.0992
20-Feb-14,3.1777
19-Feb-14,3.1468
18-Feb-14,3.1017
17-Feb-14,3.0884
14-Feb-14,3.0782
13-Feb-14,3.0307
12-Feb-14,3.0125
11-Feb-14,3.0281
10-Feb-14,2.9981
7-Feb-14,3.0503
6-Feb-14,2.9951
5-Feb-14,2.9968
4-Feb-14,2.9829
3-Feb-14,3.0075
31-Jan-14,3.2794
30-Jan-14,3.217
29-Jan-14,3.1816
28-Jan-14,3.1218
27-Jan-14,3.0924
24-Jan-14,3.1374
23-Jan-14,3.0765
22-Jan-14,3.0379
21-Jan-14,3.0147
20-Jan-14,3.04
17-Jan-14,3.0237
16-Jan-14,2.9845
15-Jan-14,2.9796
14-Jan-14,2.9363
13-Jan-14,2.9333
10-Jan-14,2.9407
9-Jan-14,2.9214
8-Jan-14,2.9494
7-Jan-14,2.9593
6-Jan-14,2.9388
3-Jan-14,2.9394
2-Jan-14,2.9867
1-Jan-14,3.0682
31-Dec-13,3.0772
30-Dec-13,3.0772
27-Dec-13,3.1241
26-Dec-13,3.0948
24-Dec-13,3.0783
23-Dec-13,3.0601
20-Dec-13,3.0781
19-Dec-13,3.0306
18-Dec-13,3.0101
17-Dec-13,2.9629
16-Dec-13,2.9902
13-Dec-13,2.9757
12-Dec-13,2.9801
11-Dec-13,3.0212
10-Dec-13,3.0173
9-Dec-13,3.0143
6-Dec-13,3.0565
5-Dec-13,3.0496
4-Dec-13,3.0591
3-Dec-13,3.0651
2-Dec-13,3.0501
29-Nov-13,3.0478
28-Nov-13,3.0375
27-Nov-13,3.0469
26-Nov-13,3.0444
25-Nov-13,3.0321
22-Nov-13,3.0413
21-Nov-13,3.0067
20-Nov-13,2.9545
19-Nov-13,2.9058
18-Nov-13,2.9222
15-Nov-13,2.9389
14-Nov-13,2.9306
13-Nov-13,2.8977
12-Nov-13,2.8532
11-Nov-13,2.8913
8-Nov-13,2.8719
7-Nov-13,2.8392
6-Nov-13,2.8696
5-Nov-13,2.8641
4-Nov-13,2.8741
1-Nov-13,2.8822
31-Oct-13,2.9678
30-Oct-13,2.9786
29-Oct-13,2.9641
28-Oct-13,2.9644
25-Oct-13,2.9097
24-Oct-13,2.9003
23-Oct-13,2.9233
22-Oct-13,2.9973
21-Oct-13,3.0106
18-Oct-13,3.0354
17-Oct-13,2.99
16-Oct-13,3.0393
15-Oct-13,3.017
14-Oct-13,3.0317
11-Oct-13,3.0349
10-Oct-13,3.07
9-Oct-13,3.0174
8-Oct-13,3.0325
7-Oct-13,3.0093
4-Oct-13,2.999
3-Oct-13,3.0033
2-Oct-13,2.9927
1-Oct-13,2.9553
30-Sep-13,2.971
27-Sep-13,2.9901
26-Sep-13,3.0037
25-Sep-13,2.9731
24-Sep-13,2.961
23-Sep-13,2.9562
20-Sep-13,3.0042
19-Sep-13,3.004
18-Sep-13,3.0405
17-Sep-13,2.9983
16-Sep-13,3.0637
13-Sep-13,3.1137
12-Sep-13,3.1164
11-Sep-13,3.0718
10-Sep-13,3.0668
9-Sep-13,3.1183
6-Sep-13,3.1637
5-Sep-13,3.1397
4-Sep-13,3.1371
3-Sep-13,3.1483
2-Sep-13,3.1397
30-Aug-13,3.1396
29-Aug-13,3.1849
28-Aug-13,3.2083
27-Aug-13,3.1609
26-Aug-13,3.079
23-Aug-13,3.095
22-Aug-13,3.0699
21-Aug-13,3.0768
20-Aug-13,3.0784
19-Aug-13,3.071
16-Aug-13,3.0831
15-Aug-13,3.0728
14-Aug-13,3.0478
13-Aug-13,3.0471
12-Aug-13,3.0209
9-Aug-13,2.9935
8-Aug-13,2.9574
7-Aug-13,2.9642
6-Aug-13,3.0083
5-Aug-13,3.0522
2-Aug-13,3.0714
1-Aug-13,3.0966
31-Jul-13,3.0431
30-Jul-13,3.0067
29-Jul-13,3.0162
26-Jul-13,3.0101
25-Jul-13,3.035
24-Jul-13,3.047
23-Jul-13,3.0693
22-Jul-13,3.0664
19-Jul-13,3.0894
18-Jul-13,3.1007
17-Jul-13,3.0712
16-Jul-13,3.0469
15-Jul-13,3.0261
12-Jul-13,3.0294
11-Jul-13,2.995
10-Jul-13,3.0017
9-Jul-13,2.9857
8-Jul-13,2.9801
5-Jul-13,2.9897
4-Jul-13,2.9545
3-Jul-13,2.9512
2-Jul-13,2.9014
1-Jul-13,2.8736
28-Jun-13,2.8798
27-Jun-13,2.8894
26-Jun-13,2.8543
25-Jun-13,2.8584
24-Jun-13,2.8547
21-Jun-13,2.8441
20-Jun-13,2.8722
19-Jun-13,2.9725
18-Jun-13,2.9617
17-Jun-13,2.9503
14-Jun-13,2.9622
13-Jun-13,2.9395
12-Jun-13,2.8952
11-Jun-13,2.8575
10-Jun-13,2.8838
7-Jun-13,2.8931
6-Jun-13,2.8714
5-Jun-13,2.8554
4-Jun-13,2.8649
3-Jun-13,2.8334
31-May-13,2.7923
30-May-13,2.8431
29-May-13,2.8695
28-May-13,2.9066
27-May-13,2.8673
24-May-13,2.8569
23-May-13,2.86
22-May-13,2.8736
21-May-13,2.929
20-May-13,2.9508
17-May-13,2.937
16-May-13,2.9087
15-May-13,2.8801
14-May-13,2.873
13-May-13,2.891
10-May-13,2.9062
9-May-13,2.9366
8-May-13,2.9147
7-May-13,2.9277
6-May-13,2.9202
3-May-13,2.8844
2-May-13,2.8555
1-May-13,2.7889
30-Apr-13,2.8734
29-Apr-13,2.9007
26-Apr-13,2.9012
25-Apr-13,2.9017
24-Apr-13,2.8413
23-Apr-13,2.8117
22-Apr-13,2.8094
19-Apr-13,2.7876
18-Apr-13,2.7791
17-Apr-13,2.7346
16-Apr-13,2.8065
15-Apr-13,2.8292
12-Apr-13,2.8718
11-Apr-13,2.8991
10-Apr-13,2.9479
9-Apr-13,2.9613
8-Apr-13,2.9537
5-Apr-13,2.9098
4-Apr-13,2.9636
3-Apr-13,3.002
2-Apr-13,3.0874
1-Apr-13,3.0687
28-Mar-13,2.9152
27-Mar-13,2.9154
26-Mar-13,2.8813
25-Mar-13,2.8772
22-Mar-13,2.8843
21-Mar-13,2.8963
20-Mar-13,2.8921
19-Mar-13,2.8641
18-Mar-13,2.9267
15-Mar-13,2.939
14-Mar-13,2.9295
13-Mar-13,2.9242
12-Mar-13,2.9484
11-Mar-13,2.9691
8-Mar-13,2.9749
7-Mar-13,2.9795
6-Mar-13,2.9756
5-Mar-13,2.973
4-Mar-13,2.9191
1-Mar-13,2.9301
28-Feb-13,2.9719
27-Feb-13,2.9879
26-Feb-13,3.0317
25-Feb-13,3.0989
22-Feb-13,3.1042
21-Feb-13,3.0957
20-Feb-13,3.1563
19-Feb-13,3.1806
18-Feb-13,3.2073
15-Feb-13,3.2104
14-Feb-13,3.2237
13-Feb-13,3.2188
12-Feb-13,3.2362
11-Feb-13,3.2315
8-Feb-13,3.2384
7-Feb-13,3.1995
6-Feb-13,3.1858
5-Feb-13,3.1913
4-Feb-13,3.154
1-Feb-13,3.1606
31-Jan-13,3.1298
30-Jan-13,3.1173
29-Jan-13,3.1092
28-Jan-13,3.0616
25-Jan-13,3.0568
24-Jan-13,3.0864
23-Jan-13,3.0781
22-Jan-13,3.0682
21-Jan-13,3.0707
18-Jan-13,3.0525
17-Jan-13,3.0212
16-Jan-13,2.9991
15-Jan-13,3.0113
14-Jan-13,3.0625
11-Jan-13,3.0085
10-Jan-13,3.0543
9-Jan-13,3.0699
8-Jan-13,3.0585
7-Jan-13,3.0321
4-Jan-13,3.0177
3-Jan-13,3.0251
2-Jan-13,3.0463
1-Jan-13,3.0344
31-Dec-12,3.0451
28-Dec-12,3.0448
27-Dec-12,3.0723
26-Dec-12,3.0513
24-Dec-12,3.0022
21-Dec-12,3.0224
20-Dec-12,3.0575
19-Dec-12,3.0356
18-Dec-12,2.9965
17-Dec-12,2.9563
14-Dec-12,2.9807
13-Dec-12,2.9437
12-Dec-12,2.9668
11-Dec-12,2.927
10-Dec-12,2.8962
7-Dec-12,2.9153
6-Dec-12,2.9432
5-Dec-12,2.9907
4-Dec-12,3.004
3-Dec-12,3.0562
30-Nov-12,3.0413
29-Nov-12,3.0406
28-Nov-12,3.008
27-Nov-12,3.0094
26-Nov-12,3.0465
23-Nov-12,3.0771
22-Nov-12,3.061
21-Nov-12,3.0722
20-Nov-12,3.0392
19-Nov-12,3.0751
16-Nov-12,2.9868
15-Nov-12,2.9735
14-Nov-12,2.9882
13-Nov-12,2.9608
12-Nov-12,2.9992
9-Nov-12,3.0055
8-Nov-12,2.9554
7-Nov-12,2.9621
6-Nov-12,3.0529
5-Nov-12,2.9829
2-Nov-12,2.9474
1-Nov-12,3.0332
31-Oct-12,3.0682
30-Oct-12,3.0866
29-Oct-12,3.1152
26-Oct-12,3.0978
25-Oct-12,3.0621
24-Oct-12,3.0394
23-Oct-12,3.0434
22-Oct-12,3.0767
19-Oct-12,3.1345
18-Oct-12,3.1866
17-Oct-12,3.1894
16-Oct-12,3.1985
15-Oct-12,3.2091
12-Oct-12,3.2239
11-Oct-12,3.2571
10-Oct-12,3.2131
9-Oct-12,3.2032
8-Oct-12,3.1443
5-Oct-12,3.1559
4-Oct-12,3.1884
3-Oct-12,3.0664
2-Oct-12,3.1255
1-Oct-12,3.1358
28-Sep-12,3.1694
27-Sep-12,3.1573
26-Sep-12,3.1068
25-Sep-12,3.1086
24-Sep-12,3.0987
21-Sep-12,3.1207
20-Sep-12,3.0975
19-Sep-12,3.044
18-Sep-12,3.1271
17-Sep-12,3.1634
14-Sep-12,3.2395
13-Sep-12,3.2113
12-Sep-12,3.2152
11-Sep-12,3.1857
10-Sep-12,3.1668
7-Sep-12,3.1489
6-Sep-12,3.1425
5-Sep-12,3.1176
4-Sep-12,3.1468
3-Sep-12,3.1988
31-Aug-12,3.1696
30-Aug-12,3.1245
29-Aug-12,3.1157
28-Aug-12,3.1203
27-Aug-12,3.1118
24-Aug-12,3.1101
23-Aug-12,3.133
22-Aug-12,3.1287
21-Aug-12,3.1243
20-Aug-12,3.0931
17-Aug-12,3.0926
16-Aug-12,3.1229
15-Aug-12,3.0852
14-Aug-12,3.0346
13-Aug-12,3.0183
10-Aug-12,3.0205
9-Aug-12,3.045
8-Aug-12,3.0159
7-Aug-12,2.998
6-Aug-12,2.9409
3-Aug-12,2.9261
2-Aug-12,2.8423
1-Aug-12,2.8588
31-Jul-12,2.8417
30-Jul-12,2.8791
27-Jul-12,2.8895
26-Jul-12,2.8685
25-Jul-12,2.844
24-Jul-12,2.8244
23-Jul-12,2.8189
20-Jul-12,2.9243
19-Jul-12,2.947
18-Jul-12,2.8776
17-Jul-12,2.8422
16-Jul-12,2.8277
13-Jul-12,2.7882
12-Jul-12,2.7733
11-Jul-12,2.7618
10-Jul-12,2.7195
9-Jul-12,2.749
6-Jul-12,2.7099
5-Jul-12,2.7684
4-Jul-12,2.7374
3-Jul-12,2.7585
2-Jul-12,2.6759
29-Jun-12,2.696
28-Jun-12,2.5519
27-Jun-12,2.5937
26-Jun-12,2.5765
25-Jun-12,2.5385
22-Jun-12,2.5337
21-Jun-12,2.5253
20-Jun-12,2.5874
19-Jun-12,2.6351
18-Jun-12,2.6177
15-Jun-12,2.6465
14-Jun-12,2.6278
13-Jun-12,2.6109
12-Jun-12,2.6215
11-Jun-12,2.6357
8-Jun-12,2.6721
7-Jun-12,2.6671
6-Jun-12,2.6717
5-Jun-12,2.6336
4-Jun-12,2.6269
1-Jun-12,2.6279
31-May-12,2.7062
30-May-12,2.7398
29-May-12,2.8088
28-May-12,2.8348
25-May-12,2.8288
24-May-12,2.8219
23-May-12,2.8121
22-May-12,2.8614
21-May-12,2.8603
18-May-12,2.83
17-May-12,2.849
16-May-12,2.8976
15-May-12,2.933
14-May-12,2.9295
11-May-12,2.9636
10-May-12,2.9834
9-May-12,2.9991
8-May-12,2.9901
7-May-12,2.9814
4-May-12,3.0088
3-May-12,3.0869
2-May-12,3.1425
1-May-12,3.1771
30-Apr-12,3.1834
27-Apr-12,3.1807
26-Apr-12,3.1944
25-Apr-12,3.1611
24-Apr-12,3.1295
23-Apr-12,3.1398
20-Apr-12,3.1376
19-Apr-12,3.1251
18-Apr-12,3.1182
17-Apr-12,3.1266
16-Apr-12,3.1166
13-Apr-12,3.1746
12-Apr-12,3.1663
11-Apr-12,3.1149
10-Apr-12,3.0957
9-Apr-12,3.1459
5-Apr-12,3.1692
4-Apr-12,3.1609
3-Apr-12,3.2275
2-Apr-12,3.2496
30-Mar-12,3.1684
29-Mar-12,3.1589
28-Mar-12,3.2079
27-Mar-12,3.2186
26-Mar-12,3.2288
23-Mar-12,3.2101
22-Mar-12,3.1787
21-Mar-12,3.2162
20-Mar-12,3.2367
19-Mar-12,3.2613
16-Mar-12,3.2819
15-Mar-12,3.2225
14-Mar-12,3.2618
13-Mar-12,3.2712
12-Mar-12,3.2429
9-Mar-12,3.2638
8-Mar-12,3.2695
7-Mar-12,3.2194
6-Mar-12,3.1882
5-Mar-12,3.2174
2-Mar-12,3.2018
1-Mar-12,3.2753
29-Feb-12,3.188
28-Feb-12,3.2238
27-Feb-12,3.2864
24-Feb-12,3.3159
23-Feb-12,3.2949
22-Feb-12,3.2724
21-Feb-12,3.2393
20-Feb-12,3.2132
17-Feb-12,3.1889
16-Feb-12,3.2097
15-Feb-12,3.1916
14-Feb-12,3.1648
13-Feb-12,3.16
10-Feb-12,3.1821
9-Feb-12,3.2085
8-Feb-12,3.1895
7-Feb-12,3.1909
6-Feb-12,3.1707
3-Feb-12,3.1144
2-Feb-12,3.0529
1-Feb-12,3.0455
31-Jan-12,3.0628
30-Jan-12,3.0518
27-Jan-12,3.0704
26-Jan-12,3.0535
25-Jan-12,3.0192
24-Jan-12,3.0242
23-Jan-12,3.0098
20-Jan-12,2.9884
19-Jan-12,3.036
18-Jan-12,3.0134
17-Jan-12,3.0372
16-Jan-12,3.0579
13-Jan-12,3.0272
12-Jan-12,3.0541
11-Jan-12,3.0646
10-Jan-12,3.1014
9-Jan-12,3.073
6-Jan-12,3.0702
5-Jan-12,3.0388
4-Jan-12,3.0899
3-Jan-12,3.0382
2-Jan-12,2.9375
30-Dec-11,2.935
29-Dec-11,2.9175
28-Dec-11,2.8934
27-Dec-11,2.9085
26-Dec-11,2.9047
23-Dec-11,2.8907
22-Dec-11,2.9076
21-Dec-11,2.9087
20-Dec-11,2.8494
19-Dec-11,2.7804
16-Dec-11,2.8005
15-Dec-11,2.8225
14-Dec-11,2.8299
13-Dec-11,2.9288
12-Dec-11,2.8961
9-Dec-11,2.9125
8-Dec-11,2.9298
7-Dec-11,2.9824
6-Dec-11,3.0217
5-Dec-11,2.9924
2-Dec-11,2.99
1-Dec-11,2.9695
30-Nov-11,3.0214
29-Nov-11,3.0211
28-Nov-11,2.9699
25-Nov-11,2.9273
24-Nov-11,2.9683
23-Nov-11,2.9591
22-Nov-11,3.0346
21-Nov-11,2.9943
18-Nov-11,3.0325
17-Nov-11,3.0832
16-Nov-11,3.1346
15-Nov-11,3.1713
14-Nov-11,3.1622
11-Nov-11,3.1716
10-Nov-11,3.1511
9-Nov-11,3.0986
8-Nov-11,3.1161
7-Nov-11,3.1198
4-Nov-11,3.0707
3-Nov-11,3.0381
2-Nov-11,3.0007
1-Nov-11,3.0379
31-Oct-11,3.0429
28-Oct-11,3.0592
27-Oct-11,3.0984
26-Oct-11,3.0158
25-Oct-11,3.0502
24-Oct-11,3.0546
21-Oct-11,3.0175
20-Oct-11,3.0301
19-Oct-11,2.9812
18-Oct-11,3.0277
17-Oct-11,3.0136
14-Oct-11,3.0558
13-Oct-11,2.9714
12-Oct-11,2.9347
11-Oct-11,2.9041
10-Oct-11,2.9039
7-Oct-11,2.8588
6-Oct-11,2.8611
5-Oct-11,2.7766
4-Oct-11,2.7234
3-Oct-11,2.7529
30-Sep-11,2.7948
29-Sep-11,2.8181
28-Sep-11,2.8184
27-Sep-11,2.8766
26-Sep-11,2.7915
23-Sep-11,2.7958
22-Sep-11,2.8485
21-Sep-11,2.9342
20-Sep-11,2.9616
19-Sep-11,2.9447
16-Sep-11,3.0089
15-Sep-11,3.0246
14-Sep-11,2.945
13-Sep-11,2.9361
12-Sep-11,2.9475
9-Sep-11,2.9858
8-Sep-11,3.0443
7-Sep-11,3.0756
6-Sep-11,3.0102
5-Sep-11,2.9418
2-Sep-11,2.9974
1-Sep-11,3.0518
31-Aug-11,3.0782
30-Aug-11,3.0692
29-Aug-11,3.0102
26-Aug-11,3.0101
25-Aug-11,2.9855
24-Aug-11,2.9607
23-Aug-11,2.9425
22-Aug-11,2.9107
19-Aug-11,2.9045
18-Aug-11,2.8748
17-Aug-11,2.9616
16-Aug-11,2.9326
15-Aug-11,2.9441
12-Aug-11,2.9037
11-Aug-11,2.8992
10-Aug-11,2.8653
9-Aug-11,2.7648
8-Aug-11,2.8017
5-Aug-11,2.9417
4-Aug-11,2.8939
3-Aug-11,3.0189
2-Aug-11,3.0916
1-Aug-11,3.0974
29-Jul-11,3.0962
28-Jul-11,3.1052
27-Jul-11,3.0826
26-Jul-11,3.1134
25-Jul-11,3.1078
22-Jul-11,3.128
21-Jul-11,3.0992
20-Jul-11,3.1184
19-Jul-11,3.098
18-Jul-11,3.0777
15-Jul-11,3.118
14-Jul-11,3.0849
13-Jul-11,3.0997
12-Jul-11,3.0876
11-Jul-11,3.0875
8-Jul-11,3.0964
7-Jul-11,3.102
6-Jul-11,2.9633
5-Jul-11,2.9566
4-Jul-11,2.923
1-Jul-11,2.9245
30-Jun-11,2.9327
29-Jun-11,2.9202
28-Jun-11,2.8257
27-Jun-11,2.7649
24-Jun-11,2.7503
23-Jun-11,2.7817
22-Jun-11,2.9549
21-Jun-11,2.89
20-Jun-11,2.932
17-Jun-11,2.9833
16-Jun-11,3.0038
15-Jun-11,2.9848
14-Jun-11,3.1258
13-Jun-11,3.1058
10-Jun-11,3.1051
9-Jun-11,3.1378
8-Jun-11,3.0937
7-Jun-11,3.077
6-Jun-11,3.0174
3-Jun-11,3.0567
2-Jun-11,3.0439
1-Jun-11,3.0087
31-May-11,3.0563
30-May-11,2.9968
27-May-11,2.9905
26-May-11,2.9829
25-May-11,2.9803
24-May-11,2.9097
23-May-11,2.8471
20-May-11,2.9183
19-May-11,2.8947
18-May-11,2.9059
17-May-11,2.8451
16-May-11,2.8744
13-May-11,2.9422
12-May-11,2.9137
11-May-11,2.8983
10-May-11,3.0012
9-May-11,2.9618
6-May-11,2.8457
5-May-11,2.8869
4-May-11,3.143
3-May-11,3.1908
2-May-11,3.2521
29-Apr-11,3.2558
28-Apr-11,3.2316
27-Apr-11,3.2334
26-Apr-11,3.2111
25-Apr-11,3.182
22-Apr-11,3.2026
21-Apr-11,3.1992
20-Apr-11,3.2214
19-Apr-11,3.1585
18-Apr-11,3.1828
15-Apr-11,3.2242
14-Apr-11,3.189
13-Apr-11,3.2028
12-Apr-11,3.1726
11-Apr-11,3.2525
8-Apr-11,3.3197
7-Apr-11,3.206
6-Apr-11,3.1912
5-Apr-11,3.185
4-Apr-11,3.1714
1-Apr-11,3.1345
31-Mar-11,3.0898
30-Mar-11,3.0396
29-Mar-11,3.0415
28-Mar-11,3.0249
25-Mar-11,3.0548
24-Mar-11,3.062
23-Mar-11,3.055
22-Mar-11,3.0762
21-Mar-11,3.0525
18-Mar-11,3.0243
17-Mar-11,3.0649
16-Mar-11,2.9972
15-Mar-11,2.9538
14-Mar-11,3.0638
11-Mar-11,3.029
10-Mar-11,3.0449
9-Mar-11,3.0707
8-Mar-11,3.0111
7-Mar-11,3.0657
4-Mar-11,3.0893
3-Mar-11,3.0493
2-Mar-11,3.0577
1-Mar-11,3.0235
28-Feb-11,2.9258
25-Feb-11,2.9309
24-Feb-11,2.8773
23-Feb-11,2.9049
22-Feb-11,2.7924
21-Feb-11,2.834
18-Feb-11,2.7129
17-Feb-11,2.7324
16-Feb-11,2.7748
15-Feb-11,2.729
14-Feb-11,2.7504
11-Feb-11,2.6958
10-Feb-11,2.7107
9-Feb-11,2.7689
8-Feb-11,2.7318
7-Feb-11,2.7061
4-Feb-11,2.7167
3-Feb-11,2.7674
2-Feb-11,2.7807
1-Feb-11,2.757
31-Jan-11,2.7468
28-Jan-11,2.6902
27-Jan-11,2.6546
26-Jan-11,2.6698
25-Jan-11,2.5929
24-Jan-11,2.6193
21-Jan-11,2.6508
20-Jan-11,2.6232
19-Jan-11,2.6562
18-Jan-11,2.6459
17-Jan-11,2.6277
14-Jan-11,2.6452
13-Jan-11,2.6091
12-Jan-11,2.6186
11-Jan-11,2.6088
10-Jan-11,2.5561
7-Jan-11,2.4863
6-Jan-11,2.5112
5-Jan-11,2.5422
4-Jan-11,2.5065
3-Jan-11,2.5528
31-Dec-10,2.5437
30-Dec-10,2.4854
29-Dec-10,2.5215
28-Dec-10,2.5243
27-Dec-10,2.5166
24-Dec-10,2.5466
23-Dec-10,2.5408
22-Dec-10,2.5285
21-Dec-10,2.5164
20-Dec-10,2.4895
17-Dec-10,2.4737
16-Dec-10,2.4763
15-Dec-10,2.4835
14-Dec-10,2.4679
13-Dec-10,2.4652
10-Dec-10,2.4575
9-Dec-10,2.4668
8-Dec-10,2.4607
7-Dec-10,2.4702
6-Dec-10,2.4757
3-Dec-10,2.4874
2-Dec-10,2.4546
1-Dec-10,2.4056
30-Nov-10,2.3169
29-Nov-10,2.3581
26-Nov-10,2.3162
25-Nov-10,2.3257
24-Nov-10,2.3255
23-Nov-10,2.2496
22-Nov-10,2.2686
19-Nov-10,2.2744
18-Nov-10,2.2951
17-Nov-10,2.2519
16-Nov-10,2.309
15-Nov-10,2.3709
12-Nov-10,2.3632
11-Nov-10,2.4266
10-Nov-10,2.4419
9-Nov-10,2.4067
8-Nov-10,2.3977
5-Nov-10,2.3848
4-Nov-10,2.3731
3-Nov-10,2.3279
2-Nov-10,2.2936
1-Nov-10,2.2777
29-Oct-10,2.2201
28-Oct-10,2.2435
27-Oct-10,2.2383
26-Oct-10,2.25
25-Oct-10,2.255
22-Oct-10,2.2516
21-Oct-10,2.2145
20-Oct-10,2.2548
19-Oct-10,2.1893
18-Oct-10,2.2761
15-Oct-10,2.2308
14-Oct-10,2.2839
13-Oct-10,2.3007
12-Oct-10,2.2625
11-Oct-10,2.279
8-Oct-10,2.2819
7-Oct-10,2.2518
6-Oct-10,2.3078
5-Oct-10,2.3026
4-Oct-10,2.2847
1-Oct-10,2.2938
30-Sep-10,2.244
29-Sep-10,2.1905
28-Sep-10,2.1245
27-Sep-10,2.1228
24-Sep-10,2.1306
23-Sep-10,2.1145
22-Sep-10,2.107
21-Sep-10,2.1199
20-Sep-10,2.1394
17-Sep-10,2.0992
16-Sep-10,2.099
15-Sep-10,2.1326
14-Sep-10,2.1288
13-Sep-10,2.1227
10-Sep-10,2.1044
9-Sep-10,2.0684
8-Sep-10,2.0817
7-Sep-10,2.0743
6-Sep-10,2.0551
3-Sep-10,2.0573
2-Sep-10,2.0623
1-Sep-10,2.0411
31-Aug-10,1.9944
30-Aug-10,2.0252
27-Aug-10,2.0443
26-Aug-10,2.0092
25-Aug-10,1.9706
24-Aug-10,1.9357
23-Aug-10,1.9554
20-Aug-10,1.971
19-Aug-10,2.0007
18-Aug-10,2.0249
17-Aug-10,2.0259
16-Aug-10,1.9888
13-Aug-10,1.9956
12-Aug-10,2.0015
11-Aug-10,2.0752
10-Aug-10,2.1254
9-Aug-10,2.1538
6-Aug-10,2.1472
5-Aug-10,2.1868
4-Aug-10,2.2022
3-Aug-10,2.2
2-Aug-10,2.1538
30-Jul-10,2.0427
29-Jul-10,2.0372
28-Jul-10,1.9964
27-Jul-10,1.9994
26-Jul-10,2.0426
23-Jul-10,2.0505
22-Jul-10,2.0624
21-Jul-10,1.9892
20-Jul-10,2.0247
19-Jul-10,2.017
16-Jul-10,2.0113
15-Jul-10,2.0183
14-Jul-10,2.0361
13-Jul-10,2.0474
12-Jul-10,1.9913
9-Jul-10,2.0257
8-Jul-10,2.0053
7-Jul-10,1.9787
6-Jul-10,1.9172
5-Jul-10,1.9045
2-Jul-10,1.9155
1-Jul-10,1.9385
30-Jun-10,1.9817
29-Jun-10,2.0213
28-Jun-10,2.0933
25-Jun-10,2.1122
24-Jun-10,2.0572
23-Jun-10,2.0684
22-Jun-10,2.1129
21-Jun-10,2.1459
18-Jun-10,2.1289
17-Jun-10,2.1474
16-Jun-10,2.1101
15-Jun-10,2.0685
14-Jun-10,2.0259
11-Jun-10,2.0053
10-Jun-10,2.0328
9-Jun-10,2.0096
8-Jun-10,1.9653
7-Jun-10,1.9683
4-Jun-10,1.9577
3-Jun-10,2.0391
2-Jun-10,2.0059
1-Jun-10,1.9704
31-May-10,2.0225
28-May-10,1.9802
27-May-10,1.9994
26-May-10,1.9207
25-May-10,1.8717
24-May-10,1.8993
21-May-10,1.8967
20-May-10,1.9019
19-May-10,1.9452
18-May-10,1.9615
17-May-10,1.9852
14-May-10,2.0606
13-May-10,2.1319
12-May-10,2.1591
11-May-10,2.1401
10-May-10,2.1202
7-May-10,2.0795
6-May-10,2.1137
5-May-10,2.1845
4-May-10,2.2595
3-May-10,2.3451
30-Apr-10,2.2885
29-Apr-10,2.2512
28-Apr-10,2.229
27-Apr-10,2.2303
26-Apr-10,2.2371
23-Apr-10,2.2505
22-Apr-10,2.215
21-Apr-10,2.2058
20-Apr-10,2.1802
19-Apr-10,2.1568
16-Apr-10,2.2169
15-Apr-10,2.2523
14-Apr-10,2.2421
13-Apr-10,2.2142
12-Apr-10,2.2189
9-Apr-10,2.226
8-Apr-10,2.2282
7-Apr-10,2.2439
6-Apr-10,2.2683
5-Apr-10,2.2675
1-Apr-10,2.2167
31-Mar-10,2.1646
30-Mar-10,2.1247
29-Mar-10,2.1188
26-Mar-10,2.0697
25-Mar-10,2.0693
24-Mar-10,2.0707
23-Mar-10,2.1018
22-Mar-10,2.0837
19-Mar-10,2.0767
18-Mar-10,2.1191
17-Mar-10,2.1395
16-Mar-10,2.1143
15-Mar-10,2.0576
12-Mar-10,2.094
11-Mar-10,2.115
10-Mar-10,2.1162
9-Mar-10,2.0898
8-Mar-10,2.1055
5-Mar-10,2.0974
4-Mar-10,2.0687
3-Mar-10,2.0937
2-Mar-10,2.0561
1-Mar-10,2.0235
26-Feb-10,2.0249
25-Feb-10,1.9862
24-Feb-10,2.0421
23-Feb-10,2.0323
22-Feb-10,2.0788
19-Feb-10,2.0699
18-Feb-10,2.0516
17-Feb-10,2.0067
16-Feb-10,1.9963
15-Feb-10,1.918
12-Feb-10,1.9189
11-Feb-10,1.963
10-Feb-10,1.9469
9-Feb-10,1.9373
8-Feb-10,1.8855
5-Feb-10,1.8748
4-Feb-10,1.9352
3-Feb-10,2.0194
2-Feb-10,2.0317
1-Feb-10,1.9549
29-Jan-10,1.9029
28-Jan-10,1.9191
27-Jan-10,1.9168
26-Jan-10,1.9508
25-Jan-10,1.9658
22-Jan-10,1.9416
21-Jan-10,1.9856
20-Jan-10,2.0211
19-Jan-10,2.0454
18-Jan-10,2.0445
15-Jan-10,2.046
14-Jan-10,2.0829
13-Jan-10,2.0946
12-Jan-10,2.1318
11-Jan-10,2.1801
8-Jan-10,2.2003
7-Jan-10,2.1836
6-Jan-10,2.2032
5-Jan-10,2.1941
4-Jan-10,2.1905
1-Jan-10,2.1215
