Date,MSCI
1/4/2010,31.98
1/5/2010,32.099998
1/6/2010,31.23
1/7/2010,33.380001
1/8/2010,34.5
1/11/2010,34.209999
1/12/2010,33.23
1/13/2010,33.349998
1/14/2010,33.099998
1/15/2010,32.139999
1/19/2010,32.5
1/20/2010,32.080002
1/21/2010,31.07
1/22/2010,30.450001
1/25/2010,30.389999
1/26/2010,29.469999
1/27/2010,29.9
1/28/2010,29.690001
1/29/2010,29.559999
2/1/2010,29.91
2/2/2010,29.74
2/3/2010,29.450001
2/4/2010,28.59
2/5/2010,28.780001
2/8/2010,27.879999
2/9/2010,28.360001
2/10/2010,28.530001
2/11/2010,29.200001
2/12/2010,29.17
2/16/2010,29.58
2/17/2010,29.08
2/18/2010,28.700001
2/19/2010,29.290001
2/22/2010,29.360001
2/23/2010,29.459999
2/24/2010,29.959999
2/25/2010,29.84
2/26/2010,29.98
3/1/2010,28.59
3/2/2010,32.610001
3/3/2010,32.119999
3/4/2010,32.869999
3/5/2010,33.619999
3/8/2010,34.009998
3/9/2010,33.580002
3/10/2010,33.580002
3/11/2010,34.32
3/12/2010,34.860001
3/15/2010,34.549999
3/16/2010,34.919998
3/17/2010,35.369999
3/18/2010,35.220001
3/19/2010,35.07
3/22/2010,35.720001
3/23/2010,36.189999
3/24/2010,35.93
3/25/2010,35.84
3/26/2010,35.759998
3/29/2010,35.790001
3/30/2010,36.150002
3/31/2010,36.099998
4/1/2010,36.470001
4/5/2010,36.98
4/6/2010,37.369999
4/7/2010,37.310001
4/8/2010,36.189999
4/9/2010,36.619999
4/12/2010,37.099998
4/13/2010,37.02
4/14/2010,37.110001
4/15/2010,37.959999
4/16/2010,37.25
4/19/2010,36.490002
4/20/2010,37.389999
4/21/2010,35.990002
4/22/2010,36.439999
4/23/2010,36.700001
4/26/2010,36.959999
4/27/2010,35.959999
4/28/2010,35.41
4/29/2010,35.459999
4/30/2010,34.650002
5/3/2010,34.759998
5/4/2010,34.18
5/5/2010,33.990002
5/6/2010,32.98
5/7/2010,32.43
5/10/2010,33.75
5/11/2010,33.700001
5/12/2010,34.240002
5/13/2010,33.950001
5/14/2010,32.790001
5/17/2010,32.709999
5/18/2010,32.32
5/19/2010,31.459999
5/20/2010,29.75
5/21/2010,30.200001
5/24/2010,29.75
5/25/2010,29.030001
5/26/2010,28.690001
5/27/2010,29.690001
5/28/2010,29.65
6/1/2010,29.42
6/2/2010,30.139999
6/3/2010,29.540001
6/4/2010,28.799999
6/7/2010,28.15
6/8/2010,28.280001
6/9/2010,28.059999
6/10/2010,29.120001
6/11/2010,29.690001
6/14/2010,29.25
6/15/2010,29.540001
6/16/2010,30.120001
6/17/2010,29.9
6/18/2010,29.969999
6/21/2010,30.120001
6/22/2010,30.059999
6/23/2010,29.49
6/24/2010,28.629999
6/25/2010,29.09
6/28/2010,29.040001
6/29/2010,27.23
6/30/2010,27.4
7/1/2010,27.34
7/2/2010,27.77
7/6/2010,28.360001
7/7/2010,29.629999
7/8/2010,30.16
7/9/2010,30.66
7/12/2010,30.68
7/13/2010,31.02
7/14/2010,31.49
7/15/2010,31.530001
7/16/2010,31.01
7/19/2010,30.799999
7/20/2010,31.120001
7/21/2010,30.540001
7/22/2010,31.59
7/23/2010,33.130001
7/26/2010,33.049999
7/27/2010,33.009998
7/28/2010,32.73
7/29/2010,31.799999
7/30/2010,32.27
8/2/2010,33.25
8/3/2010,33.209999
8/4/2010,33.389999
8/5/2010,32.93
8/6/2010,32.799999
8/9/2010,33.150002
8/10/2010,32.709999
8/11/2010,31.15
8/12/2010,31.280001
8/13/2010,31.23
8/16/2010,31.48
8/17/2010,31.51
8/18/2010,32.200001
8/19/2010,31.120001
8/20/2010,30.9
8/23/2010,30.639999
8/24/2010,29.719999
8/25/2010,29.809999
8/26/2010,30.02
8/27/2010,30.49
8/30/2010,29.67
8/31/2010,29.9
9/1/2010,30.82
9/2/2010,31.540001
9/3/2010,32.650002
9/7/2010,32.369999
9/8/2010,32.950001
9/9/2010,33.34
9/10/2010,33
9/13/2010,34.380001
9/14/2010,34.389999
9/15/2010,34.110001
9/16/2010,34.509998
9/17/2010,34.75
9/20/2010,35.16
9/21/2010,34.880001
9/22/2010,34.400002
9/23/2010,33.669998
9/24/2010,34.169998
9/27/2010,33.599998
9/28/2010,34.389999
9/29/2010,34.48
9/30/2010,33.209999
10/1/2010,34.330002
10/4/2010,33.869999
10/5/2010,34.389999
10/6/2010,33.98
10/7/2010,34.619999
10/8/2010,34.91
10/11/2010,34.950001
10/12/2010,35.16
10/13/2010,35.639999
10/14/2010,35.450001
10/15/2010,35.880001
10/18/2010,36.950001
10/19/2010,37.16
10/20/2010,37.23
10/21/2010,36.84
10/22/2010,36.650002
10/25/2010,36.290001
10/26/2010,35.830002
10/27/2010,35.75
10/28/2010,35.77
10/29/2010,35.849998
11/1/2010,35.73
11/2/2010,36.009998
11/3/2010,35.919998
11/4/2010,36.799999
11/5/2010,37.07
11/8/2010,37.32
11/9/2010,36.799999
11/10/2010,37.439999
11/11/2010,37.099998
11/12/2010,35.950001
11/15/2010,35.880001
11/16/2010,35.060001
11/17/2010,34.75
11/18/2010,35.369999
11/19/2010,35.259998
11/22/2010,35.200001
11/23/2010,34.299999
11/24/2010,35.16
11/26/2010,34.919998
11/29/2010,34.779999
11/30/2010,34.060001
12/1/2010,35.209999
12/2/2010,36.369999
12/3/2010,36.599998
12/6/2010,36.380001
12/7/2010,36.860001
12/8/2010,37.130001
12/9/2010,36.740002
12/10/2010,36.560001
12/13/2010,36.700001
12/14/2010,37.02
12/15/2010,36.799999
12/16/2010,37.07
12/17/2010,37.630001
12/20/2010,37.439999
12/21/2010,38.529999
12/22/2010,39.93
12/23/2010,40
12/27/2010,40.02
12/28/2010,39.529999
12/29/2010,39.790001
12/30/2010,39.41
12/31/2010,38.959999
1/3/2011,39.450001
1/4/2011,38.799999
1/5/2011,39.32
1/6/2011,39.02
1/7/2011,38.759998
1/10/2011,38.639999
1/11/2011,39.07
1/12/2011,39.720001
1/13/2011,36.75
1/14/2011,36.419998
1/18/2011,36.290001
1/19/2011,35.240002
1/20/2011,35.119999
1/21/2011,35.5
1/24/2011,35.5
1/25/2011,35.150002
1/26/2011,34.900002
1/27/2011,34.830002
1/28/2011,34
1/31/2011,34.23
2/1/2011,34.639999
2/2/2011,34.669998
2/3/2011,34.110001
2/4/2011,34.799999
2/7/2011,36.09
2/8/2011,35.799999
2/9/2011,35.950001
2/10/2011,36
2/11/2011,36.110001
2/14/2011,36.27
2/15/2011,36.009998
2/16/2011,36.220001
2/17/2011,36.389999
2/18/2011,36.93
2/22/2011,36.389999
2/23/2011,35.959999
2/24/2011,36
2/25/2011,36.099998
2/28/2011,35.5
3/1/2011,34.790001
3/2/2011,35.009998
3/3/2011,35.73
3/4/2011,35.25
3/7/2011,34.959999
3/8/2011,35.459999
3/9/2011,35.5
3/10/2011,34.59
3/11/2011,35.25
3/14/2011,35.040001
3/15/2011,34.240002
3/16/2011,33.91
3/17/2011,34.32
3/18/2011,35.060001
3/21/2011,35.75
3/22/2011,35.540001
3/23/2011,35.650002
3/24/2011,36.009998
3/25/2011,36.560001
3/28/2011,36.459999
3/29/2011,36.700001
3/30/2011,36.27
3/31/2011,36.82
4/1/2011,38.18
4/4/2011,38.220001
4/5/2011,37.459999
4/6/2011,37.59
4/7/2011,37.419998
4/8/2011,36.639999
4/11/2011,36.439999
4/12/2011,36.169998
4/13/2011,35.73
4/14/2011,34.950001
4/15/2011,34.830002
4/18/2011,33.860001
4/19/2011,34.009998
4/20/2011,33.950001
4/21/2011,34.060001
4/25/2011,34.259998
4/26/2011,34.599998
4/27/2011,35.259998
4/28/2011,35.43
4/29/2011,35.470001
5/2/2011,35.360001
5/3/2011,34.970001
5/4/2011,35.77
5/5/2011,36.610001
5/6/2011,37.419998
5/9/2011,37.630001
5/10/2011,38
5/11/2011,37.799999
5/12/2011,37.950001
5/13/2011,37
5/16/2011,36.689999
5/17/2011,36.279999
5/18/2011,37.110001
5/19/2011,36.790001
5/20/2011,36.560001
5/23/2011,36.279999
5/24/2011,36.34
5/25/2011,36.610001
5/26/2011,36.849998
5/27/2011,37.040001
5/31/2011,37.77
6/1/2011,37.049999
6/2/2011,37.240002
6/3/2011,36.529999
6/6/2011,36.150002
6/7/2011,36.650002
6/8/2011,36.369999
6/9/2011,36.959999
6/10/2011,37.029999
6/13/2011,37.360001
6/14/2011,37.77
6/15/2011,37.619999
6/16/2011,37.919998
6/17/2011,37.299999
6/20/2011,37.459999
6/21/2011,38.189999
6/22/2011,37.810001
6/23/2011,37.34
6/24/2011,36.880001
6/27/2011,37.580002
6/28/2011,37.919998
6/29/2011,37.900002
6/30/2011,37.68
7/1/2011,37.91
7/5/2011,38.009998
7/6/2011,38.599998
7/7/2011,38.75
7/8/2011,38.889999
7/11/2011,37.709999
7/12/2011,37.75
7/13/2011,37.889999
7/14/2011,37.150002
7/15/2011,37.169998
7/18/2011,36.5
7/19/2011,37.400002
7/20/2011,37.5
7/21/2011,38.18
7/22/2011,37.93
7/25/2011,37.73
7/26/2011,37.119999
7/27/2011,35.450001
7/28/2011,35.900002
7/29/2011,35.490002
8/1/2011,35.790001
8/2/2011,34.41
8/3/2011,34.919998
8/4/2011,33.959999
8/5/2011,32.970001
8/8/2011,30.360001
8/9/2011,33.689999
8/10/2011,32.310001
8/11/2011,33.689999
8/12/2011,33.630001
8/15/2011,35.130001
8/16/2011,34.630001
8/17/2011,34.049999
8/18/2011,32.23
8/19/2011,31.33
8/22/2011,31.43
8/23/2011,33.139999
8/24/2011,32.849998
8/25/2011,32.66
8/26/2011,33.580002
8/29/2011,35.240002
8/30/2011,34.459999
8/31/2011,34.57
9/1/2011,33.84
9/2/2011,32.490002
9/6/2011,31.67
9/7/2011,33.41
9/8/2011,32.439999
9/9/2011,31.690001
9/12/2011,32.18
9/13/2011,32.400002
9/14/2011,33.139999
9/15/2011,32.560001
9/16/2011,32.610001
9/19/2011,31.33
9/20/2011,30.940001
9/21/2011,29.67
9/22/2011,29.190001
9/23/2011,29.67
9/26/2011,31.610001
9/27/2011,32.200001
9/28/2011,31.34
9/29/2011,31.889999
9/30/2011,30.33
10/3/2011,27.940001
10/4/2011,28.85
10/5/2011,29.809999
10/6/2011,30.42
10/7/2011,30
10/10/2011,30.629999
10/11/2011,30.91
10/12/2011,32.27
10/13/2011,32.459999
10/14/2011,32.84
10/17/2011,31.48
10/18/2011,32.310001
10/19/2011,31.809999
10/20/2011,31.98
10/21/2011,32.59
10/24/2011,33.349998
10/25/2011,32.310001
10/26/2011,32.66
10/27/2011,34.380001
10/28/2011,34.060001
10/31/2011,33.389999
11/1/2011,31.469999
11/2/2011,32.939999
11/3/2011,34.099998
11/4/2011,34.049999
11/7/2011,34.529999
11/8/2011,34.970001
11/9/2011,33.59
11/10/2011,33.759998
11/11/2011,34.419998
11/14/2011,33.740002
11/15/2011,34.060001
11/16/2011,33
11/17/2011,32.799999
11/18/2011,32.599998
11/21/2011,32
11/22/2011,31.98
11/23/2011,31.4
11/25/2011,31.219999
11/28/2011,32.439999
11/29/2011,32.18
11/30/2011,33.75
12/1/2011,33.799999
12/2/2011,33.900002
12/5/2011,33.970001
12/6/2011,34
12/7/2011,33.389999
12/8/2011,32.259998
12/9/2011,33.27
12/12/2011,33.139999
12/13/2011,32.59
12/14/2011,31.83
12/15/2011,32.290001
12/16/2011,32.509998
12/19/2011,32.130001
12/20/2011,33.060001
12/21/2011,32.860001
12/22/2011,32.799999
12/23/2011,33.41
12/27/2011,33.41
12/28/2011,32.369999
12/29/2011,32.77
12/30/2011,32.93
1/3/2012,32.810001
1/4/2012,32.349998
1/5/2012,32.720001
1/6/2012,33.099998
1/9/2012,32.970001
1/10/2012,33.52
1/11/2012,33.48
1/12/2012,33.439999
1/13/2012,32.689999
1/17/2012,32.380001
1/18/2012,32.18
1/19/2012,32.549999
1/20/2012,32.48
1/23/2012,32.389999
1/24/2012,31.889999
1/25/2012,32.43
1/26/2012,32.650002
1/27/2012,32.860001
1/30/2012,32.610001
1/31/2012,32.580002
2/1/2012,33.560001
2/2/2012,33.02
2/3/2012,34.189999
2/6/2012,34.43
2/7/2012,34.73
2/8/2012,34.860001
2/9/2012,35.330002
2/10/2012,34.84
2/13/2012,34.740002
2/14/2012,34.869999
2/15/2012,34.16
2/16/2012,34.639999
2/17/2012,34.099998
2/21/2012,34.540001
2/22/2012,34.610001
2/23/2012,34.02
2/24/2012,34.43
2/27/2012,35.310001
2/28/2012,35.209999
2/29/2012,35.380001
3/1/2012,35.529999
3/2/2012,35.080002
3/5/2012,35.080002
3/6/2012,34.330002
3/7/2012,34.799999
3/8/2012,36.25
3/9/2012,36.599998
3/12/2012,36.52
3/13/2012,37.689999
3/14/2012,37.389999
3/15/2012,37.810001
3/16/2012,37.77
3/19/2012,37.709999
3/20/2012,37.779999
3/21/2012,37.610001
3/22/2012,37.009998
3/23/2012,37.200001
3/26/2012,37.66
3/27/2012,37.369999
3/28/2012,37.060001
3/29/2012,37.130001
3/30/2012,36.810001
4/2/2012,37.299999
4/3/2012,37.740002
4/4/2012,37.02
4/5/2012,37.119999
4/9/2012,36.759998
4/10/2012,35.650002
4/11/2012,35.689999
4/12/2012,36.419998
4/13/2012,35.709999
4/16/2012,35.779999
4/17/2012,36.290001
4/18/2012,35.709999
4/19/2012,35.5
4/20/2012,35.419998
4/23/2012,35.139999
4/24/2012,35.59
4/25/2012,36.09
4/26/2012,36.810001
4/27/2012,36.830002
4/30/2012,36.59
5/1/2012,36.720001
5/2/2012,35.200001
5/3/2012,36.220001
5/4/2012,35.02
5/7/2012,34.34
5/8/2012,34.360001
5/9/2012,34.18
5/10/2012,33.919998
5/11/2012,33.880001
5/14/2012,32.970001
5/15/2012,32.84
5/16/2012,32.900002
5/17/2012,32.380001
5/18/2012,32.799999
5/21/2012,33.349998
5/22/2012,34.07
5/23/2012,33.810001
5/24/2012,33.689999
5/25/2012,34.099998
5/29/2012,34.650002
5/30/2012,34.200001
5/31/2012,33.810001
6/1/2012,33.380001
6/4/2012,33.130001
6/5/2012,33.200001
6/6/2012,33.560001
6/7/2012,33.52
6/8/2012,33.23
6/11/2012,32.560001
6/12/2012,32.209999
6/13/2012,31.67
6/14/2012,31.959999
6/15/2012,32.150002
6/18/2012,31.92
6/19/2012,32.43
6/20/2012,32.84
6/21/2012,32
6/22/2012,32.650002
6/25/2012,31.6
6/26/2012,31.790001
6/27/2012,32.189999
6/28/2012,32.689999
6/29/2012,34.02
7/2/2012,34.279999
7/3/2012,34.200001
7/5/2012,34.07
7/6/2012,34.27
7/9/2012,33.77
7/10/2012,33.470001
7/11/2012,33.080002
7/12/2012,33.07
7/13/2012,33.990002
7/16/2012,33.5
7/17/2012,33.82
7/18/2012,34.119999
7/19/2012,34.349998
7/20/2012,33.790001
7/23/2012,33.310001
7/24/2012,32.610001
7/25/2012,32.650002
7/26/2012,32.849998
7/27/2012,33.470001
7/30/2012,33.240002
7/31/2012,33.150002
8/1/2012,33.299999
8/2/2012,32.23
8/3/2012,33.290001
8/6/2012,33.41
8/7/2012,34.830002
8/8/2012,35.080002
8/9/2012,35.049999
8/10/2012,35.299999
8/13/2012,35.330002
8/14/2012,35.549999
8/15/2012,36.009998
8/16/2012,36.27
8/17/2012,35.860001
8/20/2012,35.290001
8/21/2012,35.560001
8/22/2012,35.59
8/23/2012,35.09
8/24/2012,35.43
8/27/2012,35.16
8/28/2012,35.040001
8/29/2012,35.310001
8/30/2012,34.900002
8/31/2012,35.080002
9/4/2012,35.599998
9/5/2012,35.82
9/6/2012,36.66
9/7/2012,36.689999
9/10/2012,36.220001
9/11/2012,35.66
9/12/2012,36.25
9/13/2012,36.439999
9/14/2012,36.73
9/17/2012,36.360001
9/18/2012,36.16
9/19/2012,36
9/20/2012,35.98
9/21/2012,36.040001
9/24/2012,35.66
9/25/2012,35.09
9/26/2012,35.389999
9/27/2012,36.189999
9/28/2012,35.790001
10/1/2012,35.82
10/2/2012,26.209999
10/3/2012,28.27
10/4/2012,27.34
10/5/2012,26.860001
10/8/2012,26.4
10/9/2012,26.33
10/10/2012,26.540001
10/11/2012,26.41
10/12/2012,25.93
10/15/2012,25.59
10/16/2012,27.200001
10/17/2012,27.440001
10/18/2012,27.370001
10/19/2012,27.02
10/22/2012,27.110001
10/23/2012,27.15
10/24/2012,27.02
10/25/2012,27.049999
10/26/2012,27.540001
10/31/2012,26.940001
11/1/2012,27.75
11/2/2012,26.879999
11/5/2012,27.25
11/6/2012,26.1
11/7/2012,26.110001
11/8/2012,26.200001
11/9/2012,26.209999
11/12/2012,26
11/13/2012,25.99
11/14/2012,25.99
11/15/2012,25.959999
11/16/2012,25.82
11/19/2012,26.24
11/20/2012,26.15
11/21/2012,26.290001
11/23/2012,26.75
11/26/2012,27.110001
11/27/2012,26.809999
11/28/2012,27.309999
11/29/2012,28.42
11/30/2012,29
12/3/2012,29.09
12/4/2012,29.18
12/5/2012,29.51
12/6/2012,30.17
12/7/2012,29.780001
12/10/2012,29.379999
12/11/2012,29.49
12/12/2012,29.379999
12/13/2012,29.200001
12/14/2012,30.16
12/17/2012,30.879999
12/18/2012,30.99
12/19/2012,31.059999
12/20/2012,31.41
12/21/2012,31.08
12/24/2012,31.15
12/26/2012,30.58
12/27/2012,30.67
12/28/2012,30.82
12/31/2012,30.99
1/2/2013,32.130001
1/3/2013,31.969999
1/4/2013,31.85
1/7/2013,31.870001
1/8/2013,31.790001
1/9/2013,31.93
1/10/2013,32.139999
1/11/2013,31.969999
1/14/2013,31.93
1/15/2013,32.360001
1/16/2013,31.969999
1/17/2013,31.790001
1/18/2013,32.09
1/22/2013,32.900002
1/23/2013,33.060001
1/24/2013,33.349998
1/25/2013,33.66
1/28/2013,34.02
1/29/2013,34.099998
1/30/2013,33.790001
1/31/2013,33.740002
2/1/2013,33.799999
2/4/2013,33.23
2/5/2013,33.880001
2/6/2013,34.669998
2/7/2013,33.48
2/8/2013,33.990002
2/11/2013,33.68
2/12/2013,34.029999
2/13/2013,33.759998
2/14/2013,33.75
2/15/2013,33.41
2/19/2013,33.580002
2/20/2013,33.200001
2/21/2013,32.990002
2/22/2013,33.150002
2/25/2013,32.740002
2/26/2013,32.759998
2/27/2013,33.419998
2/28/2013,33.130001
3/1/2013,33.009998
3/4/2013,32.889999
3/5/2013,33.23
3/6/2013,33.419998
3/7/2013,33.32
3/8/2013,33.540001
3/11/2013,33.740002
3/12/2013,33.310001
3/13/2013,33.299999
3/14/2013,33.669998
3/15/2013,33.709999
3/18/2013,33.830002
3/19/2013,33.830002
3/20/2013,34
3/21/2013,33.599998
3/22/2013,33.77
3/25/2013,33.599998
3/26/2013,33.779999
3/27/2013,34.040001
3/28/2013,33.93
4/1/2013,33.349998
4/2/2013,33.130001
4/3/2013,32.43
4/4/2013,32.66
4/5/2013,32.34
4/8/2013,32.669998
4/9/2013,32.509998
4/10/2013,33.220001
4/11/2013,33.57
4/12/2013,33.52
4/15/2013,32.349998
4/16/2013,32.900002
4/17/2013,32.580002
4/18/2013,32.41
4/19/2013,32.82
4/22/2013,32.900002
4/23/2013,33.279999
4/24/2013,33.23
4/25/2013,33.310001
4/26/2013,33.220001
4/29/2013,33.450001
4/30/2013,34.099998
5/1/2013,33.259998
5/2/2013,33.650002
5/3/2013,33.32
5/6/2013,33.330002
5/7/2013,33.560001
5/8/2013,34.139999
5/9/2013,33.860001
5/10/2013,33.950001
5/13/2013,33.939999
5/14/2013,34.450001
5/15/2013,34.259998
5/16/2013,34.57
5/17/2013,34.66
5/20/2013,34.529999
5/21/2013,34.720001
5/22/2013,34.240002
5/23/2013,34.490002
5/24/2013,34.470001
5/28/2013,35.040001
5/29/2013,35.220001
5/30/2013,35.73
5/31/2013,35.240002
6/3/2013,35.169998
6/4/2013,34.98
6/5/2013,34.279999
6/6/2013,34.799999
6/7/2013,34.700001
6/10/2013,34.900002
6/11/2013,34.580002
6/12/2013,34.049999
6/13/2013,34.34
6/14/2013,34.16
6/17/2013,34.5
6/18/2013,34.59
6/19/2013,33.98
6/20/2013,33.450001
6/21/2013,33.07
6/24/2013,32.799999
6/25/2013,32.970001
6/26/2013,32.689999
6/27/2013,32.799999
6/28/2013,33.27
7/1/2013,34.119999
7/2/2013,33.900002
7/3/2013,34.150002
7/5/2013,34.450001
7/8/2013,34.540001
7/9/2013,34.25
7/10/2013,33.720001
7/11/2013,34.400002
7/12/2013,34.560001
7/15/2013,34.669998
7/16/2013,34.43
7/17/2013,34.490002
7/18/2013,34.700001
7/19/2013,34.93
7/22/2013,35.369999
7/23/2013,35.25
7/24/2013,35.080002
7/25/2013,35.389999
7/26/2013,35.130001
7/29/2013,34.860001
7/30/2013,34.919998
7/31/2013,35.049999
8/1/2013,36.52
8/2/2013,37.450001
8/5/2013,37.779999
8/6/2013,37.619999
8/7/2013,37.41
8/8/2013,37.830002
8/9/2013,37.990002
8/12/2013,37.889999
8/13/2013,37.919998
8/14/2013,37.93
8/15/2013,37.549999
8/16/2013,37.439999
8/19/2013,38
8/20/2013,38.25
8/21/2013,38.080002
8/22/2013,38.5
8/23/2013,38.470001
8/26/2013,38.599998
8/27/2013,37.57
8/28/2013,38.080002
8/29/2013,38.16
8/30/2013,37.509998
9/3/2013,37.48
9/4/2013,38.169998
9/5/2013,38.43
9/6/2013,38.759998
9/9/2013,39.459999
9/10/2013,39.639999
9/11/2013,39.669998
9/12/2013,39.650002
9/13/2013,39.66
9/16/2013,40.049999
9/17/2013,40.639999
9/18/2013,41.009998
9/19/2013,40.779999
9/20/2013,40.32
9/23/2013,40.240002
9/24/2013,40.25
9/25/2013,40.330002
9/26/2013,40.669998
9/27/2013,40.23
9/30/2013,40.259998
10/1/2013,40.529999
10/2/2013,40.07
10/3/2013,39.91
10/4/2013,40.259998
10/7/2013,39.630001
10/8/2013,38.91
10/9/2013,38.310001
10/10/2013,39.189999
10/11/2013,39.689999
10/14/2013,39.720001
10/15/2013,39.540001
10/16/2013,39.599998
10/17/2013,40
10/18/2013,40.349998
10/21/2013,40.509998
10/22/2013,40.599998
10/23/2013,40.93
10/24/2013,41.32
10/25/2013,41.369999
10/28/2013,41.34
10/29/2013,41.900002
10/30/2013,41.209999
10/31/2013,40.77
11/1/2013,40.970001
11/4/2013,41.419998
11/5/2013,41.380001
11/6/2013,41.419998
11/7/2013,40.630001
11/8/2013,41.619999
11/11/2013,41.779999
11/12/2013,41.91
11/13/2013,42.380001
11/14/2013,43.02
11/15/2013,43.48
11/18/2013,43.02
11/19/2013,43.040001
11/20/2013,43.099998
11/21/2013,43.860001
11/22/2013,44.080002
11/25/2013,44.450001
11/26/2013,44.57
11/27/2013,44.5
11/29/2013,44.389999
12/2/2013,44.709999
12/3/2013,44.189999
12/4/2013,43.91
12/5/2013,43.869999
12/6/2013,44.209999
12/9/2013,44.150002
12/10/2013,43.599998
12/11/2013,42.84
12/12/2013,43.470001
12/13/2013,43.459999
12/16/2013,43.189999
12/17/2013,42.669998
12/18/2013,42.990002
12/19/2013,42.049999
12/20/2013,42.599998
12/23/2013,43
12/24/2013,43.34
12/26/2013,43.389999
12/27/2013,43.470001
12/30/2013,43.639999
12/31/2013,43.720001
1/2/2014,43.150002
1/3/2014,43.169998
1/6/2014,43.099998
1/7/2014,43.540001
1/8/2014,43.470001
1/9/2014,43.619999
1/10/2014,43.779999
1/13/2014,43.119999
1/14/2014,43.66
1/15/2014,43.43
1/16/2014,44
1/17/2014,44.220001
1/21/2014,44.610001
1/22/2014,44.950001
1/23/2014,44.900002
1/24/2014,42.970001
1/27/2014,42.220001
1/28/2014,42.34
1/29/2014,41.5
1/30/2014,42.580002
1/31/2014,42.720001
2/3/2014,41.009998
2/4/2014,41.720001
2/5/2014,41.509998
2/6/2014,40.740002
2/7/2014,40.279999
2/10/2014,40.68
2/11/2014,41.459999
2/12/2014,42.259998
2/13/2014,42.450001
2/14/2014,42.740002
2/18/2014,43.869999
2/19/2014,43.490002
2/20/2014,44.98
2/21/2014,44.529999
2/24/2014,44.209999
2/25/2014,43.849998
2/26/2014,43.830002
2/27/2014,43.720001
2/28/2014,43.709999
3/3/2014,44.18
3/4/2014,45.599998
3/5/2014,45.139999
3/6/2014,45.740002
3/7/2014,45.75
3/10/2014,45.740002
3/11/2014,45.990002
3/12/2014,46.27
3/13/2014,45.27
3/14/2014,45.209999
3/17/2014,45.619999
3/18/2014,45.630001
3/19/2014,45.259998
3/20/2014,45.48
3/21/2014,45.32
3/24/2014,44.439999
3/25/2014,42.720001
3/26/2014,41.77
3/27/2014,41.869999
3/28/2014,42.110001
3/31/2014,43.02
4/1/2014,43.810001
4/2/2014,43.799999
4/3/2014,43.759998
4/4/2014,43.07
4/7/2014,42.279999
4/8/2014,42.639999
4/9/2014,43.099998
4/10/2014,42.07
4/11/2014,41.720001
4/14/2014,41.549999
4/15/2014,41.279999
4/16/2014,42.119999
4/17/2014,42.169998
4/21/2014,42.389999
4/22/2014,42.560001
4/23/2014,42.279999
4/24/2014,42.279999
4/25/2014,41.689999
4/28/2014,41.790001
4/29/2014,41.709999
4/30/2014,40.540001
5/1/2014,40.990002
5/2/2014,41.240002
5/5/2014,41.189999
5/6/2014,41.259998
5/7/2014,42.139999
5/8/2014,41.419998
5/9/2014,41.540001
5/12/2014,43.34
5/13/2014,42.700001
5/14/2014,42.169998
5/15/2014,42.130001
5/16/2014,42.279999
5/19/2014,42.560001
5/20/2014,41.380001
5/21/2014,42.060001
5/22/2014,42.560001
5/23/2014,42.950001
5/27/2014,43.41
5/28/2014,43.32
5/29/2014,43.48
5/30/2014,43.16
6/2/2014,43.34
6/3/2014,43.349998
6/4/2014,43.450001
6/5/2014,43.900002
6/6/2014,44.41
6/9/2014,44.82
6/10/2014,44.700001
6/11/2014,44.900002
6/12/2014,44.759998
6/13/2014,44.84
6/16/2014,44.77
6/17/2014,45.470001
6/18/2014,45.110001
6/19/2014,44.919998
6/20/2014,44.580002
6/23/2014,44.860001
6/24/2014,44.439999
6/25/2014,44.59
6/26/2014,44.459999
6/27/2014,45.200001
6/30/2014,45.849998
7/1/2014,46.549999
7/2/2014,46.52
7/3/2014,47.34
7/7/2014,47.080002
7/8/2014,46.470001
7/9/2014,46.32
7/10/2014,45.93
7/11/2014,46.09
7/14/2014,46.369999
7/15/2014,46.389999
7/16/2014,46.639999
7/17/2014,46.27
7/18/2014,46.93
7/21/2014,46.689999
7/22/2014,46.939999
7/23/2014,46.82
7/24/2014,47.110001
7/25/2014,46.799999
7/28/2014,46.73
7/29/2014,46.400002
7/30/2014,46.560001
7/31/2014,45.25
8/1/2014,44.360001
8/4/2014,44.549999
8/5/2014,43.990002
8/6/2014,44.150002
8/7/2014,43.900002
8/8/2014,44
8/11/2014,44.57
8/12/2014,44.599998
8/13/2014,44.919998
8/14/2014,45.119999
8/15/2014,45.169998
8/18/2014,45.68
8/19/2014,45.630001
8/20/2014,45.860001
8/21/2014,46.18
8/22/2014,46.209999
8/25/2014,46.279999
8/26/2014,46.740002
8/27/2014,46.139999
8/28/2014,45.869999
8/29/2014,46.139999
9/2/2014,46.580002
9/3/2014,46.43
9/4/2014,46.43
9/5/2014,46.349998
9/8/2014,46.290001
9/9/2014,46.200001
9/10/2014,46.650002
9/11/2014,46.790001
9/12/2014,46.700001
9/15/2014,46.400002
9/16/2014,46.540001
9/17/2014,46.290001
9/18/2014,48.98
9/19/2014,48.389999
9/22/2014,47.630001
9/23/2014,46.990002
9/24/2014,47.330002
9/25/2014,46.77
9/26/2014,46.970001
9/29/2014,46.990002
9/30/2014,47.02
10/1/2014,46.560001
10/2/2014,47.599998
10/3/2014,47.52
10/6/2014,46.990002
10/7/2014,45.639999
10/8/2014,45.650002
10/9/2014,44.599998
10/10/2014,43.529999
10/13/2014,42.759998
10/14/2014,42.560001
10/15/2014,42.200001
10/16/2014,42.25
10/17/2014,43.41
10/20/2014,43.66
10/21/2014,44.790001
10/22/2014,45.080002
10/23/2014,45.630001
10/24/2014,46
10/27/2014,46.450001
10/28/2014,46.77
10/29/2014,46.880001
10/30/2014,46.630001
10/31/2014,46.66
11/3/2014,46.5
11/4/2014,46.889999
11/5/2014,47.130001
11/6/2014,47.540001
11/7/2014,47.459999
11/10/2014,48.080002
11/11/2014,48.209999
11/12/2014,48.029999
11/13/2014,47.740002
11/14/2014,47.900002
11/17/2014,47.209999
11/18/2014,47.009998
11/19/2014,48.400002
11/20/2014,48.009998
11/21/2014,48.5
11/24/2014,48.919998
11/25/2014,48.5
11/26/2014,48.540001
11/28/2014,48.360001
12/1/2014,47.669998
12/2/2014,47.91
12/3/2014,47.939999
12/4/2014,47.919998
12/5/2014,47.700001
12/8/2014,48.080002
12/9/2014,47.950001
12/10/2014,46.91
12/11/2014,47.169998
12/12/2014,46.150002
12/15/2014,46.110001
12/16/2014,46.080002
12/17/2014,46.93
12/18/2014,47.57
12/19/2014,47.889999
12/22/2014,48.139999
12/23/2014,48.16
12/24/2014,48.419998
12/26/2014,48.349998
12/29/2014,48.099998
12/30/2014,48.16
12/31/2014,47.439999
1/2/2015,47.689999
1/5/2015,47.240002
1/6/2015,48.610001
1/7/2015,49.720001
1/8/2015,51.220001
1/9/2015,51.970001
1/12/2015,51.939999
1/13/2015,54.049999
1/14/2015,53.700001
1/15/2015,52.900002
1/16/2015,54.060001
1/20/2015,53.700001
1/21/2015,53.57
1/22/2015,54.369999
1/23/2015,54.220001
1/26/2015,54.549999
1/27/2015,54.279999
1/28/2015,53.889999
1/29/2015,54.5
1/30/2015,53.82
2/2/2015,54.360001
2/3/2015,54.830002
2/4/2015,55.130001
2/5/2015,55.5
2/6/2015,56.029999
2/9/2015,56.91
2/10/2015,56.98
2/11/2015,56.580002
2/12/2015,57.200001
2/13/2015,57.200001
2/17/2015,57.349998
2/18/2015,57.32
2/19/2015,57.799999
2/20/2015,58.029999
2/23/2015,57.610001
2/24/2015,57.650002
2/25/2015,57.23
2/26/2015,56.790001
2/27/2015,56.110001
3/2/2015,57.57
3/3/2015,57.32
3/4/2015,56.779999
3/5/2015,55.400002
3/6/2015,55.450001
3/9/2015,55.66
3/10/2015,54.720001
3/11/2015,55.830002
3/12/2015,57.18
3/13/2015,56.740002
3/16/2015,57.900002
3/17/2015,58.41
3/18/2015,58.700001
3/19/2015,58.619999
3/20/2015,59.689999
3/23/2015,60.18
3/24/2015,59.779999
3/25/2015,59.32
3/26/2015,59.82
3/27/2015,59.580002
3/30/2015,60.919998
3/31/2015,61.310001
4/1/2015,61.040001
4/2/2015,61.509998
4/6/2015,62.119999
4/7/2015,61.279999
4/8/2015,61.830002
4/9/2015,60.75
4/10/2015,60.599998
4/13/2015,60.32
4/14/2015,61.07
4/15/2015,61
4/16/2015,61.200001
4/17/2015,60.889999
4/20/2015,60.939999
4/21/2015,60.869999
4/22/2015,61.599998
4/23/2015,62.25
4/24/2015,62.740002
4/27/2015,62.959999
4/28/2015,62.93
4/29/2015,62.599998
4/30/2015,61.189999
5/1/2015,62.349998
5/4/2015,62.419998
5/5/2015,62.040001
5/6/2015,61.459999
5/7/2015,61.599998
5/8/2015,62.099998
5/11/2015,61.830002
5/12/2015,61.360001
5/13/2015,61.830002
5/14/2015,62.560001
5/15/2015,62.48
5/18/2015,63.540001
5/19/2015,63.599998
5/20/2015,63.130001
5/21/2015,63.009998
5/22/2015,63.419998
5/26/2015,63.200001
5/27/2015,62.689999
5/28/2015,62.650002
5/29/2015,62.049999
6/1/2015,62.150002
6/2/2015,62.18
6/3/2015,62.48
6/4/2015,62
6/5/2015,61.799999
6/8/2015,61.380001
6/9/2015,61.43
6/10/2015,61.720001
6/11/2015,62
6/12/2015,61.889999
6/15/2015,61.220001
6/16/2015,61.700001
6/17/2015,61.779999
6/18/2015,61.959999
6/19/2015,61.869999
6/22/2015,62
6/23/2015,63.23
6/24/2015,63.099998
6/25/2015,63.32
6/26/2015,63.75
6/29/2015,61.790001
6/30/2015,61.549999
7/1/2015,62.209999
7/2/2015,62.02
7/6/2015,62.110001
7/7/2015,62.91
7/8/2015,61.689999
7/9/2015,62.23
7/10/2015,63.790001
7/13/2015,64.139999
7/14/2015,64.510002
7/15/2015,64.809998
7/16/2015,66.239998
7/17/2015,66.019997
7/20/2015,66.360001
7/21/2015,66.300003
7/22/2015,66.489998
7/23/2015,66.550003
7/24/2015,66.889999
7/27/2015,65.730003
7/28/2015,66
7/29/2015,66.910004
7/30/2015,67.970001
7/31/2015,68.160004
8/3/2015,67.540001
8/4/2015,66.959999
8/5/2015,67.599998
8/6/2015,66.510002
8/7/2015,66.220001
8/10/2015,66.790001
8/11/2015,65.550003
8/12/2015,63.950001
8/13/2015,63.400002
8/14/2015,64.080002
8/17/2015,64.449997
8/18/2015,64.419998
8/19/2015,64.279999
8/20/2015,62.740002
8/21/2015,61.349998
8/24/2015,58.18
8/25/2015,57.779999
8/26/2015,60.139999
8/27/2015,61.650002
8/28/2015,62.16
8/31/2015,60.52
9/1/2015,58.560001
9/2/2015,59.889999
9/3/2015,59.669998
9/4/2015,58.66
9/8/2015,60.919998
9/9/2015,60.09
9/10/2015,60.860001
9/11/2015,61.02
9/14/2015,59.849998
9/15/2015,60.73
9/16/2015,60.650002
9/17/2015,60.709999
9/18/2015,60.119999
9/21/2015,61.82
9/22/2015,60.970001
9/23/2015,61.41
9/24/2015,60.470001
9/25/2015,61.32
9/28/2015,58.939999
9/29/2015,58.240002
9/30/2015,59.459999
10/1/2015,57.950001
10/2/2015,58.57
10/5/2015,59.23
10/6/2015,58.610001
10/7/2015,59.32
10/8/2015,59.93
10/9/2015,60
10/12/2015,60.490002
10/13/2015,60.150002
10/14/2015,59.189999
10/15/2015,59.849998
10/16/2015,60.18
10/19/2015,60.790001
10/20/2015,60.900002
10/21/2015,60.459999
10/22/2015,61.080002
10/23/2015,61.799999
10/26/2015,62.77
10/27/2015,61.52
10/28/2015,63.049999
10/29/2015,65.519997
10/30/2015,67
11/2/2015,71.050003
11/3/2015,70.209999
11/4/2015,69.459999
11/5/2015,68.620003
11/6/2015,67.790001
11/9/2015,66.489998
11/10/2015,67.25
11/11/2015,67.290001
11/12/2015,66.769997
11/13/2015,66.209999
11/16/2015,68.029999
11/17/2015,69.190002
11/18/2015,69.400002
11/19/2015,69.419998
11/20/2015,69.339996
11/23/2015,69.519997
11/24/2015,70.080002
11/25/2015,69.959999
11/27/2015,70.610001
11/30/2015,70.120003
12/1/2015,70.559998
12/2/2015,70.389999
12/3/2015,69.639999
12/4/2015,71.870003
12/7/2015,70.669998
12/8/2015,70.480003
12/9/2015,69.419998
12/10/2015,69.949997
12/11/2015,68.800003
12/14/2015,69.620003
12/15/2015,70.330002
12/16/2015,71.480003
12/17/2015,70.889999
12/18/2015,71.519997
12/21/2015,71.970001
12/22/2015,71.540001
12/23/2015,72.18
12/24/2015,72.349998
12/28/2015,72.379997
12/29/2015,72.849998
12/30/2015,72.589996
12/31/2015,72.129997
1/4/2016,70.610001
1/5/2016,71.139999
1/6/2016,70.589996
1/7/2016,69.489998
1/8/2016,68.5
1/11/2016,68.129997
1/12/2016,69.199997
1/13/2016,67.760002
1/14/2016,68
1/15/2016,67.449997
1/19/2016,66.589996
1/20/2016,65.440002
1/21/2016,65.580002
1/22/2016,66.989998
1/25/2016,66.309998
1/26/2016,66.080002
1/27/2016,66.209999
1/28/2016,66.550003
1/29/2016,68.839996
2/1/2016,67.739998
2/2/2016,66.790001
2/3/2016,66.32
2/4/2016,66.889999
2/5/2016,65.290001
2/8/2016,63.16
2/9/2016,65.080002
2/10/2016,66.019997
2/11/2016,65.260002
2/12/2016,67.260002
2/16/2016,68.580002
2/17/2016,70.059998
2/18/2016,70.639999
2/19/2016,71.550003
2/22/2016,72.830002
2/23/2016,72.75
2/24/2016,71.449997
2/25/2016,72.559998
2/26/2016,72.459999
2/29/2016,70.519997
3/1/2016,71.510002
3/2/2016,70.849998
3/3/2016,70.089996
3/4/2016,69.5
3/7/2016,69.959999
3/8/2016,68.699997
3/9/2016,69.459999
3/10/2016,68.949997
3/11/2016,69.620003
3/14/2016,69.709999
3/15/2016,69.309998
3/16/2016,69.769997
3/17/2016,70.230003
3/18/2016,71.269997
3/21/2016,71.379997
3/22/2016,71.629997
3/23/2016,71.599998
3/24/2016,70.739998
3/28/2016,71.370003
3/29/2016,72.669998
3/30/2016,73.150002
3/31/2016,74.080002
4/1/2016,74.610001
4/4/2016,74.199997
4/5/2016,73.790001
4/6/2016,74.910004
4/7/2016,73.720001
4/8/2016,73.440002
4/11/2016,73.139999
4/12/2016,73.760002
4/13/2016,74.07
4/14/2016,74.349998
4/15/2016,74.639999
4/18/2016,75.599998
4/19/2016,75.93
4/20/2016,75.559998
4/21/2016,75.160004
4/22/2016,75.389999
4/25/2016,75.339996
4/26/2016,75.970001
4/27/2016,76.360001
4/28/2016,75.290001
4/29/2016,75.940002
5/2/2016,76
5/3/2016,74.889999
5/4/2016,74.75
5/5/2016,74.800003
5/6/2016,75.379997
5/9/2016,76.410004
5/10/2016,77.370003
5/11/2016,76.589996
5/12/2016,75.690002
5/13/2016,75.110001
5/16/2016,74.989998
5/17/2016,74.510002
5/18/2016,74.980003
5/19/2016,75.290001
5/20/2016,75.989998
5/23/2016,76.309998
5/24/2016,78.940002
5/25/2016,78.580002
5/26/2016,78.449997
5/27/2016,79.32
5/31/2016,79.790001
6/1/2016,78.709999
6/2/2016,78.650002
6/3/2016,77.110001
6/6/2016,77.360001
6/7/2016,77.879997
6/8/2016,78.050003
6/9/2016,78.07
6/10/2016,76.720001
6/13/2016,75.809998
6/14/2016,74.519997
6/15/2016,74.300003
6/16/2016,74.25
6/17/2016,73.669998
6/20/2016,74.550003
6/21/2016,74.870003
6/22/2016,74.830002
6/23/2016,76.660004
6/24/2016,73.730003
6/27/2016,71.860001
6/28/2016,73.809998
6/29/2016,74.910004
6/30/2016,77.120003
7/1/2016,76.93
7/5/2016,76.779999
7/6/2016,77.620003
7/7/2016,78.449997
7/8/2016,79.449997
7/11/2016,79.379997
7/12/2016,81.019997
7/13/2016,81.5
7/14/2016,81.709999
7/15/2016,81.489998
7/18/2016,81.169998
7/19/2016,81.970001
7/20/2016,82.559998
7/21/2016,82.470001
7/22/2016,82.93
7/25/2016,82.970001
7/26/2016,83.559998
7/27/2016,83.5
7/28/2016,84.849998
7/29/2016,86.040001
8/1/2016,86
8/2/2016,84.760002
8/3/2016,84.980003
8/4/2016,85.379997
8/5/2016,86.82
8/8/2016,86.110001
8/9/2016,86.220001
8/10/2016,86.089996
8/11/2016,86.129997
8/12/2016,86.290001
8/15/2016,87.5
8/16/2016,86.650002
8/17/2016,87
8/18/2016,87.169998
8/19/2016,87.32
8/22/2016,87.379997
8/23/2016,87.650002
8/24/2016,88.110001
8/25/2016,88.660004
8/26/2016,88.910004
8/29/2016,89.779999
8/30/2016,89.970001
8/31/2016,90.120003
9/1/2016,89.269997
9/2/2016,89.550003
9/6/2016,88.599998
9/7/2016,89.059998
9/8/2016,87.25
9/9/2016,84.730003
9/12/2016,85.959999
9/13/2016,84.870003
9/14/2016,84.699997
9/15/2016,85.860001
9/16/2016,85.360001
9/19/2016,85.239998
9/20/2016,85.660004
9/21/2016,86.739998
9/22/2016,86.769997
9/23/2016,86.400002
9/26/2016,85.480003
9/27/2016,85.309998
9/28/2016,84.900002
9/29/2016,83.519997
9/30/2016,83.940002
10/3/2016,83.510002
10/4/2016,83.019997
10/5/2016,83.209999
10/6/2016,83.120003
10/7/2016,82.660004
10/10/2016,82.970001
10/11/2016,80.099998
10/12/2016,81.919998
10/13/2016,81.959999
10/14/2016,82.910004
10/17/2016,82.919998
10/18/2016,83
10/19/2016,82.93
10/20/2016,82.43
10/21/2016,82.900002
10/24/2016,83.220001
10/25/2016,83.190002
10/26/2016,82.93
10/27/2016,79.599998
10/28/2016,78.949997
10/31/2016,80.190002
11/1/2016,79.18
11/2/2016,78.82
11/3/2016,79.080002
11/4/2016,79.370003
11/7/2016,80.860001
11/8/2016,81.080002
11/9/2016,81.790001
11/10/2016,81.169998
11/11/2016,80
11/14/2016,77.559998
11/15/2016,77.510002
11/16/2016,77.93
11/17/2016,79.5
11/18/2016,79.690002
11/21/2016,80.410004
11/22/2016,80.010002
11/23/2016,80.190002
11/25/2016,80.779999
11/28/2016,80.279999
11/29/2016,80.629997
11/30/2016,78.800003
12/1/2016,77.139999
12/2/2016,79.330002
12/5/2016,80.75
12/6/2016,79.489998
12/7/2016,80.760002
12/8/2016,80.699997
12/9/2016,81.459999
12/12/2016,80.480003
12/13/2016,81.040001
12/14/2016,79.849998
12/15/2016,80.540001
12/16/2016,79.900002
12/19/2016,80.25
12/20/2016,80.739998
12/21/2016,79.660004
12/22/2016,78.489998
12/23/2016,78.589996
12/27/2016,78.849998
12/28/2016,78.360001
12/29/2016,78.57
12/30/2016,78.779999
1/3/2017,78.709999
1/4/2017,80.709999
1/5/2017,81.639999
1/6/2017,83.400002
1/9/2017,82.68
1/10/2017,81.519997
1/11/2017,81.519997
1/12/2017,81.25
1/13/2017,82.400002
1/17/2017,81.099998
1/18/2017,82.290001
1/19/2017,81.160004
1/20/2017,81.75
1/23/2017,82.129997
1/24/2017,82.209999
1/25/2017,82.720001
1/26/2017,83.510002
1/27/2017,82.760002
1/30/2017,83.610001
1/31/2017,82.75
2/1/2017,83.75
2/2/2017,88.910004
2/3/2017,91.650002
2/6/2017,93.07
2/7/2017,92.650002
2/8/2017,92.610001
2/9/2017,90.330002
2/10/2017,91.220001
2/13/2017,92.790001
2/14/2017,93.949997
2/15/2017,94.580002
2/16/2017,94.199997
2/17/2017,94.269997
2/21/2017,94.519997
2/22/2017,94.949997
2/23/2017,94.989998
2/24/2017,95.540001
2/27/2017,95.529999
2/28/2017,94.589996
3/1/2017,95.879997
3/2/2017,94.949997
3/3/2017,95.440002
3/6/2017,94.75
3/7/2017,95.449997
3/8/2017,94.459999
3/9/2017,94.440002
3/10/2017,94.870003
3/13/2017,95.300003
3/14/2017,96.330002
3/15/2017,99.309998
3/16/2017,97.669998
3/17/2017,97.330002
3/20/2017,97.419998
3/21/2017,95.550003
3/22/2017,96.110001
3/23/2017,97.120003
3/24/2017,97.440002
3/27/2017,96.620003
3/28/2017,96.610001
3/29/2017,96.400002
3/30/2017,96.709999
3/31/2017,97.190002
4/3/2017,96.760002
4/4/2017,96.589996
4/5/2017,97.849998
4/6/2017,97.790001
4/7/2017,97.93
4/10/2017,97.25
4/11/2017,97.5
4/12/2017,97.309998
4/13/2017,96.260002
4/17/2017,97.989998
4/18/2017,97.699997
4/19/2017,98.150002
4/20/2017,98.730003
4/21/2017,98.029999
4/24/2017,98.660004
4/25/2017,99.449997
4/26/2017,99.620003
4/27/2017,100.400002
4/28/2017,100.32
5/1/2017,100.629997
5/2/2017,101.940002
5/3/2017,101.410004
5/4/2017,97.589996
5/5/2017,99.540001
5/8/2017,98.209999
5/9/2017,97.650002
5/10/2017,98.269997
5/11/2017,98.279999
5/12/2017,97.769997
5/15/2017,98.800003
5/16/2017,98.150002
5/17/2017,97.019997
5/18/2017,97.260002
5/19/2017,98.879997
5/22/2017,99.360001
5/23/2017,98.910004
5/24/2017,100.010002
5/25/2017,100.93
5/26/2017,100.510002
5/30/2017,100.07
5/31/2017,101.730003
6/1/2017,104.019997
6/2/2017,104.459999
6/5/2017,104.589996
6/6/2017,104.169998
6/7/2017,103.93
6/8/2017,103.599998
6/9/2017,104.019997
6/12/2017,103.82
6/13/2017,105.900002
6/14/2017,105.389999
6/15/2017,105.690002
6/16/2017,105.620003
6/19/2017,106.169998
6/20/2017,103.580002
6/21/2017,101.830002
6/22/2017,103.330002
6/23/2017,104.720001
6/26/2017,104.220001
6/27/2017,102.690002
6/28/2017,105
6/29/2017,104.07
6/30/2017,102.989998
7/3/2017,102.790001
7/5/2017,103.080002
7/6/2017,102.279999
7/7/2017,102.540001
7/10/2017,102.989998
7/11/2017,105.25
7/12/2017,105.400002
7/13/2017,106.099998
7/14/2017,107.449997
7/17/2017,106.980003
7/18/2017,106.980003
7/19/2017,107.589996
7/20/2017,107.400002
7/21/2017,108.150002
7/24/2017,108.980003
7/25/2017,110.260002
7/26/2017,110.349998
7/27/2017,109.809998
7/28/2017,110.370003
7/31/2017,108.949997
8/1/2017,110.489998
8/2/2017,108.650002
8/3/2017,111.709999
8/4/2017,111.169998
8/7/2017,111.199997
8/8/2017,110.389999
8/9/2017,109.68
8/10/2017,107.260002
8/11/2017,107.129997
8/14/2017,110.279999
8/15/2017,109.269997
8/16/2017,112.190002
8/17/2017,110.339996
8/18/2017,111.120003
8/21/2017,110.32
8/22/2017,112.970001
8/23/2017,112.220001
8/24/2017,112.019997
8/25/2017,114.260002
8/28/2017,113.989998
8/29/2017,113.080002
8/30/2017,112.989998
8/31/2017,114.610001
9/1/2017,115.449997
9/5/2017,113.129997
9/6/2017,112.089996
9/7/2017,114.019997
9/8/2017,114.889999
9/11/2017,115.769997
9/12/2017,117.739998
9/13/2017,114.290001
9/14/2017,113.459999
9/15/2017,113.300003
9/18/2017,113.150002
9/19/2017,113.809998
9/20/2017,114.290001
9/21/2017,115.300003
9/22/2017,117.419998
9/25/2017,116.010002
9/26/2017,115.190002
9/27/2017,115.760002
9/28/2017,116.970001
9/29/2017,116.900002
10/2/2017,116.980003
10/3/2017,118.510002
10/4/2017,120.139999
10/5/2017,121.099998
10/6/2017,121.279999
10/9/2017,121.540001
10/10/2017,121.919998
10/11/2017,121.879997
10/12/2017,122.730003
10/13/2017,122.089996
10/16/2017,123.480003
10/17/2017,122.449997
10/18/2017,122.589996
10/19/2017,122
10/20/2017,122
10/23/2017,121.699997
10/24/2017,120.449997
10/25/2017,118.540001
10/26/2017,120.25
10/27/2017,120
10/30/2017,117.650002
10/31/2017,117.360001
11/1/2017,117.589996
11/2/2017,125.419998
11/3/2017,126.040001
11/6/2017,127.699997
11/7/2017,125.980003
11/8/2017,127.099998
11/9/2017,127.879997
11/10/2017,125.019997
11/13/2017,125.459999
11/14/2017,125.120003
11/15/2017,124.230003
11/16/2017,125.379997
11/17/2017,126.580002
11/20/2017,127.190002
11/21/2017,127.5
11/22/2017,127.5
11/24/2017,128.899994
11/27/2017,128.75
11/28/2017,129.350006
11/29/2017,127.730003
11/30/2017,128.699997
12/1/2017,128.949997
12/4/2017,127.57
12/5/2017,128.360001
12/6/2017,128
12/7/2017,128.210007
12/8/2017,127.709999
12/11/2017,128.339996
12/12/2017,128
12/13/2017,127.290001
12/14/2017,127.550003
12/15/2017,127.93
12/18/2017,127.279999
12/19/2017,126.970001
12/20/2017,128.160004
12/21/2017,128.619995
12/22/2017,128.330002
12/26/2017,125.599998
12/27/2017,125.470001
12/28/2017,126.379997
12/29/2017,126.540001
1/2/2018,127.68
1/3/2018,129.619995
1/4/2018,131.660004
1/5/2018,133.029999
1/8/2018,133.210007
1/9/2018,134.100006
1/10/2018,133.75
1/11/2018,134.759995
1/12/2018,135.889999
1/16/2018,134.330002
1/17/2018,135.800003
1/18/2018,136.820007
1/19/2018,138.25
1/22/2018,139.270004
1/23/2018,140.100006
1/24/2018,138.070007
1/25/2018,137.860001
1/26/2018,140.570007
1/29/2018,138.050003
1/30/2018,138.300003
1/31/2018,139.229996
2/1/2018,146.320007
2/2/2018,142.529999
2/5/2018,135.679993
2/6/2018,138.889999
2/7/2018,139.759995
2/8/2018,133.809998
2/9/2018,136.479996
2/12/2018,137.529999
2/13/2018,140.589996
2/14/2018,145.649994
2/15/2018,148.229996
2/16/2018,145
2/20/2018,144.380005
2/21/2018,142.789993
2/22/2018,142.869995
2/23/2018,144.990005
2/26/2018,144.419998
2/27/2018,142.839996
2/28/2018,141.520004
3/1/2018,142.649994
3/2/2018,143.320007
3/5/2018,145.929993
3/6/2018,148.990005
3/7/2018,148.300003
3/8/2018,150.580002
3/9/2018,153.119995
3/12/2018,154.050003
3/13/2018,151.639999
3/14/2018,154.429993
3/15/2018,154.949997
3/16/2018,154.979996
3/19/2018,155.380005
3/20/2018,158.080002
3/21/2018,158.259995
3/22/2018,156.130005
3/23/2018,154.070007
3/26/2018,158.669998
3/27/2018,154.039993
3/28/2018,150.550003
3/29/2018,149.470001
4/2/2018,145.940002
4/3/2018,145.710007
4/4/2018,146.699997
4/5/2018,146.509995
4/6/2018,144.050003
4/9/2018,146.630005
4/10/2018,149.050003
4/11/2018,148.25
4/12/2018,149.300003
4/13/2018,147.610001
4/16/2018,149.179993
4/17/2018,150.119995
4/18/2018,150.429993
4/19/2018,150
4/20/2018,149.589996
4/23/2018,150
4/24/2018,147.690002
4/25/2018,149.210007
4/26/2018,149.600006
4/27/2018,150.199997
4/30/2018,149.830002
5/1/2018,150.660004
5/2/2018,150.440002
5/3/2018,149.199997
5/4/2018,152.130005
5/7/2018,154.919998
5/8/2018,155.309998
5/9/2018,156.630005
5/10/2018,159.850006
5/11/2018,160.970001
5/14/2018,160.539993
5/15/2018,158.710007
5/16/2018,158.320007
5/17/2018,156.759995
5/18/2018,156.199997
5/21/2018,157.990005
5/22/2018,156.529999
5/23/2018,158.360001
5/24/2018,159.130005
5/25/2018,159.339996
5/29/2018,158.880005
5/30/2018,161.990005
5/31/2018,162.570007
6/1/2018,163.399994
6/4/2018,163.479996
6/5/2018,163.710007
6/6/2018,165.449997
6/7/2018,165.220001
6/8/2018,166.289993
6/11/2018,166.490005
6/12/2018,169.740005
6/13/2018,172.199997
6/14/2018,172.350006
6/15/2018,172.75
6/18/2018,171.580002
6/19/2018,171.759995
6/20/2018,171.710007
6/21/2018,170.759995
6/22/2018,170.630005
6/25/2018,168.559998
6/26/2018,166.330002
6/27/2018,163.550003
6/28/2018,164.610001
6/29/2018,165.429993
7/2/2018,167.139999
7/3/2018,165.729996
7/5/2018,164.910004
7/6/2018,166.610001
7/9/2018,168.639999
7/10/2018,168.729996
7/11/2018,169.279999
7/12/2018,169.259995
7/13/2018,169.580002
7/16/2018,170.580002
7/17/2018,170.740005
7/18/2018,171.529999
7/19/2018,170.690002
7/20/2018,170.979996
7/23/2018,173.289993
7/24/2018,172.580002
7/25/2018,176.25
7/26/2018,173.770004
7/27/2018,171.570007
7/30/2018,167.5
7/31/2018,166.190002
8/1/2018,163
8/2/2018,170.289993
8/3/2018,166.820007
8/6/2018,170.169998
8/7/2018,172.860001
8/8/2018,172.690002
8/9/2018,173.169998
8/10/2018,173.130005
8/13/2018,172.600006
8/14/2018,175.440002
8/15/2018,173.610001
8/16/2018,173.919998
8/17/2018,173.279999
8/20/2018,174.169998
8/21/2018,173.539993
8/22/2018,173.139999
8/23/2018,173.089996
8/24/2018,174.020004
8/27/2018,174.940002
8/28/2018,177.160004
8/29/2018,178.070007
8/30/2018,177.649994
8/31/2018,180.259995
9/4/2018,182.229996
9/5/2018,178.520004
9/6/2018,179.240005
9/7/2018,179.179993
9/10/2018,178.110001
9/11/2018,177.460007
9/12/2018,176.529999
9/13/2018,180.539993
9/14/2018,182.179993
9/17/2018,177.940002
9/18/2018,178.220001
9/19/2018,174.529999
9/20/2018,176.320007
9/21/2018,176.289993
9/24/2018,178.039993
9/25/2018,178.899994
9/26/2018,178.770004
9/27/2018,178.630005
9/28/2018,177.410004
10/1/2018,179.800003
10/2/2018,176.960007
10/3/2018,177.279999
10/4/2018,172.520004
10/5/2018,170.570007
10/8/2018,167.820007
10/9/2018,166.960007
10/10/2018,156.839996
10/11/2018,151.589996
10/12/2018,154.039993
10/15/2018,151.229996
10/16/2018,156.25
10/17/2018,157.279999
10/18/2018,153.75
10/19/2018,153.860001
10/22/2018,156.399994
10/23/2018,155
10/24/2018,148.690002
10/25/2018,149.339996
10/26/2018,142.759995
10/29/2018,143
10/30/2018,144.509995
10/31/2018,150.380005
11/1/2018,147.289993
11/2/2018,144.110001
11/5/2018,145.080002
11/6/2018,147.770004
11/7/2018,151.850006
11/8/2018,152.009995
11/9/2018,149.789993
11/12/2018,148.050003
11/13/2018,147.710007
11/14/2018,148.169998
11/15/2018,151.660004
11/16/2018,153.289993
11/19/2018,145.529999
11/20/2018,144.350006
11/21/2018,146.339996
11/23/2018,149.830002
11/26/2018,152.399994
11/27/2018,152.199997
11/28/2018,158.610001
11/29/2018,157.039993
11/30/2018,157.089996
12/3/2018,161.600006
12/4/2018,154.320007
12/6/2018,152.320007
12/7/2018,149.75
12/10/2018,150.160004
12/11/2018,152
12/12/2018,153.889999
12/13/2018,152.820007
12/14/2018,150.449997
12/17/2018,144.210007
12/18/2018,144.25
12/19/2018,143.130005
12/20/2018,140.949997
12/21/2018,137.289993
12/24/2018,135.089996
12/26/2018,141.529999
12/27/2018,145.270004
12/28/2018,145.399994
12/31/2018,147.429993
1/2/2019,146.940002
1/3/2019,141.339996
1/4/2019,146.600006
1/7/2019,147.279999
1/8/2019,150.339996
1/9/2019,151.809998
1/10/2019,153.940002
1/11/2019,154.830002
1/14/2019,153.710007
1/15/2019,157.059998
1/16/2019,160.25
1/17/2019,160.729996
1/18/2019,165.970001
1/22/2019,162.259995
1/23/2019,162.779999
1/24/2019,161.740005
1/25/2019,163.830002
1/28/2019,162.440002
1/29/2019,160.850006
1/30/2019,162.770004
1/31/2019,170.270004
2/1/2019,172.850006
2/4/2019,172.559998
2/5/2019,174.490005
2/6/2019,171.949997
2/7/2019,172.449997
2/8/2019,172.289993
2/11/2019,171.75
2/12/2019,174.619995
2/13/2019,174.869995
2/14/2019,174.130005
2/15/2019,175.169998
2/19/2019,174.800003
2/20/2019,176.110001
2/21/2019,174.220001
2/22/2019,177.160004
2/25/2019,178.160004
2/26/2019,178.330002
2/27/2019,180.740005
2/28/2019,184.720001
3/1/2019,190.210007
3/4/2019,187.160004
3/5/2019,187.669998
3/6/2019,186.460007
3/7/2019,182.059998
3/8/2019,182.440002
3/11/2019,183.660004
3/12/2019,185.020004
3/13/2019,185.589996
3/14/2019,186.809998
3/15/2019,189.580002
3/18/2019,190.970001
3/19/2019,191.770004
3/20/2019,191.970001
3/21/2019,195.669998
3/22/2019,191.860001
3/25/2019,191.580002
3/26/2019,194.440002
3/27/2019,193.360001
3/28/2019,196.639999
3/29/2019,198.839996
4/1/2019,201.880005
4/2/2019,204.889999
4/3/2019,206.339996
4/4/2019,206.279999
4/5/2019,206.990005
4/8/2019,211
4/9/2019,211.889999
4/10/2019,214.610001
4/11/2019,216.300003
4/12/2019,217.990005
4/15/2019,218.990005
4/16/2019,219.339996
4/17/2019,219
4/18/2019,221.350006
4/22/2019,222.529999
4/23/2019,226.029999
4/24/2019,224.770004
4/25/2019,223.279999
4/26/2019,226.020004
4/29/2019,223.779999
4/30/2019,225.380005
5/1/2019,222.720001
5/2/2019,221.289993
5/3/2019,226.929993
5/6/2019,229.630005
5/7/2019,221.929993
5/8/2019,223.830002
5/9/2019,221.880005
5/10/2019,224.279999
5/13/2019,215.350006
5/14/2019,220.440002
5/15/2019,220.899994
5/16/2019,226.070007
5/17/2019,224.809998
5/20/2019,222.669998
5/21/2019,224.910004
5/22/2019,225.119995
5/23/2019,217.669998
5/24/2019,218.860001
5/28/2019,221.360001
5/29/2019,220.539993
5/30/2019,222.779999
5/31/2019,220.009995
6/3/2019,216.259995
6/4/2019,224.830002
6/5/2019,234.5
6/6/2019,237.580002
6/7/2019,240.300003
6/10/2019,243.990005
6/11/2019,236.350006
6/12/2019,234.850006
6/13/2019,234.820007
6/14/2019,235.779999
6/17/2019,232.589996
6/18/2019,233.589996
6/19/2019,236.649994
6/20/2019,237.440002
6/21/2019,232.399994
6/24/2019,235.009995
6/25/2019,230.75
6/26/2019,231.520004
6/27/2019,234.100006
6/28/2019,238.789993
7/1/2019,240.509995
7/2/2019,244.580002
7/3/2019,245.570007
7/5/2019,242.289993
7/8/2019,234.699997
7/9/2019,238
7/10/2019,238
7/11/2019,240.279999
7/12/2019,245.119995
7/15/2019,245.199997
7/16/2019,241.570007
7/17/2019,241.580002
7/18/2019,245.729996
7/19/2019,240.979996
7/22/2019,240.589996
7/23/2019,235.610001
7/24/2019,232.25
7/25/2019,231.889999
7/26/2019,237.270004
7/29/2019,232.369995
7/30/2019,227.880005
7/31/2019,227.240005
8/1/2019,225.330002
8/2/2019,220.179993
8/5/2019,209.240005
8/6/2019,214.339996
8/7/2019,217.179993
8/8/2019,225.470001
8/9/2019,224.050003
8/12/2019,219.960007
8/13/2019,226.309998
8/14/2019,218.899994
8/15/2019,222.160004
8/16/2019,226.229996
8/19/2019,230.309998
8/20/2019,231.5
8/21/2019,235.029999
8/22/2019,236
8/23/2019,233
8/26/2019,231.639999
8/27/2019,231.229996
8/28/2019,231.729996
8/29/2019,235.610001
8/30/2019,234.630005
9/3/2019,233.490005
9/4/2019,230.199997
9/5/2019,235.429993
9/6/2019,241.270004
9/9/2019,237.509995
9/10/2019,228.429993
9/11/2019,226.710007
9/12/2019,232.389999
9/13/2019,229.639999
9/16/2019,230
9/17/2019,240.149994
9/18/2019,233.75
9/19/2019,235.389999
9/20/2019,225.729996
9/23/2019,225.960007
9/24/2019,225.610001
9/25/2019,227.059998
9/26/2019,223.550003
9/27/2019,215.889999
9/30/2019,217.75
10/1/2019,216.229996
10/2/2019,212.699997
10/3/2019,217.839996
10/4/2019,221.009995
10/7/2019,220.789993
10/8/2019,214.509995
10/9/2019,219.470001
10/10/2019,222.649994
10/11/2019,225.330002
10/14/2019,225.110001
10/15/2019,227.080002
10/16/2019,225.979996
10/17/2019,229.029999
10/18/2019,224.399994
10/21/2019,226.149994
10/22/2019,216.380005
10/23/2019,218.330002
10/24/2019,222.580002
10/25/2019,222.199997
10/28/2019,225.029999
10/29/2019,228.070007
10/30/2019,229.139999
10/31/2019,234.559998
11/1/2019,245.910004
11/4/2019,245.789993
11/5/2019,238.470001
11/6/2019,241.279999
11/7/2019,246.679993
11/8/2019,245
11/11/2019,245
11/12/2019,246.179993
11/13/2019,249.210007
11/14/2019,250
11/15/2019,250
11/18/2019,252.589996
11/19/2019,257.5
11/20/2019,256.369995
11/21/2019,255.619995
11/22/2019,257.970001
11/25/2019,264.01001
11/26/2019,259.769989
11/27/2019,258.179993
11/29/2019,259.190002
12/2/2019,256.570007
12/3/2019,254.350006
12/4/2019,259.029999
12/5/2019,260.420013
12/6/2019,266.320007
12/9/2019,263.529999
12/10/2019,261.5
12/11/2019,260.790009
12/12/2019,259.859985
12/13/2019,260.089996
12/16/2019,261.190002
12/17/2019,258.48999
12/18/2019,257.5
12/19/2019,259.779999
12/20/2019,259.25
12/23/2019,258.720001
12/24/2019,260.359985
12/26/2019,260.480011
12/27/2019,259.98999
12/30/2019,256.920013
12/31/2019,258.179993
