Date,USDX
31-Dec-19,96.058
30-Dec-19,96.407
27-Dec-19,96.546
26-Dec-19,97.115
24-Dec-19,97.251
23-Dec-19,97.235
20-Dec-19,97.274
19-Dec-19,96.955
18-Dec-19,96.963
17-Dec-19,96.777
16-Dec-19,96.965
13-Dec-19,97.171
12-Dec-19,97.384
11-Dec-19,97.056
10-Dec-19,97.385
9-Dec-19,97.609
6-Dec-19,97.661
5-Dec-19,97.371
4-Dec-19,97.602
3-Dec-19,97.681
2-Dec-19,97.791
29-Nov-19,98.202
28-Nov-19,98.288
27-Nov-19,98.288
26-Nov-19,98.17
25-Nov-19,98.238
22-Nov-19,98.176
21-Nov-19,97.899
20-Nov-19,97.814
19-Nov-19,97.742
18-Nov-19,97.663
15-Nov-19,97.871
14-Nov-19,98.019
13-Nov-19,98.23
12-Nov-19,98.151
11-Nov-19,98.033
8-Nov-19,98.201
7-Nov-19,97.989
6-Nov-19,97.764
5-Nov-19,97.805
4-Nov-19,97.366
1-Nov-19,97.041
31-Oct-19,97.154
30-Oct-19,97.439
29-Oct-19,97.469
28-Oct-19,97.524
25-Oct-19,97.599
24-Oct-19,97.405
23-Oct-19,97.236
22-Oct-19,97.256
21-Oct-19,97.05
18-Oct-19,97.008
17-Oct-19,97.335
16-Oct-19,97.723
15-Oct-19,98.003
14-Oct-19,98.17
11-Oct-19,98.005
10-Oct-19,98.406
9-Oct-19,98.815
8-Oct-19,98.822
7-Oct-19,98.665
4-Oct-19,98.488
3-Oct-19,98.54
2-Oct-19,98.689
1-Oct-19,98.777
30-Sep-19,99.021
27-Sep-19,98.761
26-Sep-19,98.765
25-Sep-19,98.659
24-Sep-19,97.927
23-Sep-19,98.221
20-Sep-19,98.136
19-Sep-19,97.847
18-Sep-19,98.134
17-Sep-19,97.819
16-Sep-19,98.627
13-Sep-19,98.255
12-Sep-19,98.308
11-Sep-19,98.628
10-Sep-19,98.307
9-Sep-19,98.248
6-Sep-19,98.362
5-Sep-19,98.382
4-Sep-19,98.393
3-Sep-19,98.949
2-Sep-19,98.86
30-Aug-19,98.86
29-Aug-19,98.455
28-Aug-19,98.12
27-Aug-19,97.907
26-Aug-19,97.989
23-Aug-19,97.53
22-Aug-19,98.064
21-Aug-19,98.179
20-Aug-19,98.063
19-Aug-19,98.221
16-Aug-19,98.007
15-Aug-19,98.005
14-Aug-19,97.826
13-Aug-19,97.631
12-Aug-19,97.198
9-Aug-19,97.322
8-Aug-19,97.434
7-Aug-19,97.345
6-Aug-19,97.417
5-Aug-19,97.308
2-Aug-19,97.852
1-Aug-19,98.144
31-Jul-19,98.258
30-Jul-19,97.809
29-Jul-19,97.796
26-Jul-19,97.751
25-Jul-19,97.552
24-Jul-19,97.452
23-Jul-19,97.418
22-Jul-19,96.94
19-Jul-19,96.817
18-Jul-19,96.449
17-Jul-19,96.853
16-Jul-19,97.041
15-Jul-19,96.545
12-Jul-19,96.424
11-Jul-19,96.666
10-Jul-19,96.703
9-Jul-19,97.095
8-Jul-19,96.984
5-Jul-19,96.89
4-Jul-19,96.331
3-Jul-19,96.331
2-Jul-19,96.274
1-Jul-19,96.409
28-Jun-19,95.666
27-Jun-19,95.742
26-Jun-19,95.728
25-Jun-19,95.648
24-Jun-19,95.487
21-Jun-19,95.718
20-Jun-19,96.138
19-Jun-19,96.582
18-Jun-19,97.153
17-Jun-19,97.396
14-Jun-19,97.57
13-Jun-19,96.999
12-Jun-19,96.97
11-Jun-19,96.645
10-Jun-19,96.711
7-Jun-19,96.49
6-Jun-19,96.997
5-Jun-19,97.251
4-Jun-19,96.999
3-Jun-19,97.06
31-May-19,97.666
30-May-19,98.053
29-May-19,98.035
28-May-19,97.842
27-May-19,97.477
24-May-19,97.477
23-May-19,97.723
22-May-19,97.881
21-May-19,97.896
20-May-19,97.764
17-May-19,97.824
16-May-19,97.678
15-May-19,97.376
14-May-19,97.322
13-May-19,97.12
10-May-19,97.125
9-May-19,97.164
8-May-19,97.388
7-May-19,97.399
6-May-19,97.268
3-May-19,97.26
2-May-19,97.586
1-May-19,97.41
30-Apr-19,97.201
29-Apr-19,97.581
26-Apr-19,97.726
25-Apr-19,97.919
24-Apr-19,97.855
23-Apr-19,97.32
22-Apr-19,96.955
18-Apr-19,97.151
17-Apr-19,96.658
16-Apr-19,96.652
15-Apr-19,96.556
12-Apr-19,96.598
11-Apr-19,96.809
10-Apr-19,96.558
9-Apr-19,96.611
8-Apr-19,96.65
5-Apr-19,97.002
4-Apr-19,96.925
3-Apr-19,96.662
2-Apr-19,96.923
1-Apr-19,96.799
29-Mar-19,96.845
28-Mar-19,96.764
27-Mar-19,96.283
26-Mar-19,96.225
25-Mar-19,96.068
22-Mar-19,96.151
21-Mar-19,95.987
20-Mar-19,95.201
19-Mar-19,95.831
18-Mar-19,96.516
15-Mar-19,96.59
14-Mar-19,96.769
13-Mar-19,96.512
12-Mar-19,96.899
11-Mar-19,97.174
8-Mar-19,97.269
7-Mar-19,97.628
6-Mar-19,96.799
5-Mar-19,96.795
4-Mar-19,96.61
1-Mar-19,96.45
28-Feb-19,96.043
27-Feb-19,96.038
26-Feb-19,95.865
25-Feb-19,96.271
22-Feb-19,96.367
21-Feb-19,96.463
20-Feb-19,96.294
19-Feb-19,96.349
18-Feb-19,96.74
15-Feb-19,96.74
14-Feb-19,96.805
13-Feb-19,96.938
12-Feb-19,96.503
11-Feb-19,96.857
8-Feb-19,96.416
7-Feb-19,96.289
6-Feb-19,96.152
5-Feb-19,95.817
4-Feb-19,95.57
1-Feb-19,95.3
31-Jan-19,95.304
30-Jan-19,95.031
29-Jan-19,95.516
28-Jan-19,95.424
25-Jan-19,95.465
24-Jan-19,96.297
23-Jan-19,95.772
22-Jan-19,95.959
21-Jan-19,95.993
18-Jan-19,95.993
17-Jan-19,95.713
16-Jan-19,95.677
15-Jan-19,95.675
14-Jan-19,95.207
11-Jan-19,95.266
10-Jan-19,95.12
9-Jan-19,94.79
8-Jan-19,95.479
7-Jan-19,95.228
4-Jan-19,95.75
3-Jan-19,95.878
2-Jan-19,96.423
31-Dec-18,95.735
28-Dec-18,95.965
27-Dec-18,96.001
26-Dec-18,96.568
24-Dec-18,96.007
21-Dec-18,96.455
20-Dec-18,95.728
19-Dec-18,96.484
18-Dec-18,96.57
17-Dec-18,97.175
14-Dec-18,97.43
13-Dec-18,97.056
12-Dec-18,97.018
11-Dec-18,97.358
10-Dec-18,97.183
7-Dec-18,96.476
6-Dec-18,96.764
5-Dec-18,97.01
4-Dec-18,96.902
3-Dec-18,96.969
30-Nov-18,97.196
29-Nov-18,96.699
28-Nov-18,96.681
27-Nov-18,97.28
26-Nov-18,96.979
23-Nov-18,96.825
22-Nov-18,96.585
21-Nov-18,96.585
20-Nov-18,96.716
19-Nov-18,96.066
16-Nov-18,96.333
15-Nov-18,96.791
14-Nov-18,96.659
13-Nov-18,97.144
12-Nov-18,97.382
9-Nov-18,96.734
8-Nov-18,96.55
7-Nov-18,95.807
6-Nov-18,96.117
5-Nov-18,96.083
2-Nov-18,96.343
1-Nov-18,96.081
31-Oct-18,96.901
30-Oct-18,96.791
29-Oct-18,96.35
26-Oct-18,96.128
25-Oct-18,96.455
24-Oct-18,96.182
23-Oct-18,95.713
22-Oct-18,95.749
19-Oct-18,95.443
18-Oct-18,95.638
17-Oct-18,95.297
16-Oct-18,94.748
15-Oct-18,94.754
12-Oct-18,94.911
11-Oct-18,94.706
10-Oct-18,95.177
9-Oct-18,95.346
8-Oct-18,95.436
5-Oct-18,95.305
4-Oct-18,95.412
3-Oct-18,95.406
2-Oct-18,95.14
1-Oct-18,94.929
28-Sep-18,94.737
27-Sep-18,94.524
26-Sep-18,93.773
25-Sep-18,93.711
24-Sep-18,93.775
21-Sep-18,93.798
20-Sep-18,93.491
19-Sep-18,94.119
18-Sep-18,94.227
17-Sep-18,94.486
14-Sep-18,94.925
13-Sep-18,94.517
12-Sep-18,94.768
11-Sep-18,95.225
10-Sep-18,95.11
7-Sep-18,95.329
6-Sep-18,94.988
5-Sep-18,95.124
4-Sep-18,95.38
3-Sep-18,95.083
31-Aug-18,95.083
30-Aug-18,94.679
29-Aug-18,94.522
28-Aug-18,94.635
27-Aug-18,94.684
24-Aug-18,95.063
23-Aug-18,95.583
22-Aug-18,95.051
21-Aug-18,95.15
20-Aug-18,95.789
17-Aug-18,95.981
16-Aug-18,96.536
15-Aug-18,96.577
14-Aug-18,96.605
13-Aug-18,96.251
10-Aug-18,96.218
9-Aug-18,95.355
8-Aug-18,94.89
7-Aug-18,95.046
6-Aug-18,95.187
3-Aug-18,94.961
2-Aug-18,94.987
1-Aug-18,94.428
31-Jul-18,94.275
30-Jul-18,94.111
27-Jul-18,94.46
26-Jul-18,94.544
25-Jul-18,94.129
24-Jul-18,94.388
23-Jul-18,94.44
20-Jul-18,94.226
19-Jul-18,94.942
18-Jul-18,94.811
17-Jul-18,94.704
16-Jul-18,94.272
13-Jul-18,94.5
12-Jul-18,94.564
11-Jul-18,94.486
10-Jul-18,93.889
9-Jul-18,93.807
6-Jul-18,93.769
5-Jul-18,94.223
4-Jul-18,94.412
3-Jul-18,94.412
2-Jul-18,94.779
29-Jun-18,94.349
28-Jun-18,95.096
27-Jun-18,94.969
26-Jun-18,94.346
25-Jun-18,93.939
22-Jun-18,94.18
21-Jun-18,94.404
20-Jun-18,94.716
19-Jun-18,94.729
18-Jun-18,94.858
15-Jun-18,94.782
14-Jun-18,94.776
13-Jun-18,93.699
12-Jun-18,93.801
11-Jun-18,93.56
8-Jun-18,93.537
7-Jun-18,93.376
6-Jun-18,93.634
5-Jun-18,93.871
4-Jun-18,93.986
1-Jun-18,94.169
31-May-18,93.959
30-May-18,94.115
29-May-18,94.789
28-May-18,94.13
25-May-18,94.13
24-May-18,93.701
23-May-18,93.918
22-May-18,93.526
21-May-18,93.581
18-May-18,93.544
17-May-18,93.375
16-May-18,93.281
15-May-18,93.093
14-May-18,92.462
11-May-18,92.411
10-May-18,92.516
9-May-18,92.884
8-May-18,92.958
7-May-18,92.592
4-May-18,92.408
3-May-18,92.251
2-May-18,92.339
1-May-18,92.255
30-Apr-18,91.63
27-Apr-18,91.343
26-Apr-18,91.365
25-Apr-18,90.953
24-Apr-18,90.537
23-Apr-18,90.705
20-Apr-18,90.075
19-Apr-18,89.695
18-Apr-18,89.347
17-Apr-18,89.228
16-Apr-18,89.135
13-Apr-18,89.503
12-Apr-18,89.456
11-Apr-18,89.253
10-Apr-18,89.28
9-Apr-18,89.534
6-Apr-18,89.782
5-Apr-18,90.154
4-Apr-18,89.783
3-Apr-18,89.859
2-Apr-18,89.706
29-Mar-18,89.812
28-Mar-18,89.719
27-Mar-18,88.983
26-Mar-18,88.604
23-Mar-18,89.033
22-Mar-18,89.473
21-Mar-18,89.369
20-Mar-18,89.954
19-Mar-18,89.983
16-Mar-18,90.212
15-Mar-18,90.126
14-Mar-18,89.687
13-Mar-18,89.643
12-Mar-18,89.867
9-Mar-18,90.065
8-Mar-18,90.156
7-Mar-18,89.607
6-Mar-18,89.59
5-Mar-18,90.041
2-Mar-18,89.906
1-Mar-18,90.281
28-Feb-18,90.551
27-Feb-18,90.28
26-Feb-18,89.79
23-Feb-18,89.808
22-Feb-18,89.656
21-Feb-18,89.913
20-Feb-18,89.636
19-Feb-18,89.013
16-Feb-18,89.013
15-Feb-18,88.505
14-Feb-18,89.005
13-Feb-18,89.592
12-Feb-18,90.096
9-Feb-18,90.334
8-Feb-18,90.116
7-Feb-18,90.118
6-Feb-18,89.451
5-Feb-18,89.405
2-Feb-18,89.036
1-Feb-18,88.505
31-Jan-18,88.954
30-Jan-18,88.999
29-Jan-18,89.131
26-Jan-18,88.891
25-Jan-18,89.227
24-Jan-18,89.011
23-Jan-18,89.915
22-Jan-18,90.191
19-Jan-18,90.37
18-Jan-18,90.297
17-Jan-18,90.313
16-Jan-18,90.146
15-Jan-18,90.735
12-Jan-18,90.735
11-Jan-18,91.608
10-Jan-18,92.07
9-Jan-18,92.26
8-Jan-18,92.1
5-Jan-18,91.673
4-Jan-18,91.581
3-Jan-18,91.896
2-Jan-18,91.573
29-Dec-17,91.826
28-Dec-17,92.3
27-Dec-17,92.612
26-Dec-17,92.801
22-Dec-17,92.924
21-Dec-17,92.862
20-Dec-17,92.891
19-Dec-17,93.027
18-Dec-17,93.52
15-Dec-17,93.929
14-Dec-17,93.479
13-Dec-17,93.419
12-Dec-17,94.08
11-Dec-17,93.843
8-Dec-17,93.874
7-Dec-17,93.769
6-Dec-17,93.582
5-Dec-17,93.334
4-Dec-17,93.144
1-Dec-17,92.841
30-Nov-17,93.002
29-Nov-17,93.107
28-Nov-17,93.213
27-Nov-17,92.825
24-Nov-17,92.707
23-Nov-17,93.135
22-Nov-17,93.135
21-Nov-17,93.877
20-Nov-17,93.997
17-Nov-17,93.575
16-Nov-17,93.854
15-Nov-17,93.726
14-Nov-17,93.723
13-Nov-17,94.388
10-Nov-17,94.278
9-Nov-17,94.352
8-Nov-17,94.768
7-Nov-17,94.8
6-Nov-17,94.657
3-Nov-17,94.858
2-Nov-17,94.588
1-Nov-17,94.709
31-Oct-17,94.429
30-Oct-17,94.454
27-Oct-17,94.822
26-Oct-17,94.509
25-Oct-17,93.577
24-Oct-17,93.661
23-Oct-17,93.814
20-Oct-17,93.579
19-Oct-17,93.12
18-Oct-17,93.228
17-Oct-17,93.35
16-Oct-17,93.161
13-Oct-17,92.935
12-Oct-17,92.898
11-Oct-17,92.825
10-Oct-17,93.101
9-Oct-17,93.505
6-Oct-17,93.641
5-Oct-17,93.803
4-Oct-17,93.284
3-Oct-17,93.414
2-Oct-17,93.405
29-Sep-17,92.883
28-Sep-17,92.932
27-Sep-17,93.171
26-Sep-17,92.781
25-Sep-17,92.441
22-Sep-17,91.967
21-Sep-17,92.049
20-Sep-17,92.296
19-Sep-17,91.561
18-Sep-17,91.853
15-Sep-17,91.863
14-Sep-17,92.112
13-Sep-17,92.508
12-Sep-17,91.856
11-Sep-17,91.853
8-Sep-17,91.326
7-Sep-17,91.642
6-Sep-17,92.252
5-Sep-17,92.226
4-Sep-17,92.769
1-Sep-17,92.769
31-Aug-17,92.628
30-Aug-17,92.823
29-Aug-17,92.184
28-Aug-17,92.14
25-Aug-17,92.677
24-Aug-17,93.202
23-Aug-17,93.07
22-Aug-17,93.461
21-Aug-17,93.012
18-Aug-17,93.359
17-Aug-17,93.534
16-Aug-17,93.438
15-Aug-17,93.756
14-Aug-17,93.305
11-Aug-17,92.956
10-Aug-17,93.304
9-Aug-17,93.43
8-Aug-17,93.515
7-Aug-17,93.309
4-Aug-17,93.416
3-Aug-17,92.707
2-Aug-17,92.699
1-Aug-17,92.901
31-Jul-17,92.718
28-Jul-17,93.114
27-Jul-17,93.715
26-Jul-17,93.505
25-Jul-17,93.888
24-Jul-17,93.798
21-Jul-17,93.679
20-Jul-17,94.117
19-Jul-17,94.588
18-Jul-17,94.402
17-Jul-17,94.904
14-Jul-17,94.93
13-Jul-17,95.508
12-Jul-17,95.512
11-Jul-17,95.422
10-Jul-17,95.777
7-Jul-17,95.792
6-Jul-17,95.575
5-Jul-17,96.059
4-Jul-17,95.969
3-Jul-17,95.969
30-Jun-17,95.421
29-Jun-17,95.366
28-Jun-17,95.744
27-Jun-17,96.093
26-Jun-17,97.116
23-Jun-17,96.942
22-Jun-17,97.303
21-Jun-17,97.216
20-Jun-17,97.412
19-Jun-17,97.325
16-Jun-17,97.146
15-Jun-17,97.437
14-Jun-17,96.921
13-Jun-17,96.942
12-Jun-17,97.121
9-Jun-17,97.239
8-Jun-17,96.898
7-Jun-17,96.708
6-Jun-17,96.591
5-Jun-17,96.754
2-Jun-17,96.67
1-Jun-17,97.141
31-May-17,96.854
30-May-17,97.212
29-May-17,97.364
26-May-17,97.364
25-May-17,97.176
24-May-17,97.147
23-May-17,97.264
22-May-17,96.881
19-May-17,97.03
18-May-17,97.772
17-May-17,97.462
16-May-17,97.998
15-May-17,98.801
12-May-17,99.131
11-May-17,99.505
10-May-17,99.559
9-May-17,99.544
8-May-17,98.936
5-May-17,98.528
4-May-17,98.647
3-May-17,99.082
2-May-17,98.829
1-May-17,98.93
28-Apr-17,98.898
27-Apr-17,98.955
26-Apr-17,98.92
25-Apr-17,98.648
24-Apr-17,98.973
21-Apr-17,99.88
20-Apr-17,99.685
19-Apr-17,99.638
18-Apr-17,99.404
17-Apr-17,100.194
13-Apr-17,100.463
12-Apr-17,100.711
11-Apr-17,100.622
10-Apr-17,100.952
7-Apr-17,101.117
6-Apr-17,100.57
5-Apr-17,100.441
4-Apr-17,100.426
3-Apr-17,100.412
31-Mar-17,100.218
30-Mar-17,100.285
29-Mar-17,99.836
28-Mar-17,99.549
27-Mar-17,98.973
24-Mar-17,99.442
23-Mar-17,99.563
22-Mar-17,99.468
21-Mar-17,99.614
20-Mar-17,100.234
17-Mar-17,100.115
16-Mar-17,100.185
15-Mar-17,100.575
14-Mar-17,101.574
13-Mar-17,101.31
10-Mar-17,101.247
9-Mar-17,101.853
8-Mar-17,102.076
7-Mar-17,101.805
6-Mar-17,101.645
3-Mar-17,101.548
2-Mar-17,102.204
1-Mar-17,101.78
28-Feb-17,101.129
27-Feb-17,101.129
24-Feb-17,101.09
23-Feb-17,101.053
22-Feb-17,101.194
21-Feb-17,101.355
20-Feb-17,100.951
17-Feb-17,100.951
16-Feb-17,100.43
15-Feb-17,101.164
14-Feb-17,101.233
13-Feb-17,100.95
10-Feb-17,100.791
9-Feb-17,100.647
8-Feb-17,100.264
7-Feb-17,100.245
6-Feb-17,99.865
3-Feb-17,99.842
2-Feb-17,99.788
1-Feb-17,99.608
31-Jan-17,99.481
30-Jan-17,100.414
27-Jan-17,100.526
26-Jan-17,100.375
25-Jan-17,100.019
24-Jan-17,100.339
23-Jan-17,100.13
20-Jan-17,100.69
19-Jan-17,101.144
18-Jan-17,100.918
17-Jan-17,100.32
16-Jan-17,101.188
13-Jan-17,101.188
12-Jan-17,101.377
11-Jan-17,101.747
10-Jan-17,101.996
9-Jan-17,101.909
6-Jan-17,102.209
5-Jan-17,101.528
4-Jan-17,102.709
3-Jan-17,103.201
30-Dec-16,102.286
29-Dec-16,102.711
28-Dec-16,103.244
27-Dec-16,103.007
23-Dec-16,103.002
22-Dec-16,103.096
21-Dec-16,103.029
20-Dec-16,103.288
19-Dec-16,102.9
16-Dec-16,102.954
15-Dec-16,103.053
14-Dec-16,101.77
13-Dec-16,101.107
12-Dec-16,101.049
9-Dec-16,101.62
8-Dec-16,101.125
7-Dec-16,100.268
6-Dec-16,100.53
5-Dec-16,100.112
2-Dec-16,100.861
1-Dec-16,101.099
30-Nov-16,101.539
29-Nov-16,100.949
28-Nov-16,101.368
25-Nov-16,101.546
24-Nov-16,101.759
23-Nov-16,101.759
22-Nov-16,101.106
21-Nov-16,101.113
18-Nov-16,101.283
17-Nov-16,100.946
16-Nov-16,100.438
15-Nov-16,100.25
14-Nov-16,100.12
11-Nov-16,99.05
10-Nov-16,98.774
9-Nov-16,98.529
8-Nov-16,97.86
7-Nov-16,97.793
4-Nov-16,97.088
3-Nov-16,97.196
2-Nov-16,97.414
1-Nov-16,97.697
31-Oct-16,98.422
28-Oct-16,98.342
27-Oct-16,98.879
26-Oct-16,98.611
25-Oct-16,98.682
24-Oct-16,98.752
21-Oct-16,98.686
20-Oct-16,98.314
19-Oct-16,97.94
18-Oct-16,97.897
17-Oct-16,97.878
14-Oct-16,97.997
13-Oct-16,97.518
12-Oct-16,97.962
11-Oct-16,97.692
10-Oct-16,96.933
7-Oct-16,96.654
6-Oct-16,96.772
5-Oct-16,96.114
4-Oct-16,96.125
3-Oct-16,95.587
30-Sep-16,95.385
29-Sep-16,95.472
28-Sep-16,95.336
27-Sep-16,95.312
26-Sep-16,95.21
23-Sep-16,95.392
22-Sep-16,95.381
21-Sep-16,95.665
20-Sep-16,95.976
19-Sep-16,95.77
16-Sep-16,96.105
15-Sep-16,95.283
14-Sep-16,95.322
13-Sep-16,95.645
12-Sep-16,95.088
9-Sep-16,95.328
8-Sep-16,95.051
7-Sep-16,94.951
6-Sep-16,94.823
5-Sep-16,95.844
2-Sep-16,95.844
1-Sep-16,95.66
31-Aug-16,96.012
30-Aug-16,96.041
29-Aug-16,95.543
26-Aug-16,95.542
25-Aug-16,94.743
24-Aug-16,94.747
23-Aug-16,94.494
22-Aug-16,94.499
19-Aug-16,94.483
18-Aug-16,94.137
17-Aug-16,94.69
16-Aug-16,94.764
15-Aug-16,95.594
12-Aug-16,95.682
11-Aug-16,95.838
10-Aug-16,95.608
9-Aug-16,96.132
8-Aug-16,96.34
5-Aug-16,96.136
4-Aug-16,95.717
3-Aug-16,95.525
2-Aug-16,94.988
1-Aug-16,95.677
29-Jul-16,95.491
28-Jul-16,96.721
27-Jul-16,97.042
26-Jul-16,97.168
25-Jul-16,97.326
22-Jul-16,97.516
21-Jul-16,97.046
20-Jul-16,97.263
19-Jul-16,97.108
18-Jul-16,96.587
15-Jul-16,96.563
14-Jul-16,96.1
13-Jul-16,96.208
12-Jul-16,96.487
11-Jul-16,96.59
8-Jul-16,96.327
7-Jul-16,96.383
6-Jul-16,96.131
5-Jul-16,96.259
4-Jul-16,95.714
1-Jul-16,95.714
30-Jun-16,96.203
29-Jun-16,95.807
28-Jun-16,96.331
27-Jun-16,96.703
24-Jun-16,95.574
23-Jun-16,93.527
22-Jun-16,93.758
21-Jun-16,94.061
20-Jun-16,93.684
17-Jun-16,94.34
16-Jun-16,94.706
15-Jun-16,94.68
14-Jun-16,95.04
13-Jun-16,94.399
10-Jun-16,94.561
9-Jun-16,93.952
8-Jun-16,93.58
7-Jun-16,93.832
6-Jun-16,93.89
3-Jun-16,94.028
2-Jun-16,95.566
1-Jun-16,95.456
31-May-16,95.878
30-May-16,95.5
27-May-16,95.5
26-May-16,95.162
25-May-16,95.34
24-May-16,95.576
23-May-16,95.216
20-May-16,95.343
19-May-16,95.294
18-May-16,95.063
17-May-16,94.531
16-May-16,94.55
13-May-16,94.593
12-May-16,94.128
11-May-16,93.79
10-May-16,94.267
9-May-16,94.115
6-May-16,93.883
5-May-16,93.78
4-May-16,93.187
3-May-16,92.931
2-May-16,92.618
29-Apr-16,93.054
28-Apr-16,93.727
27-Apr-16,94.367
26-Apr-16,94.543
25-Apr-16,94.801
22-Apr-16,95.08
21-Apr-16,94.574
20-Apr-16,94.471
19-Apr-16,93.947
18-Apr-16,94.46
15-Apr-16,94.686
14-Apr-16,94.908
13-Apr-16,94.762
12-Apr-16,93.945
11-Apr-16,93.942
8-Apr-16,94.252
7-Apr-16,94.504
6-Apr-16,94.441
5-Apr-16,94.637
4-Apr-16,94.524
1-Apr-16,94.618
31-Mar-16,94.578
30-Mar-16,94.819
29-Mar-16,95.146
28-Mar-16,95.94
24-Mar-16,96.173
23-Mar-16,96.064
22-Mar-16,95.644
21-Mar-16,95.304
18-Mar-16,95.12
17-Mar-16,94.801
16-Mar-16,95.925
15-Mar-16,96.668
14-Mar-16,96.521
11-Mar-16,96.172
10-Mar-16,96.055
9-Mar-16,97.159
8-Mar-16,97.206
7-Mar-16,97.084
4-Mar-16,97.343
3-Mar-16,97.601
2-Mar-16,98.225
1-Mar-16,98.365
29-Feb-16,98.219
26-Feb-16,98.175
25-Feb-16,97.282
24-Feb-16,97.464
23-Feb-16,97.485
22-Feb-16,97.388
19-Feb-16,96.604
18-Feb-16,96.96
17-Feb-16,96.8
16-Feb-16,96.875
15-Feb-16,95.982
12-Feb-16,95.982
11-Feb-16,95.619
10-Feb-16,95.936
9-Feb-16,96.094
8-Feb-16,96.581
5-Feb-16,97.054
4-Feb-16,96.487
3-Feb-16,97.301
2-Feb-16,98.893
1-Feb-16,99.028
29-Jan-16,99.652
28-Jan-16,98.539
27-Jan-16,98.954
26-Jan-16,99.133
25-Jan-16,99.406
22-Jan-16,99.651
21-Jan-16,99.128
20-Jan-16,99.174
19-Jan-16,99.036
18-Jan-16,99.02
15-Jan-16,99.02
14-Jan-16,99.155
13-Jan-16,98.978
12-Jan-16,99.024
11-Jan-16,98.784
8-Jan-16,98.599
7-Jan-16,98.272
6-Jan-16,99.266
5-Jan-16,99.496
4-Jan-16,98.968
31-Dec-15,98.745
30-Dec-15,98.354
29-Dec-15,98.173
28-Dec-15,97.95
24-Dec-15,98.016
23-Dec-15,98.367
22-Dec-15,98.244
21-Dec-15,98.369
18-Dec-15,98.731
17-Dec-15,99.32
16-Dec-15,97.884
15-Dec-15,98.288
14-Dec-15,97.469
11-Dec-15,97.551
10-Dec-15,97.96
9-Dec-15,97.334
8-Dec-15,98.468
7-Dec-15,98.669
4-Dec-15,98.343
3-Dec-15,97.634
2-Dec-15,100.02
1-Dec-15,99.84
30-Nov-15,100.21
27-Nov-15,100.073
26-Nov-15,99.83
25-Nov-15,99.83
24-Nov-15,99.59
23-Nov-15,99.855
20-Nov-15,99.624
19-Nov-15,99.064
18-Nov-15,99.745
17-Nov-15,99.7
16-Nov-15,99.538
13-Nov-15,99.097
12-Nov-15,98.712
11-Nov-15,99.158
10-Nov-15,99.39
9-Nov-15,99.076
6-Nov-15,99.26
5-Nov-15,98.05
4-Nov-15,98.029
3-Nov-15,97.243
2-Nov-15,97.003
30-Oct-15,97.019
29-Oct-15,97.364
28-Oct-15,97.861
27-Oct-15,96.992
26-Oct-15,96.955
23-Oct-15,97.243
22-Oct-15,96.454
21-Oct-15,95.068
20-Oct-15,94.939
19-Oct-15,94.953
16-Oct-15,94.588
15-Oct-15,94.43
14-Oct-15,93.957
13-Oct-15,94.79
12-Oct-15,94.765
9-Oct-15,94.883
8-Oct-15,95.407
7-Oct-15,95.58
6-Oct-15,95.563
5-Oct-15,96.24
2-Oct-15,95.967
1-Oct-15,96.326
30-Sep-15,96.48
29-Sep-15,95.993
28-Sep-15,96.182
25-Sep-15,96.434
24-Sep-15,96.149
23-Sep-15,96.206
22-Sep-15,96.446
21-Sep-15,96.034
18-Sep-15,94.996
17-Sep-15,94.677
16-Sep-15,95.546
15-Sep-15,95.785
14-Sep-15,95.364
11-Sep-15,95.194
10-Sep-15,95.442
9-Sep-15,96.01
8-Sep-15,95.987
7-Sep-15,96.24
4-Sep-15,96.24
3-Sep-15,96.423
2-Sep-15,95.844
1-Sep-15,95.446
31-Aug-15,95.854
28-Aug-15,96.135
27-Aug-15,95.652
26-Aug-15,95.131
25-Aug-15,94.544
24-Aug-15,93.356
21-Aug-15,95.005
20-Aug-15,96.002
19-Aug-15,96.368
18-Aug-15,97.07
17-Aug-15,96.815
14-Aug-15,96.533
13-Aug-15,96.461
12-Aug-15,96.295
11-Aug-15,97.335
10-Aug-15,97.202
7-Aug-15,97.619
6-Aug-15,97.906
5-Aug-15,98.035
4-Aug-15,98.024
3-Aug-15,97.616
31-Jul-15,97.439
30-Jul-15,97.694
29-Jul-15,97.077
28-Jul-15,96.863
27-Jul-15,96.605
24-Jul-15,97.346
23-Jul-15,97.226
22-Jul-15,97.722
21-Jul-15,97.426
20-Jul-15,98.161
17-Jul-15,97.989
16-Jul-15,97.806
15-Jul-15,97.279
14-Jul-15,96.784
13-Jul-15,96.998
10-Jul-15,96.172
9-Jul-15,96.788
8-Jul-15,96.472
7-Jul-15,97.076
6-Jul-15,96.477
3-Jul-15,96.29
2-Jul-15,96.29
1-Jul-15,96.509
30-Jun-15,95.661
29-Jun-15,94.95
26-Jun-15,95.651
25-Jun-15,95.387
24-Jun-15,95.418
23-Jun-15,95.645
22-Jun-15,94.515
19-Jun-15,94.272
18-Jun-15,94.241
17-Jun-15,94.49
16-Jun-15,95.262
15-Jun-15,95.129
12-Jun-15,94.987
11-Jun-15,94.98
10-Jun-15,94.651
9-Jun-15,95.172
8-Jun-15,95.323
5-Jun-15,96.361
4-Jun-15,95.493
3-Jun-15,95.509
2-Jun-15,95.878
1-Jun-15,97.473
29-May-15,96.986
28-May-15,97.059
27-May-15,97.474
26-May-15,97.407
25-May-15,96.11
22-May-15,96.11
21-May-15,95.329
20-May-15,95.509
19-May-15,95.363
18-May-15,94.269
15-May-15,93.18
14-May-15,93.505
13-May-15,93.643
12-May-15,94.606
11-May-15,95.1
8-May-15,94.904
7-May-15,94.749
6-May-15,94.175
5-May-15,95.202
4-May-15,95.637
1-May-15,95.445
30-Apr-15,94.714
29-Apr-15,95.322
28-Apr-15,96.194
27-Apr-15,96.941
24-Apr-15,97.099
23-Apr-15,97.454
22-Apr-15,98.138
21-Apr-15,98.205
20-Apr-15,98.16
17-Apr-15,97.707
16-Apr-15,97.614
15-Apr-15,98.525
14-Apr-15,98.94
13-Apr-15,99.768
10-Apr-15,99.596
9-Apr-15,99.395
8-Apr-15,98.131
7-Apr-15,98.056
6-Apr-15,96.961
3-Apr-15,96.801
2-Apr-15,97.673
1-Apr-15,98.475
31-Mar-15,98.661
30-Mar-15,98.281
27-Mar-15,97.52
26-Mar-15,97.682
25-Mar-15,97.197
24-Mar-15,97.446
23-Mar-15,97.298
20-Mar-15,98.171
19-Mar-15,99.584
18-Mar-15,98.781
17-Mar-15,99.949
16-Mar-15,99.482
13-Mar-15,100.314
12-Mar-15,99.411
11-Mar-15,99.785
10-Mar-15,98.615
9-Mar-15,97.58
6-Mar-15,97.604
5-Mar-15,96.394
4-Mar-15,95.986
3-Mar-15,95.408
2-Mar-15,95.479
27-Feb-15,95.321
26-Feb-15,95.336
25-Feb-15,94.235
24-Feb-15,94.561
23-Feb-15,94.657
20-Feb-15,94.34
19-Feb-15,94.492
18-Feb-15,94.257
17-Feb-15,94.147
16-Feb-15,94.279
13-Feb-15,94.279
12-Feb-15,94.198
11-Feb-15,95.09
10-Feb-15,94.853
9-Feb-15,94.582
6-Feb-15,94.851
5-Feb-15,93.732
4-Feb-15,94.165
3-Feb-15,93.724
2-Feb-15,94.734
30-Jan-15,94.998
29-Jan-15,95.011
28-Jan-15,94.727
27-Jan-15,94.25
26-Jan-15,95.115
23-Jan-15,95.053
22-Jan-15,94.362
21-Jan-15,93.14
20-Jan-15,93.349
19-Jan-15,92.89
16-Jan-15,92.89
15-Jan-15,92.608
14-Jan-15,92.345
13-Jan-15,92.502
12-Jan-15,92.184
9-Jan-15,92.147
8-Jan-15,92.602
7-Jan-15,92.115
6-Jan-15,91.738
5-Jan-15,91.622
2-Jan-15,91.383
31-Dec-14,90.647
30-Dec-14,90.279
29-Dec-14,90.496
26-Dec-14,90.31
24-Dec-14,90.223
23-Dec-14,90.326
22-Dec-14,89.949
19-Dec-14,89.841
18-Dec-14,89.477
17-Dec-14,89.326
16-Dec-14,88.297
15-Dec-14,88.57
12-Dec-14,88.345
11-Dec-14,88.682
10-Dec-14,88.287
9-Dec-14,88.692
8-Dec-14,89.047
5-Dec-14,89.36
4-Dec-14,88.735
3-Dec-14,88.993
2-Dec-14,88.703
1-Dec-14,87.982
28-Nov-14,88.413
27-Nov-14,87.649
26-Nov-14,87.649
25-Nov-14,87.962
24-Nov-14,88.206
21-Nov-14,88.405
20-Nov-14,87.667
19-Nov-14,87.711
18-Nov-14,87.645
17-Nov-14,88.01
14-Nov-14,87.593
13-Nov-14,87.752
12-Nov-14,87.906
11-Nov-14,87.719
10-Nov-14,87.911
7-Nov-14,87.726
6-Nov-14,88.134
5-Nov-14,87.567
4-Nov-14,87.092
3-Nov-14,87.407
31-Oct-14,87.016
30-Oct-14,86.232
29-Oct-14,86.036
28-Oct-14,85.473
27-Oct-14,85.561
24-Oct-14,85.818
23-Oct-14,85.946
22-Oct-14,85.854
21-Oct-14,85.404
20-Oct-14,85.038
17-Oct-14,85.213
16-Oct-14,85.041
15-Oct-14,85.241
14-Oct-14,85.941
13-Oct-14,85.727
10-Oct-14,86.031
9-Oct-14,85.655
8-Oct-14,85.407
7-Oct-14,85.778
6-Oct-14,86.044
3-Oct-14,86.823
2-Oct-14,85.69
1-Oct-14,86.076
30-Sep-14,86.047
29-Sep-14,85.716
26-Sep-14,85.767
25-Sep-14,85.303
24-Sep-14,85.155
23-Sep-14,84.779
22-Sep-14,84.863
19-Sep-14,84.865
18-Sep-14,84.43
17-Sep-14,84.486
16-Sep-14,84.231
15-Sep-14,84.25
12-Sep-14,84.24
11-Sep-14,84.304
10-Sep-14,84.293
9-Sep-14,84.284
8-Sep-14,84.241
5-Sep-14,83.757
4-Sep-14,83.834
3-Sep-14,82.888
2-Sep-14,83.01
1-Sep-14,82.783
29-Aug-14,82.783
28-Aug-14,82.516
27-Aug-14,82.449
26-Aug-14,82.679
25-Aug-14,82.593
22-Aug-14,82.377
21-Aug-14,82.208
20-Aug-14,82.28
19-Aug-14,81.937
18-Aug-14,81.631
15-Aug-14,81.469
14-Aug-14,81.647
13-Aug-14,81.657
12-Aug-14,81.555
11-Aug-14,81.535
8-Aug-14,81.454
7-Aug-14,81.605
6-Aug-14,81.507
5-Aug-14,81.611
4-Aug-14,81.405
1-Aug-14,81.377
31-Jul-14,81.523
30-Jul-14,81.516
29-Jul-14,81.315
28-Jul-14,81.122
25-Jul-14,81.125
24-Jul-14,80.962
23-Jul-14,80.915
22-Jul-14,80.865
21-Jul-14,80.627
18-Jul-14,80.595
17-Jul-14,80.57
16-Jul-14,80.625
15-Jul-14,80.446
14-Jul-14,80.23
11-Jul-14,80.229
10-Jul-14,80.17
9-Jul-14,80.042
8-Jul-14,80.221
7-Jul-14,80.267
4-Jul-14,80.281
3-Jul-14,80.281
2-Jul-14,79.985
1-Jul-14,79.845
30-Jun-14,79.811
27-Jun-14,80.086
26-Jun-14,80.279
25-Jun-14,80.265
24-Jun-14,80.393
23-Jun-14,80.338
20-Jun-14,80.441
19-Jun-14,80.396
18-Jun-14,80.67
17-Jun-14,80.716
16-Jun-14,80.468
13-Jun-14,80.656
12-Jun-14,80.59
11-Jun-14,80.809
10-Jun-14,80.846
9-Jun-14,80.682
6-Jun-14,80.427
5-Jun-14,80.403
4-Jun-14,80.706
3-Jun-14,80.593
2-Jun-14,80.69
30-May-14,80.404
29-May-14,80.54
28-May-14,80.62
27-May-14,80.405
26-May-14,80.45
23-May-14,80.45
22-May-14,80.305
21-May-14,80.15
20-May-14,80.093
19-May-14,80.048
16-May-14,80.107
15-May-14,80.064
14-May-14,80.135
13-May-14,80.213
12-May-14,79.965
9-May-14,79.961
8-May-14,79.402
7-May-14,79.243
6-May-14,79.126
5-May-14,79.53
2-May-14,79.563
1-May-14,79.579
30-Apr-14,79.532
29-Apr-14,79.881
28-Apr-14,79.762
25-Apr-14,79.818
24-Apr-14,79.877
23-Apr-14,79.935
22-Apr-14,79.995
21-Apr-14,80.03
17-Apr-14,79.903
16-Apr-14,79.883
15-Apr-14,79.888
14-Apr-14,79.805
11-Apr-14,79.523
10-Apr-14,79.45
9-Apr-14,79.553
8-Apr-14,79.835
7-Apr-14,80.355
4-Apr-14,80.571
3-Apr-14,80.64
2-Apr-14,80.372
1-Apr-14,80.249
31-Mar-14,80.254
28-Mar-14,80.335
27-Mar-14,80.252
26-Mar-14,80.169
25-Mar-14,80.088
24-Mar-14,80.079
21-Mar-14,80.261
20-Mar-14,80.353
19-Mar-14,80.133
18-Mar-14,79.544
17-Mar-14,79.311
14-Mar-14,79.438
13-Mar-14,79.626
12-Mar-14,79.612
11-Mar-14,79.735
10-Mar-14,79.769
7-Mar-14,79.722
6-Mar-14,79.665
5-Mar-14,80.117
4-Mar-14,80.183
3-Mar-14,80.09
28-Feb-14,79.72
27-Feb-14,80.306
26-Feb-14,80.463
25-Feb-14,80.165
24-Feb-14,80.225
21-Feb-14,80.27
20-Feb-14,80.316
19-Feb-14,80.186
18-Feb-14,80.046
17-Feb-14,80.179
14-Feb-14,80.179
13-Feb-14,80.378
12-Feb-14,80.741
11-Feb-14,80.704
10-Feb-14,80.727
7-Feb-14,80.758
6-Feb-14,81.002
5-Feb-14,81.129
4-Feb-14,81.224
3-Feb-14,81.11
31-Jan-14,81.403
30-Jan-14,81.193
29-Jan-14,80.581
28-Jan-14,80.657
27-Jan-14,80.612
24-Jan-14,80.541
23-Jan-14,80.525
22-Jan-14,81.305
21-Jan-14,81.226
20-Jan-14,81.362
17-Jan-14,81.362
16-Jan-14,81.021
15-Jan-14,81.144
14-Jan-14,80.756
13-Jan-14,80.611
10-Jan-14,80.754
9-Jan-14,81.135
8-Jan-14,81.162
7-Jan-14,80.98
6-Jan-14,80.806
3-Jan-14,80.955
2-Jan-14,80.788
1-Jan-14,80.29
31-Dec-13,80.189
30-Dec-13,80.122
27-Dec-13,80.538
26-Dec-13,80.653
24-Dec-13,80.674
23-Dec-13,80.617
20-Dec-13,80.75
19-Dec-13,80.788
18-Dec-13,80.248
17-Dec-13,80.214
16-Dec-13,80.045
13-Dec-13,80.22
12-Dec-13,80.208
11-Dec-13,79.89
10-Dec-13,79.964
9-Dec-13,80.14
6-Dec-13,80.315
5-Dec-13,80.241
4-Dec-13,80.628
3-Dec-13,80.618
2-Dec-13,80.942
29-Nov-13,80.657
28-Nov-13,80.747
27-Nov-13,80.747
26-Nov-13,80.638
25-Nov-13,80.963
22-Nov-13,80.742
21-Nov-13,81.117
20-Nov-13,81.172
19-Nov-13,80.744
18-Nov-13,80.826
15-Nov-13,80.898
14-Nov-13,81.086
13-Nov-13,80.983
12-Nov-13,81.252
11-Nov-13,81.2
8-Nov-13,81.387
7-Nov-13,80.854
6-Nov-13,80.559
5-Nov-13,80.787
4-Nov-13,80.64
1-Nov-13,80.81
31-Oct-13,80.263
30-Oct-13,79.837
29-Oct-13,79.67
28-Oct-13,79.306
25-Oct-13,79.246
24-Oct-13,79.245
23-Oct-13,79.329
22-Oct-13,79.29
21-Oct-13,79.751
18-Oct-13,79.727
17-Oct-13,79.718
16-Oct-13,80.563
15-Oct-13,80.561
14-Oct-13,80.311
11-Oct-13,80.452
10-Oct-13,80.517
9-Oct-13,80.466
8-Oct-13,80.132
7-Oct-13,80.026
4-Oct-13,80.22
3-Oct-13,79.846
2-Oct-13,79.989
1-Oct-13,80.25
30-Sep-13,80.323
27-Sep-13,80.377
26-Sep-13,80.638
25-Sep-13,80.443
24-Sep-13,80.69
23-Sep-13,80.571
20-Sep-13,80.549
19-Sep-13,80.48
18-Sep-13,80.367
17-Sep-13,81.295
16-Sep-13,81.072
13-Sep-13,81.448
12-Sep-13,81.491
11-Sep-13,81.522
10-Sep-13,81.819
9-Sep-13,81.796
6-Sep-13,82.167
5-Sep-13,82.668
4-Sep-13,82.205
3-Sep-13,82.401
2-Sep-13,82.142
30-Aug-13,82.142
29-Aug-13,82.003
28-Aug-13,81.465
27-Aug-13,81.2
26-Aug-13,81.441
23-Aug-13,81.392
22-Aug-13,81.531
21-Aug-13,81.223
20-Aug-13,80.934
19-Aug-13,81.26
16-Aug-13,81.293
15-Aug-13,81.207
14-Aug-13,81.758
13-Aug-13,81.815
12-Aug-13,81.374
9-Aug-13,81.17
8-Aug-13,81.027
7-Aug-13,81.323
6-Aug-13,81.658
5-Aug-13,81.936
2-Aug-13,81.978
1-Aug-13,82.427
31-Jul-13,81.539
30-Jul-13,81.919
29-Jul-13,81.763
26-Jul-13,81.764
25-Jul-13,82.053
24-Jul-13,82.4
23-Jul-13,82.04
22-Jul-13,82.317
19-Jul-13,82.711
18-Jul-13,82.955
17-Jul-13,82.84
16-Jul-13,82.637
15-Jul-13,83.196
12-Jul-13,83.163
11-Jul-13,82.915
10-Jul-13,84.234
9-Jul-13,84.781
8-Jul-13,84.414
5-Jul-13,84.689
4-Jul-13,83.451
3-Jul-13,83.451
2-Jul-13,83.764
1-Jul-13,83.253
28-Jun-13,83.376
27-Jun-13,83.152
26-Jun-13,83.228
25-Jun-13,82.8
24-Jun-13,82.633
21-Jun-13,82.517
20-Jun-13,82.096
19-Jun-13,81.595
18-Jun-13,80.749
17-Jun-13,80.733
14-Jun-13,80.65
13-Jun-13,80.742
12-Jun-13,80.946
11-Jun-13,81.11
10-Jun-13,81.651
7-Jun-13,81.66
6-Jun-13,81.537
5-Jun-13,82.612
4-Jun-13,82.802
3-Jun-13,82.688
31-May-13,83.401
30-May-13,83.067
29-May-13,83.705
28-May-13,84.172
27-May-13,83.758
24-May-13,83.758
23-May-13,83.803
22-May-13,84.459
21-May-13,83.955
20-May-13,83.842
17-May-13,84.387
16-May-13,83.722
15-May-13,83.961
14-May-13,83.713
13-May-13,83.365
10-May-13,83.231
9-May-13,82.875
8-May-13,81.951
7-May-13,82.335
6-May-13,82.378
3-May-13,82.195
2-May-13,82.282
1-May-13,81.522
30-Apr-13,81.807
29-Apr-13,82.202
26-Apr-13,82.571
25-Apr-13,82.84
24-Apr-13,83.026
23-Apr-13,83.186
22-Apr-13,82.824
19-Apr-13,82.846
18-Apr-13,82.681
17-Apr-13,82.791
16-Apr-13,81.823
15-Apr-13,82.507
12-Apr-13,82.406
11-Apr-13,82.325
10-Apr-13,82.634
9-Apr-13,82.414
8-Apr-13,82.869
5-Apr-13,82.603
4-Apr-13,82.795
3-Apr-13,82.861
2-Apr-13,83.092
1-Apr-13,82.899
28-Mar-13,83.175
27-Mar-13,83.411
26-Mar-13,83.048
25-Mar-13,82.995
22-Mar-13,82.529
21-Mar-13,82.905
20-Mar-13,82.948
19-Mar-13,83.211
18-Mar-13,82.574
15-Mar-13,82.256
14-Mar-13,82.623
13-Mar-13,82.902
12-Mar-13,82.595
11-Mar-13,82.58
8-Mar-13,82.731
7-Mar-13,82.123
6-Mar-13,82.507
5-Mar-13,82.147
4-Mar-13,82.255
1-Mar-13,82.358
28-Feb-13,82.003
27-Feb-13,81.672
26-Feb-13,81.94
25-Feb-13,81.777
22-Feb-13,81.585
21-Feb-13,81.551
20-Feb-13,81.155
19-Feb-13,80.545
18-Feb-13,80.576
15-Feb-13,80.576
14-Feb-13,80.538
13-Feb-13,80.167
12-Feb-13,80.163
11-Feb-13,80.389
8-Feb-13,80.316
7-Feb-13,80.257
6-Feb-13,79.767
5-Feb-13,79.533
4-Feb-13,79.573
1-Feb-13,79.135
31-Jan-13,79.226
30-Jan-13,79.326
29-Jan-13,79.624
28-Jan-13,79.868
25-Jan-13,79.82
24-Jan-13,80.007
23-Jan-13,79.99
22-Jan-13,79.973
21-Jan-13,80.116
18-Jan-13,80.116
17-Jan-13,79.711
16-Jan-13,79.854
15-Jan-13,79.832
14-Jan-13,79.54
11-Jan-13,79.611
10-Jan-13,79.817
9-Jan-13,80.677
8-Jan-13,80.445
7-Jan-13,80.369
4-Jan-13,80.61
3-Jan-13,80.515
2-Jan-13,79.948
31-Dec-12,79.871
28-Dec-12,79.785
27-Dec-12,79.719
26-Dec-12,79.704
24-Dec-12,79.745
21-Dec-12,79.712
20-Dec-12,79.31
19-Dec-12,79.313
18-Dec-12,79.387
17-Dec-12,79.513
14-Dec-12,79.56
13-Dec-12,79.913
12-Dec-12,79.81
11-Dec-12,80.054
10-Dec-12,80.33
7-Dec-12,80.402
6-Dec-12,80.253
5-Dec-12,79.764
4-Dec-12,79.634
3-Dec-12,79.872
30-Nov-12,80.163
29-Nov-12,80.209
28-Nov-12,80.354
27-Nov-12,80.43
26-Nov-12,80.266
23-Nov-12,80.236
22-Nov-12,80.966
21-Nov-12,80.966
20-Nov-12,81
19-Nov-12,80.922
16-Nov-12,81.31
15-Nov-12,81.138
14-Nov-12,81.1
13-Nov-12,81.14
12-Nov-12,81.106
9-Nov-12,81.098
8-Nov-12,80.886
7-Nov-12,80.867
6-Nov-12,80.715
5-Nov-12,80.843
2-Nov-12,80.683
1-Nov-12,80.136
31-Oct-12,79.987
30-Oct-12,79.987
29-Oct-12,80.318
26-Oct-12,80.156
25-Oct-12,80.118
24-Oct-12,80.015
23-Oct-12,80.08
22-Oct-12,79.736
19-Oct-12,79.688
18-Oct-12,79.425
17-Oct-12,79.059
16-Oct-12,79.464
15-Oct-12,79.806
12-Oct-12,79.74
11-Oct-12,79.86
10-Oct-12,80.017
9-Oct-12,80.069
8-Oct-12,79.622
5-Oct-12,79.428
4-Oct-12,79.44
3-Oct-12,80.064
2-Oct-12,79.83
1-Oct-12,79.909
28-Sep-12,80.025
27-Sep-12,79.592
26-Sep-12,79.948
25-Sep-12,79.608
24-Sep-12,79.577
21-Sep-12,79.398
20-Sep-12,79.478
19-Sep-12,79.127
18-Sep-12,79.346
17-Sep-12,78.843
14-Sep-12,78.841
13-Sep-12,79.237
12-Sep-12,79.723
11-Sep-12,79.836
10-Sep-12,80.343
7-Sep-12,80.234
6-Sep-12,81.033
5-Sep-12,81.235
4-Sep-12,81.316
3-Sep-12,81.216
31-Aug-12,81.216
30-Aug-12,81.713
29-Aug-12,81.564
28-Aug-12,81.381
27-Aug-12,81.691
24-Aug-12,81.603
23-Aug-12,81.359
22-Aug-12,81.497
21-Aug-12,81.92
20-Aug-12,82.5
17-Aug-12,82.663
16-Aug-12,82.417
15-Aug-12,82.711
14-Aug-12,82.527
13-Aug-12,82.486
10-Aug-12,82.631
9-Aug-12,82.71
8-Aug-12,82.439
7-Aug-12,82.25
6-Aug-12,82.304
3-Aug-12,82.446
2-Aug-12,83.451
1-Aug-12,83.178
31-Jul-12,82.71
30-Jul-12,82.868
27-Jul-12,82.765
26-Jul-12,82.859
25-Jul-12,83.641
24-Jul-12,84.145
23-Jul-12,83.815
20-Jul-12,83.573
19-Jul-12,82.98
18-Jul-12,83.196
17-Jul-12,83.168
16-Jul-12,83.218
13-Jul-12,83.474
12-Jul-12,83.809
11-Jul-12,83.728
10-Jul-12,83.559
9-Jul-12,83.351
6-Jul-12,83.561
5-Jul-12,82.942
4-Jul-12,81.872
3-Jul-12,81.872
2-Jul-12,82.008
29-Jun-12,81.753
28-Jun-12,83.007
27-Jun-12,82.81
26-Jun-12,82.539
25-Jun-12,82.662
22-Jun-12,82.442
21-Jun-12,82.488
20-Jun-12,81.734
19-Jun-12,81.586
18-Jun-12,81.854
15-Jun-12,81.605
14-Jun-12,81.988
13-Jun-12,82.057
12-Jun-12,82.449
11-Jun-12,82.548
8-Jun-12,82.562
7-Jun-12,82.106
6-Jun-12,82.379
5-Jun-12,82.913
4-Jun-12,82.661
1-Jun-12,82.973
31-May-12,83.129
30-May-12,83.086
29-May-12,82.581
28-May-12,82.523
25-May-12,82.523
24-May-12,82.487
23-May-12,82.235
22-May-12,81.648
21-May-12,81.232
18-May-12,81.424
17-May-12,81.54
16-May-12,81.524
15-May-12,81.38
14-May-12,80.748
11-May-12,80.404
10-May-12,80.257
9-May-12,80.232
8-May-12,79.849
7-May-12,79.715
4-May-12,79.587
3-May-12,79.293
2-May-12,79.201
1-May-12,78.935
30-Apr-12,78.848
27-Apr-12,78.757
26-Apr-12,79.001
25-Apr-12,79.111
24-Apr-12,79.326
23-Apr-12,79.536
20-Apr-12,79.313
19-Apr-12,79.707
18-Apr-12,79.674
17-Apr-12,79.627
16-Apr-12,79.732
13-Apr-12,80.055
12-Apr-12,79.449
11-Apr-12,79.993
10-Apr-12,80.098
9-Apr-12,79.919
6-Apr-12,80.093
5-Apr-12,80.293
4-Apr-12,79.949
3-Apr-12,79.641
2-Apr-12,78.963
30-Mar-12,79.138
29-Mar-12,79.357
28-Mar-12,79.299
27-Mar-12,79.222
26-Mar-12,79.179
23-Mar-12,79.576
22-Mar-12,79.998
21-Mar-12,79.896
20-Mar-12,79.825
19-Mar-12,79.712
16-Mar-12,79.734
15-Mar-12,80.136
14-Mar-12,80.536
13-Mar-12,80.21
12-Mar-12,79.913
9-Mar-12,80.084
8-Mar-12,79.179
7-Mar-12,79.763
6-Mar-12,79.926
5-Mar-12,79.365
2-Mar-12,79.462
1-Mar-12,78.834
29-Feb-12,78.794
28-Feb-12,78.3
27-Feb-12,78.578
24-Feb-12,78.401
23-Feb-12,78.886
22-Feb-12,79.303
21-Feb-12,79.136
20-Feb-12,79.1
17-Feb-12,79.456
16-Feb-12,79.455
15-Feb-12,79.783
14-Feb-12,79.694
13-Feb-12,79.045
10-Feb-12,79.226
9-Feb-12,78.652
8-Feb-12,78.734
7-Feb-12,78.675
6-Feb-12,79.186
3-Feb-12,79.057
2-Feb-12,79.11
1-Feb-12,79.033
31-Jan-12,79.417
30-Jan-12,79.302
27-Jan-12,79.011
26-Jan-12,79.513
25-Jan-12,79.717
24-Jan-12,80.026
23-Jan-12,79.934
20-Jan-12,80.406
19-Jan-12,80.405
18-Jan-12,80.822
17-Jan-12,81.429
16-Jan-12,81.583
13-Jan-12,81.791
12-Jan-12,81.036
11-Jan-12,81.614
10-Jan-12,81.101
9-Jan-12,81.388
6-Jan-12,81.597
5-Jan-12,81.25
4-Jan-12,80.425
3-Jan-12,79.912
2-Jan-12,80.58
30-Dec-11,80.522
29-Dec-11,80.911
28-Dec-11,80.883
27-Dec-11,80.135
26-Dec-11,80.32
23-Dec-11,80.236
22-Dec-11,80.306
21-Dec-11,80.35
20-Dec-11,80.273
19-Dec-11,80.207
16-Dec-11,80.249
15-Dec-11,80.341
14-Dec-11,80.622
13-Dec-11,80.289
12-Dec-11,79.58
9-Dec-11,78.681
8-Dec-11,78.912
7-Dec-11,78.552
6-Dec-11,78.571
5-Dec-11,78.671
2-Dec-11,78.731
1-Dec-11,78.433
30-Nov-11,78.491
29-Nov-11,79.151
28-Nov-11,79.436
25-Nov-11,79.831
24-Nov-11,79.351
23-Nov-11,79.351
22-Nov-11,78.435
21-Nov-11,78.463
18-Nov-11,78.255
17-Nov-11,78.489
16-Nov-11,78.206
15-Nov-11,78.062
14-Nov-11,77.753
11-Nov-11,77.131
10-Nov-11,77.973
9-Nov-11,78.167
8-Nov-11,76.751
7-Nov-11,77.141
4-Nov-11,77.162
3-Nov-11,76.856
2-Nov-11,77.181
1-Nov-11,77.39
31-Oct-11,76.306
28-Oct-11,75.216
27-Oct-11,75.011
26-Oct-11,76.473
25-Oct-11,76.321
24-Oct-11,76.262
21-Oct-11,76.628
20-Oct-11,77.236
19-Oct-11,77.416
18-Oct-11,77.412
17-Oct-11,77.428
14-Oct-11,76.907
13-Oct-11,77.284
12-Oct-11,77.274
11-Oct-11,77.908
10-Oct-11,77.811
7-Oct-11,79.149
6-Oct-11,79.088
5-Oct-11,79.385
4-Oct-11,80.104
3-Oct-11,79.937
30-Sep-11,79.075
29-Sep-11,78.603
28-Sep-11,78.429
27-Sep-11,78.028
26-Sep-11,79.063
23-Sep-11,79.228
22-Sep-11,79.1
21-Sep-11,77.859
20-Sep-11,77.528
19-Sep-11,77.435
16-Sep-11,76.593
15-Sep-11,76.267
14-Sep-11,76.875
13-Sep-11,76.997
12-Sep-11,77.666
9-Sep-11,77.3
8-Sep-11,76.352
7-Sep-11,75.566
6-Sep-11,76.057
5-Sep-11,75.223
2-Sep-11,74.839
1-Sep-11,74.557
31-Aug-11,74.173
30-Aug-11,73.996
29-Aug-11,73.777
26-Aug-11,73.869
25-Aug-11,74.362
24-Aug-11,74.087
23-Aug-11,73.961
22-Aug-11,74.168
19-Aug-11,74.106
18-Aug-11,74.315
17-Aug-11,73.758
16-Aug-11,74.093
15-Aug-11,73.929
12-Aug-11,74.743
11-Aug-11,74.81
10-Aug-11,74.769
9-Aug-11,74.724
8-Aug-11,74.938
5-Aug-11,74.802
4-Aug-11,75.36
3-Aug-11,74.199
2-Aug-11,74.666
1-Aug-11,74.456
29-Jul-11,74.036
28-Jul-11,74.391
27-Jul-11,74.273
26-Jul-11,73.629
25-Jul-11,74.254
22-Jul-11,74.412
21-Jul-11,74.231
20-Jul-11,75.094
19-Jul-11,75.513
18-Jul-11,75.793
15-Jul-11,75.52
14-Jul-11,75.562
13-Jul-11,75.547
12-Jul-11,76.234
11-Jul-11,76.374
8-Jul-11,75.514
7-Jul-11,75.257
6-Jul-11,75.44
5-Jul-11,74.985
4-Jul-11,74.57
1-Jul-11,74.674
30-Jun-11,74.635
29-Jun-11,75.074
28-Jun-11,75.49
27-Jun-11,75.828
24-Jun-11,76.21
23-Jun-11,75.904
22-Jun-11,75.188
21-Jun-11,74.931
20-Jun-11,75.5
17-Jun-11,75.461
16-Jun-11,76.224
15-Jun-11,76.072
14-Jun-11,74.692
13-Jun-11,74.596
10-Jun-11,74.798
9-Jun-11,74.201
8-Jun-11,73.939
7-Jun-11,73.528
6-Jun-11,73.999
3-Jun-11,73.807
2-Jun-11,74.375
1-Jun-11,74.731
31-May-11,74.696
30-May-11,75.03
27-May-11,75.018
26-May-11,75.632
25-May-11,76.03
24-May-11,76.023
23-May-11,76.234
20-May-11,75.579
19-May-11,75.277
18-May-11,75.632
17-May-11,75.545
16-May-11,75.651
13-May-11,75.938
12-May-11,75.417
11-May-11,75.517
10-May-11,74.782
9-May-11,74.9
6-May-11,75.08
5-May-11,74.375
4-May-11,73.213
3-May-11,73.315
2-May-11,73.139
29-Apr-11,73.107
28-Apr-11,73.311
27-Apr-11,73.691
26-Apr-11,74.025
25-Apr-11,74.181
22-Apr-11,74.28
21-Apr-11,74.18
20-Apr-11,74.567
19-Apr-11,75.249
18-Apr-11,75.73
15-Apr-11,75.028
14-Apr-11,74.888
13-Apr-11,75.19
12-Apr-11,75.065
11-Apr-11,75.282
8-Apr-11,75.273
7-Apr-11,75.81
6-Apr-11,75.757
5-Apr-11,76.111
4-Apr-11,76.159
1-Apr-11,76.083
31-Mar-11,76.072
30-Mar-11,76.357
29-Mar-11,76.502
28-Mar-11,76.376
25-Mar-11,76.485
24-Mar-11,75.888
23-Mar-11,76.046
22-Mar-11,75.673
21-Mar-11,75.655
18-Mar-11,75.971
17-Mar-11,76.34
16-Mar-11,76.986
15-Mar-11,76.656
14-Mar-11,76.462
11-Mar-11,76.77
10-Mar-11,77.274
9-Mar-11,76.719
8-Mar-11,76.8
7-Mar-11,76.514
4-Mar-11,76.416
3-Mar-11,76.495
2-Mar-11,76.689
1-Mar-11,77.083
28-Feb-11,76.921
25-Feb-11,77.3
24-Feb-11,77.096
23-Feb-11,77.444
22-Feb-11,77.823
21-Feb-11,77.745
18-Feb-11,77.72
17-Feb-11,78.065
16-Feb-11,78.277
15-Feb-11,78.66
14-Feb-11,78.717
11-Feb-11,78.565
10-Feb-11,78.327
9-Feb-11,77.721
8-Feb-11,78.094
7-Feb-11,78.122
4-Feb-11,78.157
3-Feb-11,77.867
2-Feb-11,77.278
1-Feb-11,77.193
31-Jan-11,77.865
28-Jan-11,78.28
27-Jan-11,77.854
26-Jan-11,78.035
25-Jan-11,78.145
24-Jan-11,78.193
21-Jan-11,78.37
20-Jan-11,78.984
19-Jan-11,78.811
18-Jan-11,79.16
17-Jan-11,79.51
14-Jan-11,79.366
13-Jan-11,79.406
12-Jan-11,80.25
11-Jan-11,81.135
10-Jan-11,81.163
7-Jan-11,81.321
6-Jan-11,81.093
5-Jan-11,80.538
4-Jan-11,79.699
3-Jan-11,79.384
31-Dec-10,79.288
30-Dec-10,79.798
29-Dec-10,80.102
28-Dec-10,80.67
27-Dec-10,80.679
24-Dec-10,80.827
23-Dec-10,80.832
22-Dec-10,81.073
21-Dec-10,81.069
20-Dec-10,80.972
17-Dec-10,80.752
16-Dec-10,80.549
15-Dec-10,80.582
14-Dec-10,79.69
13-Dec-10,79.64
10-Dec-10,80.066
9-Dec-10,80.085
8-Dec-10,80.008
7-Dec-10,79.864
6-Dec-10,79.599
3-Dec-10,79.407
2-Dec-10,80.336
1-Dec-10,80.762
30-Nov-10,81.271
29-Nov-10,80.902
26-Nov-10,80.433
25-Nov-10,79.695
24-Nov-10,79.939
23-Nov-10,79.762
22-Nov-10,78.768
19-Nov-10,78.594
18-Nov-10,78.729
17-Nov-10,79.21
16-Nov-10,79.333
15-Nov-10,78.673
12-Nov-10,78.231
11-Nov-10,78.356
10-Nov-10,77.77
9-Nov-10,77.584
8-Nov-10,77.164
5-Nov-10,76.691
4-Nov-10,76
3-Nov-10,76.623
2-Nov-10,76.892
1-Nov-10,77.481
29-Oct-10,77.457
28-Oct-10,77.503
27-Oct-10,78.377
26-Oct-10,77.91
25-Oct-10,77.303
22-Oct-10,77.685
21-Oct-10,77.634
20-Oct-10,77.414
19-Oct-10,78.421
18-Oct-10,77.137
15-Oct-10,77.268
14-Oct-10,76.881
13-Oct-10,77.287
12-Oct-10,77.588
11-Oct-10,77.664
8-Oct-10,77.563
7-Oct-10,77.642
6-Oct-10,77.62
5-Oct-10,77.967
4-Oct-10,78.658
1-Oct-10,78.313
30-Sep-10,78.938
29-Sep-10,78.905
28-Sep-10,79.212
27-Sep-10,79.554
24-Sep-10,79.599
23-Sep-10,80.247
22-Sep-10,80.064
21-Sep-10,80.673
20-Sep-10,81.582
17-Sep-10,81.641
16-Sep-10,81.501
15-Sep-10,81.751
14-Sep-10,81.339
13-Sep-10,82.092
10-Sep-10,82.701
9-Sep-10,82.69
8-Sep-10,82.58
7-Sep-10,82.844
6-Sep-10,82.07
3-Sep-10,82.124
2-Sep-10,82.501
1-Sep-10,82.549
31-Aug-10,83.254
30-Aug-10,83.226
27-Aug-10,82.968
26-Aug-10,82.983
25-Aug-10,83.331
24-Aug-10,83.206
23-Aug-10,83.228
20-Aug-10,83.16
19-Aug-10,82.54
18-Aug-10,82.31
17-Aug-10,82.324
16-Aug-10,82.635
13-Aug-10,83.038
12-Aug-10,82.767
11-Aug-10,82.428
10-Aug-10,80.924
9-Aug-10,80.789
6-Aug-10,80.496
5-Aug-10,80.93
4-Aug-10,80.992
3-Aug-10,80.684
2-Aug-10,81.055
30-Jul-10,81.655
29-Jul-10,81.754
28-Jul-10,82.31
27-Jul-10,82.328
26-Jul-10,82.242
23-Jul-10,82.629
22-Jul-10,82.782
21-Jul-10,83.593
20-Jul-10,82.929
19-Jul-10,82.705
16-Jul-10,82.658
15-Jul-10,82.743
14-Jul-10,83.598
13-Jul-10,83.821
12-Jul-10,84.407
9-Jul-10,84.152
8-Jul-10,84.036
7-Jul-10,84.038
6-Jul-10,84.306
5-Jul-10,84.862
2-Jul-10,84.67
1-Jul-10,84.984
30-Jun-10,86.281
29-Jun-10,86.34
28-Jun-10,85.922
25-Jun-10,85.579
24-Jun-10,86.017
23-Jun-10,86.048
22-Jun-10,86.408
21-Jun-10,86.239
18-Jun-10,85.976
17-Jun-10,85.982
16-Jun-10,86.386
15-Jun-10,86.29
14-Jun-10,86.504
11-Jun-10,87.517
10-Jun-10,87.166
9-Jun-10,87.935
8-Jun-10,88.473
7-Jun-10,88.463
4-Jun-10,88.315
3-Jun-10,87.214
2-Jun-10,86.877
1-Jun-10,86.725
31-May-10,86.67
28-May-10,86.582
27-May-10,86.282
26-May-10,87.244
25-May-10,86.888
24-May-10,86.337
21-May-10,85.537
20-May-10,85.706
19-May-10,86.54
18-May-10,87.315
17-May-10,86.377
14-May-10,86.231
13-May-10,85.342
12-May-10,84.967
11-May-10,84.613
10-May-10,84.335
7-May-10,84.659
6-May-10,85.047
5-May-10,84.2
4-May-10,83.421
3-May-10,82.399
30-Apr-10,81.991
29-Apr-10,82.161
28-Apr-10,82.535
27-Apr-10,82.31
26-Apr-10,81.615
23-Apr-10,81.498
22-Apr-10,81.682
21-Apr-10,81.266
20-Apr-10,81.141
19-Apr-10,81.105
16-Apr-10,80.944
15-Apr-10,80.585
14-Apr-10,80.291
13-Apr-10,80.625
12-Apr-10,80.692
9-Apr-10,81.241
8-Apr-10,81.701
7-Apr-10,81.612
6-Apr-10,81.57
5-Apr-10,81.254
2-Apr-10,81.444
1-Apr-10,80.972
31-Mar-10,81.291
30-Mar-10,81.738
29-Mar-10,81.624
26-Mar-10,81.978
25-Mar-10,82.405
24-Mar-10,82.106
23-Mar-10,81.118
22-Mar-10,80.883
19-Mar-10,80.975
18-Mar-10,80.44
17-Mar-10,79.85
16-Mar-10,79.995
15-Mar-10,80.175
12-Mar-10,79.84
11-Mar-10,80.315
10-Mar-10,80.465
9-Mar-10,80.605
8-Mar-10,80.455
5-Mar-10,80.46
4-Mar-10,80.585
3-Mar-10,80.02
2-Mar-10,80.575
1-Mar-10,80.705
26-Feb-10,80.44
25-Feb-10,80.86
24-Feb-10,80.915
23-Feb-10,80.91
22-Feb-10,80.585
19-Feb-10,80.72
18-Feb-10,80.465
17-Feb-10,80.475
16-Feb-10,79.755
15-Feb-10,80.435
12-Feb-10,80.41
11-Feb-10,80.1
10-Feb-10,80.14
9-Feb-10,79.99
8-Feb-10,80.44
5-Feb-10,80.595
4-Feb-10,80.075
3-Feb-10,79.55
2-Feb-10,79.18
1-Feb-10,79.42
29-Jan-10,79.65
28-Jan-10,79.1
27-Jan-10,78.87
26-Jan-10,78.61
25-Jan-10,78.35
22-Jan-10,78.43
21-Jan-10,78.515
20-Jan-10,78.5
19-Jan-10,77.65
18-Jan-10,77.205
15-Jan-10,77.48
14-Jan-10,76.885
13-Jan-10,76.99
12-Jan-10,77.12
11-Jan-10,77.16
8-Jan-10,77.655
7-Jan-10,78.105
6-Jan-10,77.655
5-Jan-10,77.85
4-Jan-10,77.83
1-Jan-10,78.29
