Date,TCU
1/1/2010,70.6453
1/2/2010,70.65744839
1/3/2010,70.66959678
1/4/2010,70.68174517
1/5/2010,70.69389356
1/6/2010,70.70604195
1/7/2010,70.71819034
1/8/2010,70.73033873
1/9/2010,70.74248712
1/10/2010,70.75463551
1/11/2010,70.7667839
1/12/2010,70.77893229
1/13/2010,70.79108068
1/14/2010,70.80322906
1/15/2010,70.81537745
1/16/2010,70.82752584
1/17/2010,70.83967422
1/18/2010,70.85182261
1/19/2010,70.863971
1/20/2010,70.87611938
1/21/2010,70.88826777
1/22/2010,70.90041616
1/23/2010,70.91256454
1/24/2010,70.92471293
1/25/2010,70.93686131
1/26/2010,70.9490097
1/27/2010,70.96115808
1/28/2010,70.97330647
1/29/2010,70.98545485
1/30/2010,70.99760323
1/31/2010,71.00975162
2/1/2010,71.0219
2/2/2010,71.04628572
2/3/2010,71.07067143
2/4/2010,71.09505715
2/5/2010,71.11944287
2/6/2010,71.14382858
2/7/2010,71.1682143
2/8/2010,71.19260002
2/9/2010,71.21698573
2/10/2010,71.24137145
2/11/2010,71.26575716
2/12/2010,71.29014288
2/13/2010,71.31452859
2/14/2010,71.33891431
2/15/2010,71.36330002
2/16/2010,71.38768573
2/17/2010,71.41207145
2/18/2010,71.43645716
2/19/2010,71.46084288
2/20/2010,71.48522859
2/21/2010,71.5096143
2/22/2010,71.53400001
2/23/2010,71.55838573
2/24/2010,71.58277144
2/25/2010,71.60715715
2/26/2010,71.63154286
2/27/2010,71.65592858
2/28/2010,71.68031429
3/1/2010,71.7047
3/2/2010,71.71864516
3/3/2010,71.73259033
3/4/2010,71.74653549
3/5/2010,71.76048065
3/6/2010,71.77442582
3/7/2010,71.78837098
3/8/2010,71.80231614
3/9/2010,71.8162613
3/10/2010,71.83020647
3/11/2010,71.84415163
3/12/2010,71.85809679
3/13/2010,71.87204195
3/14/2010,71.88598711
3/15/2010,71.89993228
3/16/2010,71.91387744
3/17/2010,71.9278226
3/18/2010,71.94176776
3/19/2010,71.95571292
3/20/2010,71.96965808
3/21/2010,71.98360324
3/22/2010,71.9975484
3/23/2010,72.01149356
3/24/2010,72.02543872
3/25/2010,72.03938388
3/26/2010,72.05332904
3/27/2010,72.0672742
3/28/2010,72.08121936
3/29/2010,72.09516452
3/30/2010,72.10910968
3/31/2010,72.12305484
4/1/2010,72.137
4/2/2010,72.17581333
4/3/2010,72.21462667
4/4/2010,72.25344
4/5/2010,72.29225334
4/6/2010,72.33106667
4/7/2010,72.36988001
4/8/2010,72.40869334
4/9/2010,72.44750667
4/10/2010,72.48632001
4/11/2010,72.52513334
4/12/2010,72.56394667
4/13/2010,72.60276001
4/14/2010,72.64157334
4/15/2010,72.68038667
4/16/2010,72.71920001
4/17/2010,72.75801334
4/18/2010,72.79682667
4/19/2010,72.83564001
4/20/2010,72.87445334
4/21/2010,72.91326667
4/22/2010,72.95208001
4/23/2010,72.99089334
4/24/2010,73.02970667
4/25/2010,73.06852
4/26/2010,73.10733334
4/27/2010,73.14614667
4/28/2010,73.18496
4/29/2010,73.22377333
4/30/2010,73.26258667
5/1/2010,73.3014
5/2/2010,73.3112129
5/3/2010,73.32102581
5/4/2010,73.33083871
5/5/2010,73.34065161
5/6/2010,73.35046452
5/7/2010,73.36027742
5/8/2010,73.37009032
5/9/2010,73.37990323
5/10/2010,73.38971613
5/11/2010,73.39952903
5/12/2010,73.40934194
5/13/2010,73.41915484
5/14/2010,73.42896774
5/15/2010,73.43878065
5/16/2010,73.44859355
5/17/2010,73.45840645
5/18/2010,73.46821935
5/19/2010,73.47803226
5/20/2010,73.48784516
5/21/2010,73.49765806
5/22/2010,73.50747097
5/23/2010,73.51728387
5/24/2010,73.52709677
5/25/2010,73.53690968
5/26/2010,73.54672258
5/27/2010,73.55653548
5/28/2010,73.56634839
5/29/2010,73.57616129
5/30/2010,73.58597419
5/31/2010,73.5957871
6/1/2010,73.6056
6/2/2010,73.62090667
6/3/2010,73.63621333
6/4/2010,73.65152
6/5/2010,73.66682666
6/6/2010,73.68213333
6/7/2010,73.69744
6/8/2010,73.71274666
6/9/2010,73.72805333
6/10/2010,73.74336
6/11/2010,73.75866666
6/12/2010,73.77397333
6/13/2010,73.78928
6/14/2010,73.80458666
6/15/2010,73.81989333
6/16/2010,73.8352
6/17/2010,73.85050666
6/18/2010,73.86581333
6/19/2010,73.88112
6/20/2010,73.89642666
6/21/2010,73.91173333
6/22/2010,73.92704
6/23/2010,73.94234666
6/24/2010,73.95765333
6/25/2010,73.97296
6/26/2010,73.98826666
6/27/2010,74.00357333
6/28/2010,74.01888
6/29/2010,74.03418667
6/30/2010,74.04949333
7/1/2010,74.0648
7/2/2010,74.07725161
7/3/2010,74.08970322
7/4/2010,74.10215484
7/5/2010,74.11460645
7/6/2010,74.12705806
7/7/2010,74.13950967
7/8/2010,74.15196128
7/9/2010,74.1644129
7/10/2010,74.17686451
7/11/2010,74.18931612
7/12/2010,74.20176773
7/13/2010,74.21421935
7/14/2010,74.22667096
7/15/2010,74.23912257
7/16/2010,74.25157418
7/17/2010,74.2640258
7/18/2010,74.27647741
7/19/2010,74.28892902
7/20/2010,74.30138064
7/21/2010,74.31383225
7/22/2010,74.32628386
7/23/2010,74.33873548
7/24/2010,74.35118709
7/25/2010,74.3636387
7/26/2010,74.37609032
7/27/2010,74.38854193
7/28/2010,74.40099354
7/29/2010,74.41344516
7/30/2010,74.42589677
7/31/2010,74.43834839
8/1/2010,74.4508
8/2/2010,74.46004516
8/3/2010,74.46929032
8/4/2010,74.47853548
8/5/2010,74.48778064
8/6/2010,74.4970258
8/7/2010,74.50627096
8/8/2010,74.51551612
8/9/2010,74.52476128
8/10/2010,74.53400644
8/11/2010,74.5432516
8/12/2010,74.55249676
8/13/2010,74.56174192
8/14/2010,74.57098708
8/15/2010,74.58023224
8/16/2010,74.58947741
8/17/2010,74.59872257
8/18/2010,74.60796773
8/19/2010,74.61721289
8/20/2010,74.62645805
8/21/2010,74.63570321
8/22/2010,74.64494837
8/23/2010,74.65419354
8/24/2010,74.6634387
8/25/2010,74.67268386
8/26/2010,74.68192902
8/27/2010,74.69117419
8/28/2010,74.70041935
8/29/2010,74.70966451
8/30/2010,74.71890967
8/31/2010,74.72815484
9/1/2010,74.7374
9/2/2010,74.7349
9/3/2010,74.7324
9/4/2010,74.72989999
9/5/2010,74.72739999
9/6/2010,74.72489999
9/7/2010,74.72239999
9/8/2010,74.71989999
9/9/2010,74.71739999
9/10/2010,74.71489999
9/11/2010,74.71239999
9/12/2010,74.70989999
9/13/2010,74.70739999
9/14/2010,74.70489999
9/15/2010,74.70239999
9/16/2010,74.69989999
9/17/2010,74.69739999
9/18/2010,74.69489999
9/19/2010,74.69239999
9/20/2010,74.68989999
9/21/2010,74.68739999
9/22/2010,74.68489999
9/23/2010,74.68239999
9/24/2010,74.67989999
9/25/2010,74.67739999
9/26/2010,74.67489999
9/27/2010,74.67239999
9/28/2010,74.66989999
9/29/2010,74.6674
9/30/2010,74.6649
10/1/2010,74.6624
10/2/2010,74.66600968
10/3/2010,74.66961935
10/4/2010,74.67322903
10/5/2010,74.6768387
10/6/2010,74.68044838
10/7/2010,74.68405806
10/8/2010,74.68766773
10/9/2010,74.69127741
10/10/2010,74.69488708
10/11/2010,74.69849676
10/12/2010,74.70210644
10/13/2010,74.70571611
10/14/2010,74.70932579
10/15/2010,74.71293547
10/16/2010,74.71654515
10/17/2010,74.72015482
10/18/2010,74.7237645
10/19/2010,74.72737418
10/20/2010,74.73098386
10/21/2010,74.73459353
10/22/2010,74.73820321
10/23/2010,74.74181289
10/24/2010,74.74542257
10/25/2010,74.74903225
10/26/2010,74.75264193
10/27/2010,74.7562516
10/28/2010,74.75986128
10/29/2010,74.76347096
10/30/2010,74.76708064
10/31/2010,74.77069032
11/1/2010,74.7743
11/2/2010,74.80034333
11/3/2010,74.82638666
11/4/2010,74.85242999
11/5/2010,74.87847332
11/6/2010,74.90451666
11/7/2010,74.93055999
11/8/2010,74.95660332
11/9/2010,74.98264665
11/10/2010,75.00868998
11/11/2010,75.03473332
11/12/2010,75.06077665
11/13/2010,75.08681998
11/14/2010,75.11286331
11/15/2010,75.13890665
11/16/2010,75.16494998
11/17/2010,75.19099331
11/18/2010,75.21703665
11/19/2010,75.24307998
11/20/2010,75.26912331
11/21/2010,75.29516665
11/22/2010,75.32120998
11/23/2010,75.34725332
11/24/2010,75.37329665
11/25/2010,75.39933999
11/26/2010,75.42538332
11/27/2010,75.45142666
11/28/2010,75.47746999
11/29/2010,75.50351333
11/30/2010,75.52955666
12/1/2010,75.5556
12/2/2010,75.55239032
12/3/2010,75.54918064
12/4/2010,75.54597096
12/5/2010,75.54276128
12/6/2010,75.5395516
12/7/2010,75.53634192
12/8/2010,75.53313224
12/9/2010,75.52992256
12/10/2010,75.52671288
12/11/2010,75.5235032
12/12/2010,75.52029353
12/13/2010,75.51708385
12/14/2010,75.51387417
12/15/2010,75.51066449
12/16/2010,75.50745481
12/17/2010,75.50424514
12/18/2010,75.50103546
12/19/2010,75.49782578
12/20/2010,75.49461611
12/21/2010,75.49140643
12/22/2010,75.48819675
12/23/2010,75.48498708
12/24/2010,75.4817774
12/25/2010,75.47856772
12/26/2010,75.47535805
12/27/2010,75.47214837
12/28/2010,75.4689387
12/29/2010,75.46572902
12/30/2010,75.46251935
12/31/2010,75.45930967
1/1/2011,75.4561
1/2/2011,75.44587096
1/3/2011,75.43564193
1/4/2011,75.4254129
1/5/2011,75.41518386
1/6/2011,75.40495483
1/7/2011,75.39472579
1/8/2011,75.38449676
1/9/2011,75.37426772
1/10/2011,75.36403869
1/11/2011,75.35380966
1/12/2011,75.34358062
1/13/2011,75.33335159
1/14/2011,75.32312256
1/15/2011,75.31289353
1/16/2011,75.30266449
1/17/2011,75.29243546
1/18/2011,75.28220643
1/19/2011,75.2719774
1/20/2011,75.26174837
1/21/2011,75.25151933
1/22/2011,75.2412903
1/23/2011,75.23106127
1/24/2011,75.22083224
1/25/2011,75.21060321
1/26/2011,75.20037418
1/27/2011,75.19014515
1/28/2011,75.17991612
1/29/2011,75.16968709
1/30/2011,75.15945806
1/31/2011,75.14922903
2/1/2011,75.139
2/2/2011,75.16668928
2/3/2011,75.19437857
2/4/2011,75.22206785
2/5/2011,75.24975713
2/6/2011,75.27744642
2/7/2011,75.3051357
2/8/2011,75.33282499
2/9/2011,75.36051427
2/10/2011,75.38820355
2/11/2011,75.41589284
2/12/2011,75.44358212
2/13/2011,75.47127141
2/14/2011,75.49896069
2/15/2011,75.52664998
2/16/2011,75.55433927
2/17/2011,75.58202855
2/18/2011,75.60971784
2/19/2011,75.63740712
2/20/2011,75.66509641
2/21/2011,75.6927857
2/22/2011,75.72047498
2/23/2011,75.74816427
2/24/2011,75.77585356
2/25/2011,75.80354285
2/26/2011,75.83123213
2/27/2011,75.85892142
2/28/2011,75.88661071
3/1/2011,75.9143
3/2/2011,75.90518064
3/3/2011,75.89606128
3/4/2011,75.88694193
3/5/2011,75.87782257
3/6/2011,75.86870321
3/7/2011,75.85958385
3/8/2011,75.8504645
3/9/2011,75.84134514
3/10/2011,75.83222578
3/11/2011,75.82310643
3/12/2011,75.81398707
3/13/2011,75.80486772
3/14/2011,75.79574836
3/15/2011,75.786629
3/16/2011,75.77750965
3/17/2011,75.76839029
3/18/2011,75.75927094
3/19/2011,75.75015159
3/20/2011,75.74103223
3/21/2011,75.73191288
3/22/2011,75.72279352
3/23/2011,75.71367417
3/24/2011,75.70455482
3/25/2011,75.69543546
3/26/2011,75.68631611
3/27/2011,75.67719676
3/28/2011,75.66807741
3/29/2011,75.65895805
3/30/2011,75.6498387
3/31/2011,75.64071935
4/1/2011,75.6316
4/2/2011,75.63419
4/3/2011,75.63677999
4/4/2011,75.63936999
4/5/2011,75.64195999
4/6/2011,75.64454999
4/7/2011,75.64713998
4/8/2011,75.64972998
4/9/2011,75.65231998
4/10/2011,75.65490998
4/11/2011,75.65749998
4/12/2011,75.66008998
4/13/2011,75.66267998
4/14/2011,75.66526998
4/15/2011,75.66785998
4/16/2011,75.67044997
4/17/2011,75.67303998
4/18/2011,75.67562998
4/19/2011,75.67821998
4/20/2011,75.68080998
4/21/2011,75.68339998
4/22/2011,75.68598998
4/23/2011,75.68857998
4/24/2011,75.69116998
4/25/2011,75.69375998
4/26/2011,75.69634999
4/27/2011,75.69893999
4/28/2011,75.70152999
4/29/2011,75.70411999
4/30/2011,75.70671
5/1/2011,75.7093
5/2/2011,75.71345161
5/3/2011,75.71760322
5/4/2011,75.72175483
5/5/2011,75.72590644
5/6/2011,75.73005805
5/7/2011,75.73420966
5/8/2011,75.73836127
5/9/2011,75.74251288
5/10/2011,75.74666449
5/11/2011,75.7508161
5/12/2011,75.75496772
5/13/2011,75.75911933
5/14/2011,75.76327094
5/15/2011,75.76742255
5/16/2011,75.77157417
5/17/2011,75.77572578
5/18/2011,75.77987739
5/19/2011,75.784029
5/20/2011,75.78818062
5/21/2011,75.79233223
5/22/2011,75.79648385
5/23/2011,75.80063546
5/24/2011,75.80478708
5/25/2011,75.80893869
5/26/2011,75.81309031
5/27/2011,75.81724192
5/28/2011,75.82139354
5/29/2011,75.82554515
5/30/2011,75.82969677
5/31/2011,75.83384838
6/1/2011,75.838
6/2/2011,75.84888666
6/3/2011,75.85977333
6/4/2011,75.87065999
6/5/2011,75.88154665
6/6/2011,75.89243332
6/7/2011,75.90331998
6/8/2011,75.91420665
6/9/2011,75.92509331
6/10/2011,75.93597998
6/11/2011,75.94686664
6/12/2011,75.95775331
6/13/2011,75.96863997
6/14/2011,75.97952664
6/15/2011,75.9904133
6/16/2011,76.00129997
6/17/2011,76.01218664
6/18/2011,76.02307331
6/19/2011,76.03395997
6/20/2011,76.04484664
6/21/2011,76.05573331
6/22/2011,76.06661998
6/23/2011,76.07750664
6/24/2011,76.08839331
6/25/2011,76.09927998
6/26/2011,76.11016665
6/27/2011,76.12105332
6/28/2011,76.13193999
6/29/2011,76.14282666
6/30/2011,76.15371333
7/1/2011,76.1646
7/2/2011,76.17638387
7/3/2011,76.18816773
7/4/2011,76.1999516
7/5/2011,76.21173547
7/6/2011,76.22351934
7/7/2011,76.2353032
7/8/2011,76.24708707
7/9/2011,76.25887094
7/10/2011,76.27065481
7/11/2011,76.28243868
7/12/2011,76.29422255
7/13/2011,76.30600642
7/14/2011,76.31779029
7/15/2011,76.32957416
7/16/2011,76.34135803
7/17/2011,76.3531419
7/18/2011,76.36492577
7/19/2011,76.37670964
7/20/2011,76.38849352
7/21/2011,76.40027739
7/22/2011,76.41206126
7/23/2011,76.42384513
7/24/2011,76.43562901
7/25/2011,76.44741288
7/26/2011,76.45919675
7/27/2011,76.47098063
7/28/2011,76.4827645
7/29/2011,76.49454837
7/30/2011,76.50633225
7/31/2011,76.51811612
8/1/2011,76.5299
8/2/2011,76.52447741
8/3/2011,76.51905483
8/4/2011,76.51363225
8/5/2011,76.50820966
8/6/2011,76.50278708
8/7/2011,76.49736449
8/8/2011,76.49194191
8/9/2011,76.48651933
8/10/2011,76.48109674
8/11/2011,76.47567416
8/12/2011,76.47025158
8/13/2011,76.464829
8/14/2011,76.45940642
8/15/2011,76.45398384
8/16/2011,76.44856125
8/17/2011,76.44313867
8/18/2011,76.43771609
8/19/2011,76.43229351
8/20/2011,76.42687093
8/21/2011,76.42144835
8/22/2011,76.41602578
8/23/2011,76.4106032
8/24/2011,76.40518062
8/25/2011,76.39975804
8/26/2011,76.39433546
8/27/2011,76.38891288
8/28/2011,76.38349031
8/29/2011,76.37806773
8/30/2011,76.37264515
8/31/2011,76.36722258
9/1/2011,76.3618
9/2/2011,76.37402333
9/3/2011,76.38624666
9/4/2011,76.39846999
9/5/2011,76.41069332
9/6/2011,76.42291665
9/7/2011,76.43513998
9/8/2011,76.44736331
9/9/2011,76.45958664
9/10/2011,76.47180997
9/11/2011,76.4840333
9/12/2011,76.49625663
9/13/2011,76.50847997
9/14/2011,76.5207033
9/15/2011,76.53292663
9/16/2011,76.54514997
9/17/2011,76.5573733
9/18/2011,76.56959663
9/19/2011,76.58181997
9/20/2011,76.5940433
9/21/2011,76.60626664
9/22/2011,76.61848997
9/23/2011,76.63071331
9/24/2011,76.64293664
9/25/2011,76.65515998
9/26/2011,76.66738331
9/27/2011,76.67960665
9/28/2011,76.69182999
9/29/2011,76.70405332
9/30/2011,76.71627666
10/1/2011,76.7285
10/2/2011,76.72544193
10/3/2011,76.72238386
10/4/2011,76.71932579
10/5/2011,76.71626772
10/6/2011,76.71320966
10/7/2011,76.71015159
10/8/2011,76.70709352
10/9/2011,76.70403545
10/10/2011,76.70097739
10/11/2011,76.69791932
10/12/2011,76.69486125
10/13/2011,76.69180319
10/14/2011,76.68874512
10/15/2011,76.68568706
10/16/2011,76.68262899
10/17/2011,76.67957093
10/18/2011,76.67651286
10/19/2011,76.6734548
10/20/2011,76.67039674
10/21/2011,76.66733867
10/22/2011,76.66428061
10/23/2011,76.66122255
10/24/2011,76.65816449
10/25/2011,76.65510642
10/26/2011,76.65204836
10/27/2011,76.6489903
10/28/2011,76.64593224
10/29/2011,76.64287418
10/30/2011,76.63981612
10/31/2011,76.63675806
11/1/2011,76.6337
11/2/2011,76.64188666
11/3/2011,76.65007332
11/4/2011,76.65825999
11/5/2011,76.66644665
11/6/2011,76.67463331
11/7/2011,76.68281998
11/8/2011,76.69100664
11/9/2011,76.6991933
11/10/2011,76.70737997
11/11/2011,76.71556663
11/12/2011,76.7237533
11/13/2011,76.73193996
11/14/2011,76.74012663
11/15/2011,76.7483133
11/16/2011,76.75649996
11/17/2011,76.76468663
11/18/2011,76.7728733
11/19/2011,76.78105996
11/20/2011,76.78924663
11/21/2011,76.7974333
11/22/2011,76.80561997
11/23/2011,76.81380664
11/24/2011,76.82199331
11/25/2011,76.83017998
11/26/2011,76.83836665
11/27/2011,76.84655332
11/28/2011,76.85473999
11/29/2011,76.86292666
11/30/2011,76.87111333
12/1/2011,76.8793
12/2/2011,76.88956451
12/3/2011,76.89982902
12/4/2011,76.91009353
12/5/2011,76.92035805
12/6/2011,76.93062256
12/7/2011,76.94088707
12/8/2011,76.95115158
12/9/2011,76.9614161
12/10/2011,76.97168061
12/11/2011,76.98194512
12/12/2011,76.99220964
12/13/2011,77.00247415
12/14/2011,77.01273867
12/15/2011,77.02300318
12/16/2011,77.0332677
12/17/2011,77.04353221
12/18/2011,77.05379673
12/19/2011,77.06406125
12/20/2011,77.07432577
12/21/2011,77.08459028
12/22/2011,77.0948548
12/23/2011,77.10511932
12/24/2011,77.11538384
12/25/2011,77.12564836
12/26/2011,77.13591288
12/27/2011,77.1461774
12/28/2011,77.15644192
12/29/2011,77.16670644
12/30/2011,77.17697096
12/31/2011,77.18723548
1/1/2012,77.1975
1/2/2012,77.19999999
1/3/2012,77.20249999
1/4/2012,77.20499998
1/5/2012,77.20749998
1/6/2012,77.20999998
1/7/2012,77.21249997
1/8/2012,77.21499997
1/9/2012,77.21749997
1/10/2012,77.21999996
1/11/2012,77.22249996
1/12/2012,77.22499996
1/13/2012,77.22749996
1/14/2012,77.22999996
1/15/2012,77.23249995
1/16/2012,77.23499995
1/17/2012,77.23749995
1/18/2012,77.23999995
1/19/2012,77.24249996
1/20/2012,77.24499996
1/21/2012,77.24749996
1/22/2012,77.24999996
1/23/2012,77.25249996
1/24/2012,77.25499997
1/25/2012,77.25749997
1/26/2012,77.25999997
1/27/2012,77.26249998
1/28/2012,77.26499998
1/29/2012,77.26749998
1/30/2012,77.26999999
1/31/2012,77.27249999
2/1/2012,77.275
2/2/2012,77.25696551
2/3/2012,77.23893102
2/4/2012,77.22089654
2/5/2012,77.20286205
2/6/2012,77.18482756
2/7/2012,77.16679308
2/8/2012,77.14875859
2/9/2012,77.13072411
2/10/2012,77.11268962
2/11/2012,77.09465514
2/12/2012,77.07662065
2/13/2012,77.05858617
2/14/2012,77.04055169
2/15/2012,77.0225172
2/16/2012,77.00448272
2/17/2012,76.98644824
2/18/2012,76.96841376
2/19/2012,76.95037928
2/20/2012,76.93234479
2/21/2012,76.91431031
2/22/2012,76.89627583
2/23/2012,76.87824135
2/24/2012,76.86020687
2/25/2012,76.84217239
2/26/2012,76.82413791
2/27/2012,76.80610343
2/28/2012,76.78806896
2/29/2012,76.77003448
3/1/2012,76.752
3/2/2012,76.76646451
3/3/2012,76.78092902
3/4/2012,76.79539353
3/5/2012,76.80985805
3/6/2012,76.82432256
3/7/2012,76.83878707
3/8/2012,76.85325158
3/9/2012,76.8677161
3/10/2012,76.88218061
3/11/2012,76.89664512
3/12/2012,76.91110964
3/13/2012,76.92557415
3/14/2012,76.94003867
3/15/2012,76.95450318
3/16/2012,76.9689677
3/17/2012,76.98343222
3/18/2012,76.99789673
3/19/2012,77.01236125
3/20/2012,77.02682577
3/21/2012,77.04129028
3/22/2012,77.0557548
3/23/2012,77.07021932
3/24/2012,77.08468384
3/25/2012,77.09914836
3/26/2012,77.11361288
3/27/2012,77.1280774
3/28/2012,77.14254192
3/29/2012,77.15700644
3/30/2012,77.17147096
3/31/2012,77.18593548
4/1/2012,77.2004
4/2/2012,77.19977666
4/3/2012,77.19915332
4/4/2012,77.19852998
4/5/2012,77.19790665
4/6/2012,77.19728331
4/7/2012,77.19665997
4/8/2012,77.19603664
4/9/2012,77.1954133
4/10/2012,77.19478996
4/11/2012,77.19416663
4/12/2012,77.19354329
4/13/2012,77.19291996
4/14/2012,77.19229663
4/15/2012,77.19167329
4/16/2012,77.19104996
4/17/2012,77.19042662
4/18/2012,77.18980329
4/19/2012,77.18917996
4/20/2012,77.18855663
4/21/2012,77.1879333
4/22/2012,77.18730996
4/23/2012,77.18668663
4/24/2012,77.1860633
4/25/2012,77.18543997
4/26/2012,77.18481664
4/27/2012,77.18419331
4/28/2012,77.18356998
4/29/2012,77.18294666
4/30/2012,77.18232333
5/1/2012,77.1817
5/2/2012,77.17703548
5/3/2012,77.17237096
5/4/2012,77.16770644
5/5/2012,77.16304192
5/6/2012,77.1583774
5/7/2012,77.15371288
5/8/2012,77.14904836
5/9/2012,77.14438384
5/10/2012,77.13971932
5/11/2012,77.1350548
5/12/2012,77.13039028
5/13/2012,77.12572576
5/14/2012,77.12106125
5/15/2012,77.11639673
5/16/2012,77.11173221
5/17/2012,77.1070677
5/18/2012,77.10240318
5/19/2012,77.09773867
5/20/2012,77.09307415
5/21/2012,77.08840964
5/22/2012,77.08374512
5/23/2012,77.07908061
5/24/2012,77.0744161
5/25/2012,77.06975158
5/26/2012,77.06508707
5/27/2012,77.06042256
5/28/2012,77.05575804
5/29/2012,77.05109353
5/30/2012,77.04642902
5/31/2012,77.04176451
6/1/2012,77.0371
6/2/2012,77.03847666
6/3/2012,77.03985332
6/4/2012,77.04122999
6/5/2012,77.04260665
6/6/2012,77.04398331
6/7/2012,77.04535997
6/8/2012,77.04673664
6/9/2012,77.0481133
6/10/2012,77.04948997
6/11/2012,77.05086663
6/12/2012,77.0522433
6/13/2012,77.05361996
6/14/2012,77.05499663
6/15/2012,77.05637329
6/16/2012,77.05774996
6/17/2012,77.05912663
6/18/2012,77.06050329
6/19/2012,77.06187996
6/20/2012,77.06325663
6/21/2012,77.0646333
6/22/2012,77.06600997
6/23/2012,77.06738663
6/24/2012,77.0687633
6/25/2012,77.07013997
6/26/2012,77.07151664
6/27/2012,77.07289331
6/28/2012,77.07426999
6/29/2012,77.07564666
6/30/2012,77.07702333
7/1/2012,77.0784
7/2/2012,77.06416451
7/3/2012,77.04992902
7/4/2012,77.03569353
7/5/2012,77.02145805
7/6/2012,77.00722256
7/7/2012,76.99298707
7/8/2012,76.97875158
7/9/2012,76.9645161
7/10/2012,76.95028061
7/11/2012,76.93604513
7/12/2012,76.92180964
7/13/2012,76.90757415
7/14/2012,76.89333867
7/15/2012,76.87910319
7/16/2012,76.8648677
7/17/2012,76.85063222
7/18/2012,76.83639673
7/19/2012,76.82216125
7/20/2012,76.80792577
7/21/2012,76.79369029
7/22/2012,76.7794548
7/23/2012,76.76521932
7/24/2012,76.75098384
7/25/2012,76.73674836
7/26/2012,76.72251288
7/27/2012,76.7082774
7/28/2012,76.69404192
7/29/2012,76.67980644
7/30/2012,76.66557096
7/31/2012,76.65133548
8/1/2012,76.6371
8/2/2012,76.63161612
8/3/2012,76.62613225
8/4/2012,76.62064837
8/5/2012,76.6151645
8/6/2012,76.60968062
8/7/2012,76.60419675
8/8/2012,76.59871288
8/9/2012,76.593229
8/10/2012,76.58774513
8/11/2012,76.58226126
8/12/2012,76.57677739
8/13/2012,76.57129351
8/14/2012,76.56580964
8/15/2012,76.56032577
8/16/2012,76.5548419
8/17/2012,76.54935803
8/18/2012,76.54387416
8/19/2012,76.53839029
8/20/2012,76.53290642
8/21/2012,76.52742255
8/22/2012,76.52193868
8/23/2012,76.51645481
8/24/2012,76.51097094
8/25/2012,76.50548707
8/26/2012,76.5000032
8/27/2012,76.49451933
8/28/2012,76.48903547
8/29/2012,76.4835516
8/30/2012,76.47806773
8/31/2012,76.47258387
9/1/2012,76.4671
9/2/2012,76.47093666
9/3/2012,76.47477332
9/4/2012,76.47860999
9/5/2012,76.48244665
9/6/2012,76.48628331
9/7/2012,76.49011998
9/8/2012,76.49395664
9/9/2012,76.49779331
9/10/2012,76.50162997
9/11/2012,76.50546664
9/12/2012,76.5093033
9/13/2012,76.51313997
9/14/2012,76.51697663
9/15/2012,76.5208133
9/16/2012,76.52464997
9/17/2012,76.52848663
9/18/2012,76.5323233
9/19/2012,76.53615997
9/20/2012,76.53999663
9/21/2012,76.5438333
9/22/2012,76.54766997
9/23/2012,76.55150664
9/24/2012,76.55534331
9/25/2012,76.55917998
9/26/2012,76.56301665
9/27/2012,76.56685332
9/28/2012,76.57068999
9/29/2012,76.57452666
9/30/2012,76.57836333
10/1/2012,76.5822
10/2/2012,76.58964516
10/3/2012,76.59709031
10/4/2012,76.60453547
10/5/2012,76.61198063
10/6/2012,76.61942579
10/7/2012,76.62687094
10/8/2012,76.6343161
10/9/2012,76.64176126
10/10/2012,76.64920642
10/11/2012,76.65665158
10/12/2012,76.66409674
10/13/2012,76.6715419
10/14/2012,76.67898706
10/15/2012,76.68643222
10/16/2012,76.69387738
10/17/2012,76.70132254
10/18/2012,76.7087677
10/19/2012,76.71621287
10/20/2012,76.72365803
10/21/2012,76.73110319
10/22/2012,76.73854835
10/23/2012,76.74599352
10/24/2012,76.75343868
10/25/2012,76.76088384
10/26/2012,76.76832901
10/27/2012,76.77577417
10/28/2012,76.78321934
10/29/2012,76.7906645
10/30/2012,76.79810967
10/31/2012,76.80555483
11/1/2012,76.813
11/2/2012,76.81505
11/3/2012,76.81709999
11/4/2012,76.81914999
11/5/2012,76.82119998
11/6/2012,76.82324998
11/7/2012,76.82529998
11/8/2012,76.82734997
11/9/2012,76.82939997
11/10/2012,76.83144997
11/11/2012,76.83349997
11/12/2012,76.83554996
11/13/2012,76.83759996
11/14/2012,76.83964996
11/15/2012,76.84169996
11/16/2012,76.84374996
11/17/2012,76.84579996
11/18/2012,76.84784996
11/19/2012,76.84989996
11/20/2012,76.85194996
11/21/2012,76.85399997
11/22/2012,76.85604997
11/23/2012,76.85809997
11/24/2012,76.86014997
11/25/2012,76.86219998
11/26/2012,76.86424998
11/27/2012,76.86629998
11/28/2012,76.86834999
11/29/2012,76.87039999
11/30/2012,76.87245
12/1/2012,76.8745
12/2/2012,76.86971612
12/3/2012,76.86493225
12/4/2012,76.86014837
12/5/2012,76.8553645
12/6/2012,76.85058062
12/7/2012,76.84579675
12/8/2012,76.84101287
12/9/2012,76.836229
12/10/2012,76.83144513
12/11/2012,76.82666125
12/12/2012,76.82187738
12/13/2012,76.81709351
12/14/2012,76.81230964
12/15/2012,76.80752577
12/16/2012,76.8027419
12/17/2012,76.79795802
12/18/2012,76.79317415
12/19/2012,76.78839028
12/20/2012,76.78360641
12/21/2012,76.77882254
12/22/2012,76.77403867
12/23/2012,76.76925481
12/24/2012,76.76447094
12/25/2012,76.75968707
12/26/2012,76.7549032
12/27/2012,76.75011933
12/28/2012,76.74533547
12/29/2012,76.7405516
12/30/2012,76.73576773
12/31/2012,76.73098387
1/1/2013,76.7262
1/2/2013,76.73481935
1/3/2013,76.7434387
1/4/2013,76.75205805
1/5/2013,76.7606774
1/6/2013,76.76929675
1/7/2013,76.7779161
1/8/2013,76.78653546
1/9/2013,76.79515481
1/10/2013,76.80377416
1/11/2013,76.81239351
1/12/2013,76.82101287
1/13/2013,76.82963222
1/14/2013,76.83825157
1/15/2013,76.84687093
1/16/2013,76.85549028
1/17/2013,76.86410964
1/18/2013,76.87272899
1/19/2013,76.88134835
1/20/2013,76.8899677
1/21/2013,76.89858706
1/22/2013,76.90720642
1/23/2013,76.91582577
1/24/2013,76.92444513
1/25/2013,76.93306449
1/26/2013,76.94168385
1/27/2013,76.9503032
1/28/2013,76.95892256
1/29/2013,76.96754192
1/30/2013,76.97616128
1/31/2013,76.98478064
2/1/2013,76.9934
2/2/2013,77.00131071
2/3/2013,77.00922142
2/4/2013,77.01713213
2/5/2013,77.02504284
2/6/2013,77.03295355
2/7/2013,77.04086426
2/8/2013,77.04877497
2/9/2013,77.05668569
2/10/2013,77.0645964
2/11/2013,77.07250711
2/12/2013,77.08041782
2/13/2013,77.08832854
2/14/2013,77.09623925
2/15/2013,77.10414996
2/16/2013,77.11206068
2/17/2013,77.11997139
2/18/2013,77.12788211
2/19/2013,77.13579282
2/20/2013,77.14370354
2/21/2013,77.15161426
2/22/2013,77.15952497
2/23/2013,77.16743569
2/24/2013,77.17534641
2/25/2013,77.18325713
2/26/2013,77.19116784
2/27/2013,77.19907856
2/28/2013,77.20698928
3/1/2013,77.2149
3/2/2013,77.21018064
3/3/2013,77.20546128
3/4/2013,77.20074192
3/5/2013,77.19602256
3/6/2013,77.1913032
3/7/2013,77.18658384
3/8/2013,77.18186448
3/9/2013,77.17714513
3/10/2013,77.17242577
3/11/2013,77.16770641
3/12/2013,77.16298706
3/13/2013,77.1582677
3/14/2013,77.15354834
3/15/2013,77.14882899
3/16/2013,77.14410963
3/17/2013,77.13939028
3/18/2013,77.13467092
3/19/2013,77.12995157
3/20/2013,77.12523222
3/21/2013,77.12051286
3/22/2013,77.11579351
3/23/2013,77.11107416
3/24/2013,77.1063548
3/25/2013,77.10163545
3/26/2013,77.0969161
3/27/2013,77.09219675
3/28/2013,77.0874774
3/29/2013,77.08275805
3/30/2013,77.0780387
3/31/2013,77.07331935
4/1/2013,77.0686
4/2/2013,77.06775999
4/3/2013,77.06691999
4/4/2013,77.06607999
4/5/2013,77.06523998
4/6/2013,77.06439998
4/7/2013,77.06355997
4/8/2013,77.06271997
4/9/2013,77.06187997
4/10/2013,77.06103997
4/11/2013,77.06019996
4/12/2013,77.05935996
4/13/2013,77.05851996
4/14/2013,77.05767996
4/15/2013,77.05683996
4/16/2013,77.05599996
4/17/2013,77.05515996
4/18/2013,77.05431996
4/19/2013,77.05347996
4/20/2013,77.05263996
4/21/2013,77.05179996
4/22/2013,77.05095997
4/23/2013,77.05011997
4/24/2013,77.04927997
4/25/2013,77.04843997
4/26/2013,77.04759998
4/27/2013,77.04675998
4/28/2013,77.04591999
4/29/2013,77.04507999
4/30/2013,77.04423999
5/1/2013,77.0434
5/2/2013,77.04414516
5/3/2013,77.04489031
5/4/2013,77.04563547
5/5/2013,77.04638063
5/6/2013,77.04712578
5/7/2013,77.04787094
5/8/2013,77.0486161
5/9/2013,77.04936126
5/10/2013,77.05010642
5/11/2013,77.05085158
5/12/2013,77.05159673
5/13/2013,77.05234189
5/14/2013,77.05308705
5/15/2013,77.05383222
5/16/2013,77.05457738
5/17/2013,77.05532254
5/18/2013,77.0560677
5/19/2013,77.05681286
5/20/2013,77.05755802
5/21/2013,77.05830319
5/22/2013,77.05904835
5/23/2013,77.05979351
5/24/2013,77.06053868
5/25/2013,77.06128384
5/26/2013,77.06202901
5/27/2013,77.06277417
5/28/2013,77.06351934
5/29/2013,77.0642645
5/30/2013,77.06500967
5/31/2013,77.06575483
6/1/2013,77.0665
6/2/2013,77.05663666
6/3/2013,77.04677332
6/4/2013,77.03690999
6/5/2013,77.02704665
6/6/2013,77.01718331
6/7/2013,77.00731997
6/8/2013,76.99745664
6/9/2013,76.9875933
6/10/2013,76.97772997
6/11/2013,76.96786663
6/12/2013,76.9580033
6/13/2013,76.94813996
6/14/2013,76.93827663
6/15/2013,76.92841329
6/16/2013,76.91854996
6/17/2013,76.90868663
6/18/2013,76.8988233
6/19/2013,76.88895996
6/20/2013,76.87909663
6/21/2013,76.8692333
6/22/2013,76.85936997
6/23/2013,76.84950664
6/24/2013,76.83964331
6/25/2013,76.82977998
6/26/2013,76.81991665
6/27/2013,76.81005332
6/28/2013,76.80018999
6/29/2013,76.79032666
6/30/2013,76.78046333
7/1/2013,76.7706
7/2/2013,76.78288709
7/3/2013,76.79517418
7/4/2013,76.80746128
7/5/2013,76.81974837
7/6/2013,76.83203546
7/7/2013,76.84432255
7/8/2013,76.85660965
7/9/2013,76.86889674
7/10/2013,76.88118384
7/11/2013,76.89347093
7/12/2013,76.90575803
7/13/2013,76.91804512
7/14/2013,76.93033222
7/15/2013,76.94261931
7/16/2013,76.95490641
7/17/2013,76.96719351
7/18/2013,76.9794806
7/19/2013,76.9917677
7/20/2013,77.0040548
7/21/2013,77.0163419
7/22/2013,77.028629
7/23/2013,77.04091609
7/24/2013,77.05320319
7/25/2013,77.06549029
7/26/2013,77.07777739
7/27/2013,77.09006449
7/28/2013,77.10235159
7/29/2013,77.11463869
7/30/2013,77.1269258
7/31/2013,77.1392129
8/1/2013,77.1515
8/2/2013,77.16333225
8/3/2013,77.1751645
8/4/2013,77.18699676
8/5/2013,77.19882901
8/6/2013,77.21066127
8/7/2013,77.22249352
8/8/2013,77.23432577
8/9/2013,77.24615803
8/10/2013,77.25799028
8/11/2013,77.26982254
8/12/2013,77.2816548
8/13/2013,77.29348705
8/14/2013,77.30531931
8/15/2013,77.31715157
8/16/2013,77.32898382
8/17/2013,77.34081608
8/18/2013,77.35264834
8/19/2013,77.3644806
8/20/2013,77.37631286
8/21/2013,77.38814512
8/22/2013,77.39997738
8/23/2013,77.41180964
8/24/2013,77.4236419
8/25/2013,77.43547416
8/26/2013,77.44730642
8/27/2013,77.45913868
8/28/2013,77.47097095
8/29/2013,77.48280321
8/30/2013,77.49463547
8/31/2013,77.50646774
9/1/2013,77.5183
9/2/2013,77.51259333
9/3/2013,77.50688666
9/4/2013,77.50117998
9/5/2013,77.49547331
9/6/2013,77.48976664
9/7/2013,77.48405997
9/8/2013,77.4783533
9/9/2013,77.47264663
9/10/2013,77.46693996
9/11/2013,77.46123329
9/12/2013,77.45552662
9/13/2013,77.44981996
9/14/2013,77.44411329
9/15/2013,77.43840662
9/16/2013,77.43269996
9/17/2013,77.42699329
9/18/2013,77.42128662
9/19/2013,77.41557996
9/20/2013,77.40987329
9/21/2013,77.40416663
9/22/2013,77.39845996
9/23/2013,77.3927533
9/24/2013,77.38704663
9/25/2013,77.38133997
9/26/2013,77.37563331
9/27/2013,77.36992665
9/28/2013,77.36421998
9/29/2013,77.35851332
9/30/2013,77.35280666
10/1/2013,77.3471
10/2/2013,77.35160967
10/3/2013,77.35611934
10/4/2013,77.36062902
10/5/2013,77.36513869
10/6/2013,77.36964836
10/7/2013,77.37415803
10/8/2013,77.37866771
10/9/2013,77.38317738
10/10/2013,77.38768706
10/11/2013,77.39219673
10/12/2013,77.39670641
10/13/2013,77.40121608
10/14/2013,77.40572576
10/15/2013,77.41023544
10/16/2013,77.41474511
10/17/2013,77.41925479
10/18/2013,77.42376447
10/19/2013,77.42827415
10/20/2013,77.43278383
10/21/2013,77.4372935
10/22/2013,77.44180318
10/23/2013,77.44631286
10/24/2013,77.45082254
10/25/2013,77.45533222
10/26/2013,77.45984191
10/27/2013,77.46435159
10/28/2013,77.46886127
10/29/2013,77.47337095
10/30/2013,77.47788063
10/31/2013,77.48239032
11/1/2013,77.4869
11/2/2013,77.48976999
11/3/2013,77.49263999
11/4/2013,77.49550998
11/5/2013,77.49837998
11/6/2013,77.50124997
11/7/2013,77.50411997
11/8/2013,77.50698997
11/9/2013,77.50985996
11/10/2013,77.51272996
11/11/2013,77.51559996
11/12/2013,77.51846996
11/13/2013,77.52133996
11/14/2013,77.52420995
11/15/2013,77.52707995
11/16/2013,77.52994995
11/17/2013,77.53281995
11/18/2013,77.53568995
11/19/2013,77.53855996
11/20/2013,77.54142996
11/21/2013,77.54429996
11/22/2013,77.54716996
11/23/2013,77.55003996
11/24/2013,77.55290997
11/25/2013,77.55577997
11/26/2013,77.55864997
11/27/2013,77.56151998
11/28/2013,77.56438998
11/29/2013,77.56725999
11/30/2013,77.57012999
12/1/2013,77.573
12/2/2013,77.56286128
12/3/2013,77.55272257
12/4/2013,77.54258385
12/5/2013,77.53244514
12/6/2013,77.52230643
12/7/2013,77.51216771
12/8/2013,77.502029
12/9/2013,77.49189029
12/10/2013,77.48175157
12/11/2013,77.47161286
12/12/2013,77.46147415
12/13/2013,77.45133544
12/14/2013,77.44119673
12/15/2013,77.43105802
12/16/2013,77.42091931
12/17/2013,77.4107806
12/18/2013,77.40064189
12/19/2013,77.39050318
12/20/2013,77.38036447
12/21/2013,77.37022576
12/22/2013,77.36008706
12/23/2013,77.34994835
12/24/2013,77.33980964
12/25/2013,77.32967093
12/26/2013,77.31953223
12/27/2013,77.30939352
12/28/2013,77.29925482
12/29/2013,77.28911611
12/30/2013,77.27897741
12/31/2013,77.2688387
1/1/2014,77.2587
1/2/2014,77.27549032
1/3/2014,77.29228063
1/4/2014,77.30907095
1/5/2014,77.32586127
1/6/2014,77.34265159
1/7/2014,77.35944191
1/8/2014,77.37623222
1/9/2014,77.39302254
1/10/2014,77.40981286
1/11/2014,77.42660318
1/12/2014,77.4433935
1/13/2014,77.46018382
1/14/2014,77.47697415
1/15/2014,77.49376447
1/16/2014,77.51055479
1/17/2014,77.52734511
1/18/2014,77.54413544
1/19/2014,77.56092576
1/20/2014,77.57771608
1/21/2014,77.59450641
1/22/2014,77.61129673
1/23/2014,77.62808706
1/24/2014,77.64487738
1/25/2014,77.66166771
1/26/2014,77.67845803
1/27/2014,77.69524836
1/28/2014,77.71203869
1/29/2014,77.72882901
1/30/2014,77.74561934
1/31/2014,77.76240967
2/1/2014,77.7792
2/2/2014,77.80409642
2/3/2014,77.82899285
2/4/2014,77.85388927
2/5/2014,77.87878569
2/6/2014,77.90368212
2/7/2014,77.92857854
2/8/2014,77.95347497
2/9/2014,77.97837139
2/10/2014,78.00326782
2/11/2014,78.02816424
2/12/2014,78.05306067
2/13/2014,78.0779571
2/14/2014,78.10285353
2/15/2014,78.12774995
2/16/2014,78.15264638
2/17/2014,78.17754281
2/18/2014,78.20243924
2/19/2014,78.22733567
2/20/2014,78.2522321
2/21/2014,78.27712853
2/22/2014,78.30202497
2/23/2014,78.3269214
2/24/2014,78.35181783
2/25/2014,78.37671426
2/26/2014,78.4016107
2/27/2014,78.42650713
2/28/2014,78.45140356
3/1/2014,78.4763
3/2/2014,78.47548386
3/3/2014,78.47466773
3/4/2014,78.47385159
3/5/2014,78.47303546
3/6/2014,78.47221932
3/7/2014,78.47140319
3/8/2014,78.47058705
3/9/2014,78.46977092
3/10/2014,78.46895479
3/11/2014,78.46813866
3/12/2014,78.46732253
3/13/2014,78.46650639
3/14/2014,78.46569026
3/15/2014,78.46487413
3/16/2014,78.464058
3/17/2014,78.46324188
3/18/2014,78.46242575
3/19/2014,78.46160962
3/20/2014,78.46079349
3/21/2014,78.45997736
3/22/2014,78.45916124
3/23/2014,78.45834511
3/24/2014,78.45752899
3/25/2014,78.45671286
3/26/2014,78.45589674
3/27/2014,78.45508061
3/28/2014,78.45426449
3/29/2014,78.45344837
3/30/2014,78.45263224
3/31/2014,78.45181612
4/1/2014,78.451
4/2/2014,78.45882333
4/3/2014,78.46664665
4/4/2014,78.47446998
4/5/2014,78.48229331
4/6/2014,78.49011663
4/7/2014,78.49793996
4/8/2014,78.50576329
4/9/2014,78.51358662
4/10/2014,78.52140995
4/11/2014,78.52923328
4/12/2014,78.53705661
4/13/2014,78.54487994
4/14/2014,78.55270328
4/15/2014,78.56052661
4/16/2014,78.56834994
4/17/2014,78.57617328
4/18/2014,78.58399661
4/19/2014,78.59181994
4/20/2014,78.59964328
4/21/2014,78.60746662
4/22/2014,78.61528995
4/23/2014,78.62311329
4/24/2014,78.63093663
4/25/2014,78.63875996
4/26/2014,78.6465833
4/27/2014,78.65440664
4/28/2014,78.66222998
4/29/2014,78.67005332
4/30/2014,78.67787666
5/1/2014,78.6857
5/2/2014,78.69163225
5/3/2014,78.6975645
5/4/2014,78.70349675
5/5/2014,78.709429
5/6/2014,78.71536126
5/7/2014,78.72129351
5/8/2014,78.72722576
5/9/2014,78.73315802
5/10/2014,78.73909027
5/11/2014,78.74502252
5/12/2014,78.75095478
5/13/2014,78.75688704
5/14/2014,78.76281929
5/15/2014,78.76875155
5/16/2014,78.77468381
5/17/2014,78.78061607
5/18/2014,78.78654832
5/19/2014,78.79248058
5/20/2014,78.79841284
5/21/2014,78.8043451
5/22/2014,78.81027736
5/23/2014,78.81620962
5/24/2014,78.82214189
5/25/2014,78.82807415
5/26/2014,78.83400641
5/27/2014,78.83993867
5/28/2014,78.84587094
5/29/2014,78.8518032
5/30/2014,78.85773547
5/31/2014,78.86366773
6/1/2014,78.8696
6/2/2014,78.87391666
6/3/2014,78.87823332
6/4/2014,78.88254998
6/5/2014,78.88686664
6/6/2014,78.8911833
6/7/2014,78.89549996
6/8/2014,78.89981662
6/9/2014,78.90413329
6/10/2014,78.90844995
6/11/2014,78.91276661
6/12/2014,78.91708328
6/13/2014,78.92139994
6/14/2014,78.92571661
6/15/2014,78.93003327
6/16/2014,78.93434994
6/17/2014,78.93866661
6/18/2014,78.94298327
6/19/2014,78.94729994
6/20/2014,78.95161661
6/21/2014,78.95593328
6/22/2014,78.96024995
6/23/2014,78.96456662
6/24/2014,78.96888329
6/25/2014,78.97319996
6/26/2014,78.97751663
6/27/2014,78.9818333
6/28/2014,78.98614998
6/29/2014,78.99046665
6/30/2014,78.99478333
7/1/2014,78.9991
7/2/2014,78.99141935
7/3/2014,78.98373869
7/4/2014,78.97605804
7/5/2014,78.96837739
7/6/2014,78.96069674
7/7/2014,78.95301609
7/8/2014,78.94533544
7/9/2014,78.93765479
7/10/2014,78.92997414
7/11/2014,78.92229349
7/12/2014,78.91461284
7/13/2014,78.9069322
7/14/2014,78.89925155
7/15/2014,78.8915709
7/16/2014,78.88389026
7/17/2014,78.87620961
7/18/2014,78.86852897
7/19/2014,78.86084832
7/20/2014,78.85316768
7/21/2014,78.84548704
7/22/2014,78.83780639
7/23/2014,78.83012575
7/24/2014,78.82244511
7/25/2014,78.81476447
7/26/2014,78.80708383
7/27/2014,78.79940319
7/28/2014,78.79172255
7/29/2014,78.78404191
7/30/2014,78.77636127
7/31/2014,78.76868064
8/1/2014,78.761
8/2/2014,78.76669031
8/3/2014,78.77238063
8/4/2014,78.77807095
8/5/2014,78.78376126
8/6/2014,78.78945158
8/7/2014,78.7951419
8/8/2014,78.80083221
8/9/2014,78.80652253
8/10/2014,78.81221285
8/11/2014,78.81790317
8/12/2014,78.82359349
8/13/2014,78.82928381
8/14/2014,78.83497413
8/15/2014,78.84066445
8/16/2014,78.84635477
8/17/2014,78.8520451
8/18/2014,78.85773542
8/19/2014,78.86342574
8/20/2014,78.86911607
8/21/2014,78.87480639
8/22/2014,78.88049672
8/23/2014,78.88618704
8/24/2014,78.89187737
8/25/2014,78.8975677
8/26/2014,78.90325802
8/27/2014,78.90894835
8/28/2014,78.91463868
8/29/2014,78.92032901
8/30/2014,78.92601934
8/31/2014,78.93170967
9/1/2014,78.9374
9/2/2014,78.93493999
9/3/2014,78.93247998
9/4/2014,78.93001998
9/5/2014,78.92755997
9/6/2014,78.92509997
9/7/2014,78.92263996
9/8/2014,78.92017996
9/9/2014,78.91771995
9/10/2014,78.91525995
9/11/2014,78.91279995
9/12/2014,78.91033994
9/13/2014,78.90787994
9/14/2014,78.90541994
9/15/2014,78.90295994
9/16/2014,78.90049994
9/17/2014,78.89803994
9/18/2014,78.89557994
9/19/2014,78.89311994
9/20/2014,78.89065994
9/21/2014,78.88819995
9/22/2014,78.88573995
9/23/2014,78.88327995
9/24/2014,78.88081996
9/25/2014,78.87835996
9/26/2014,78.87589997
9/27/2014,78.87343997
9/28/2014,78.87097998
9/29/2014,78.86851998
9/30/2014,78.86605999
10/1/2014,78.8636
10/2/2014,78.87796773
10/3/2014,78.89233547
10/4/2014,78.9067032
10/5/2014,78.92107094
10/6/2014,78.93543867
10/7/2014,78.94980641
10/8/2014,78.96417415
10/9/2014,78.97854188
10/10/2014,78.99290962
10/11/2014,79.00727736
10/12/2014,79.0216451
10/13/2014,79.03601284
10/14/2014,79.05038058
10/15/2014,79.06474832
10/16/2014,79.07911606
10/17/2014,79.0934838
10/18/2014,79.10785155
10/19/2014,79.12221929
10/20/2014,79.13658703
10/21/2014,79.15095478
10/22/2014,79.16532252
10/23/2014,79.17969027
10/24/2014,79.19405801
10/25/2014,79.20842576
10/26/2014,79.22279351
10/27/2014,79.23716125
10/28/2014,79.251529
10/29/2014,79.26589675
10/30/2014,79.2802645
10/31/2014,79.29463225
11/1/2014,79.309
11/2/2014,79.30547999
11/3/2014,79.30195998
11/4/2014,79.29843998
11/5/2014,79.29491997
11/6/2014,79.29139996
11/7/2014,79.28787996
11/8/2014,79.28435995
11/9/2014,79.28083995
11/10/2014,79.27731995
11/11/2014,79.27379994
11/12/2014,79.27027994
11/13/2014,79.26675994
11/14/2014,79.26323994
11/15/2014,79.25971993
11/16/2014,79.25619993
11/17/2014,79.25267993
11/18/2014,79.24915994
11/19/2014,79.24563994
11/20/2014,79.24211994
11/21/2014,79.23859994
11/22/2014,79.23507995
11/23/2014,79.23155995
11/24/2014,79.22803995
11/25/2014,79.22451996
11/26/2014,79.22099996
11/27/2014,79.21747997
11/28/2014,79.21395998
11/29/2014,79.21043998
11/30/2014,79.20691999
12/1/2014,79.2034
12/2/2014,79.1826258
12/3/2014,79.1618516
12/4/2014,79.1410774
12/5/2014,79.1203032
12/6/2014,79.099529
12/7/2014,79.0787548
12/8/2014,79.0579806
12/9/2014,79.0372064
12/10/2014,79.0164322
12/11/2014,78.99565801
12/12/2014,78.97488381
12/13/2014,78.95410962
12/14/2014,78.93333542
12/15/2014,78.91256123
12/16/2014,78.89178703
12/17/2014,78.87101284
12/18/2014,78.85023865
12/19/2014,78.82946445
12/20/2014,78.80869026
12/21/2014,78.78791607
12/22/2014,78.76714188
12/23/2014,78.74636769
12/24/2014,78.7255935
12/25/2014,78.70481931
12/26/2014,78.68404512
12/27/2014,78.66327093
12/28/2014,78.64249675
12/29/2014,78.62172256
12/30/2014,78.60094837
12/31/2014,78.58017419
1/1/2015,78.5594
1/2/2015,78.54278709
1/3/2015,78.52617418
1/4/2015,78.50956127
1/5/2015,78.49294836
1/6/2015,78.47633545
1/7/2015,78.45972254
1/8/2015,78.44310964
1/9/2015,78.42649673
1/10/2015,78.40988382
1/11/2015,78.39327092
1/12/2015,78.37665801
1/13/2015,78.36004511
1/14/2015,78.3434322
1/15/2015,78.3268193
1/16/2015,78.31020639
1/17/2015,78.29359349
1/18/2015,78.27698059
1/19/2015,78.26036769
1/20/2015,78.24375478
1/21/2015,78.22714188
1/22/2015,78.21052898
1/23/2015,78.19391608
1/24/2015,78.17730318
1/25/2015,78.16069028
1/26/2015,78.14407738
1/27/2015,78.12746448
1/28/2015,78.11085159
1/29/2015,78.09423869
1/30/2015,78.07762579
1/31/2015,78.0610129
2/1/2015,78.0444
2/2/2015,78.03409285
2/3/2015,78.0237857
2/4/2015,78.01347855
2/5/2015,78.00317141
2/6/2015,77.99286426
2/7/2015,77.98255711
2/8/2015,77.97224997
2/9/2015,77.96194282
2/10/2015,77.95163568
2/11/2015,77.94132853
2/12/2015,77.93102139
2/13/2015,77.92071424
2/14/2015,77.9104071
2/15/2015,77.90009996
2/16/2015,77.88979281
2/17/2015,77.87948567
2/18/2015,77.86917853
2/19/2015,77.85887139
2/20/2015,77.84856425
2/21/2015,77.83825711
2/22/2015,77.82794997
2/23/2015,77.81764283
2/24/2015,77.80733569
2/25/2015,77.79702855
2/26/2015,77.78672141
2/27/2015,77.77641427
2/28/2015,77.76610714
3/1/2015,77.7558
3/2/2015,77.7399258
3/3/2015,77.7240516
3/4/2015,77.7081774
3/5/2015,77.6923032
3/6/2015,77.67642901
3/7/2015,77.66055481
3/8/2015,77.64468061
3/9/2015,77.62880641
3/10/2015,77.61293222
3/11/2015,77.59705802
3/12/2015,77.58118383
3/13/2015,77.56530963
3/14/2015,77.54943544
3/15/2015,77.53356124
3/16/2015,77.51768705
3/17/2015,77.50181285
3/18/2015,77.48593866
3/19/2015,77.47006447
3/20/2015,77.45419028
3/21/2015,77.43831608
3/22/2015,77.42244189
3/23/2015,77.4065677
3/24/2015,77.39069351
3/25/2015,77.37481932
3/26/2015,77.35894513
3/27/2015,77.34307094
3/28/2015,77.32719675
3/29/2015,77.31132256
3/30/2015,77.29544838
3/31/2015,77.27957419
4/1/2015,77.2637
4/2/2015,77.25177333
4/3/2015,77.23984666
4/4/2015,77.22791999
4/5/2015,77.21599331
4/6/2015,77.20406664
4/7/2015,77.19213997
4/8/2015,77.1802133
4/9/2015,77.16828663
4/10/2015,77.15635997
4/11/2015,77.1444333
4/12/2015,77.13250663
4/13/2015,77.12057996
4/14/2015,77.10865329
4/15/2015,77.09672663
4/16/2015,77.08479996
4/17/2015,77.07287329
4/18/2015,77.06094663
4/19/2015,77.04901996
4/20/2015,77.0370933
4/21/2015,77.02516663
4/22/2015,77.01323997
4/23/2015,77.0013133
4/24/2015,76.98938664
4/25/2015,76.97745997
4/26/2015,76.96553331
4/27/2015,76.95360665
4/28/2015,76.94167999
4/29/2015,76.92975332
4/30/2015,76.91782666
5/1/2015,76.9059
5/2/2015,76.89738064
5/3/2015,76.88886128
5/4/2015,76.88034192
5/5/2015,76.87182256
5/6/2015,76.8633032
5/7/2015,76.85478385
5/8/2015,76.84626449
5/9/2015,76.83774513
5/10/2015,76.82922577
5/11/2015,76.82070642
5/12/2015,76.81218706
5/13/2015,76.8036677
5/14/2015,76.79514835
5/15/2015,76.78662899
5/16/2015,76.77810964
5/17/2015,76.76959028
5/18/2015,76.76107093
5/19/2015,76.75255157
5/20/2015,76.74403222
5/21/2015,76.73551287
5/22/2015,76.72699351
5/23/2015,76.71847416
5/24/2015,76.70995481
5/25/2015,76.70143546
5/26/2015,76.6929161
5/27/2015,76.68439675
5/28/2015,76.6758774
5/29/2015,76.66735805
5/30/2015,76.6588387
5/31/2015,76.65031935
6/1/2015,76.6418
6/2/2015,76.65896666
6/3/2015,76.67613332
6/4/2015,76.69329999
6/5/2015,76.71046665
6/6/2015,76.72763331
6/7/2015,76.74479998
6/8/2015,76.76196664
6/9/2015,76.7791333
6/10/2015,76.79629997
6/11/2015,76.81346663
6/12/2015,76.8306333
6/13/2015,76.84779996
6/14/2015,76.86496663
6/15/2015,76.88213329
6/16/2015,76.89929996
6/17/2015,76.91646663
6/18/2015,76.9336333
6/19/2015,76.95079996
6/20/2015,76.96796663
6/21/2015,76.9851333
6/22/2015,77.00229997
6/23/2015,77.01946664
6/24/2015,77.03663331
6/25/2015,77.05379997
6/26/2015,77.07096664
6/27/2015,77.08813332
6/28/2015,77.10529999
6/29/2015,77.12246666
6/30/2015,77.13963333
7/1/2015,77.1568
7/2/2015,77.15024516
7/3/2015,77.14369031
7/4/2015,77.13713547
7/5/2015,77.13058063
7/6/2015,77.12402578
7/7/2015,77.11747094
7/8/2015,77.1109161
7/9/2015,77.10436126
7/10/2015,77.09780642
7/11/2015,77.09125157
7/12/2015,77.08469673
7/13/2015,77.07814189
7/14/2015,77.07158705
7/15/2015,77.06503222
7/16/2015,77.05847738
7/17/2015,77.05192254
7/18/2015,77.0453677
7/19/2015,77.03881286
7/20/2015,77.03225802
7/21/2015,77.02570319
7/22/2015,77.01914835
7/23/2015,77.01259351
7/24/2015,77.00603868
7/25/2015,76.99948384
7/26/2015,76.99292901
7/27/2015,76.98637417
7/28/2015,76.97981934
7/29/2015,76.9732645
7/30/2015,76.96670967
7/31/2015,76.96015483
8/1/2015,76.9536
8/2/2015,76.94539032
8/3/2015,76.93718064
8/4/2015,76.92897095
8/5/2015,76.92076127
8/6/2015,76.91255159
8/7/2015,76.90434191
8/8/2015,76.89613223
8/9/2015,76.88792255
8/10/2015,76.87971287
8/11/2015,76.87150319
8/12/2015,76.86329351
8/13/2015,76.85508383
8/14/2015,76.84687415
8/15/2015,76.83866448
8/16/2015,76.8304548
8/17/2015,76.82224512
8/18/2015,76.81403544
8/19/2015,76.80582577
8/20/2015,76.79761609
8/21/2015,76.78940641
8/22/2015,76.78119674
8/23/2015,76.77298706
8/24/2015,76.76477739
8/25/2015,76.75656771
8/26/2015,76.74835804
8/27/2015,76.74014837
8/28/2015,76.73193869
8/29/2015,76.72372902
8/30/2015,76.71551935
8/31/2015,76.70730967
9/1/2015,76.6991
9/2/2015,76.68896666
9/3/2015,76.67883332
9/4/2015,76.66869999
9/5/2015,76.65856665
9/6/2015,76.64843331
9/7/2015,76.63829998
9/8/2015,76.62816664
9/9/2015,76.61803331
9/10/2015,76.60789997
9/11/2015,76.59776664
9/12/2015,76.5876333
9/13/2015,76.57749997
9/14/2015,76.56736663
9/15/2015,76.5572333
9/16/2015,76.54709997
9/17/2015,76.53696663
9/18/2015,76.5268333
9/19/2015,76.51669997
9/20/2015,76.50656663
9/21/2015,76.4964333
9/22/2015,76.48629997
9/23/2015,76.47616664
9/24/2015,76.46603331
9/25/2015,76.45589998
9/26/2015,76.44576665
9/27/2015,76.43563332
9/28/2015,76.42549999
9/29/2015,76.41536666
9/30/2015,76.40523333
10/1/2015,76.3951
10/2/2015,76.37688387
10/3/2015,76.35866773
10/4/2015,76.3404516
10/5/2015,76.32223547
10/6/2015,76.30401934
10/7/2015,76.28580321
10/8/2015,76.26758707
10/9/2015,76.24937094
10/10/2015,76.23115481
10/11/2015,76.21293868
10/12/2015,76.19472255
10/13/2015,76.17650642
10/14/2015,76.15829029
10/15/2015,76.14007416
10/16/2015,76.12185803
10/17/2015,76.1036419
10/18/2015,76.08542577
10/19/2015,76.06720965
10/20/2015,76.04899352
10/21/2015,76.03077739
10/22/2015,76.01256126
10/23/2015,75.99434514
10/24/2015,75.97612901
10/25/2015,75.95791288
10/26/2015,75.93969675
10/27/2015,75.92148063
10/28/2015,75.9032645
10/29/2015,75.88504838
10/30/2015,75.86683225
10/31/2015,75.84861613
11/1/2015,75.8304
11/2/2015,75.81585666
11/3/2015,75.80131333
11/4/2015,75.78676999
11/5/2015,75.77222666
11/6/2015,75.75768332
11/7/2015,75.74313998
11/8/2015,75.72859665
11/9/2015,75.71405331
11/10/2015,75.69950998
11/11/2015,75.68496664
11/12/2015,75.67042331
11/13/2015,75.65587998
11/14/2015,75.64133664
11/15/2015,75.62679331
11/16/2015,75.61224998
11/17/2015,75.59770664
11/18/2015,75.58316331
11/19/2015,75.56861998
11/20/2015,75.55407664
11/21/2015,75.53953331
11/22/2015,75.52498998
11/23/2015,75.51044665
11/24/2015,75.49590332
11/25/2015,75.48135998
11/26/2015,75.46681665
11/27/2015,75.45227332
11/28/2015,75.43772999
11/29/2015,75.42318666
11/30/2015,75.40864333
12/1/2015,75.3941
12/2/2015,75.41002258
12/3/2015,75.42594516
12/4/2015,75.44186773
12/5/2015,75.45779031
12/6/2015,75.47371289
12/7/2015,75.48963547
12/8/2015,75.50555805
12/9/2015,75.52148063
12/10/2015,75.5374032
12/11/2015,75.55332578
12/12/2015,75.56924836
12/13/2015,75.58517094
12/14/2015,75.60109352
12/15/2015,75.6170161
12/16/2015,75.63293868
12/17/2015,75.64886126
12/18/2015,75.66478384
12/19/2015,75.68070643
12/20/2015,75.69662901
12/21/2015,75.71255159
12/22/2015,75.72847417
12/23/2015,75.74439675
12/24/2015,75.76031933
12/25/2015,75.77624192
12/26/2015,75.7921645
12/27/2015,75.80808708
12/28/2015,75.82400967
12/29/2015,75.83993225
12/30/2015,75.85585483
12/31/2015,75.87177742
1/1/2016,75.8877
1/2/2016,75.87473225
1/3/2016,75.86176451
1/4/2016,75.84879676
1/5/2016,75.83582902
1/6/2016,75.82286128
1/7/2016,75.80989353
1/8/2016,75.79692579
1/9/2016,75.78395804
1/10/2016,75.7709903
1/11/2016,75.75802256
1/12/2016,75.74505481
1/13/2016,75.73208707
1/14/2016,75.71911933
1/15/2016,75.70615159
1/16/2016,75.69318384
1/17/2016,75.6802161
1/18/2016,75.66724836
1/19/2016,75.65428062
1/20/2016,75.64131288
1/21/2016,75.62834514
1/22/2016,75.6153774
1/23/2016,75.60240966
1/24/2016,75.58944192
1/25/2016,75.57647418
1/26/2016,75.56350644
1/27/2016,75.5505387
1/28/2016,75.53757096
1/29/2016,75.52460322
1/30/2016,75.51163548
1/31/2016,75.49866774
2/1/2016,75.4857
2/2/2016,75.46532069
2/3/2016,75.44494137
2/4/2016,75.42456206
2/5/2016,75.40418275
2/6/2016,75.38380344
2/7/2016,75.36342413
2/8/2016,75.34304481
2/9/2016,75.3226655
2/10/2016,75.30228619
2/11/2016,75.28190688
2/12/2016,75.26152757
2/13/2016,75.24114826
2/14/2016,75.22076895
2/15/2016,75.20038964
2/16/2016,75.18001033
2/17/2016,75.15963102
2/18/2016,75.13925171
2/19/2016,75.1188724
2/20/2016,75.09849309
2/21/2016,75.07811378
2/22/2016,75.05773447
2/23/2016,75.03735516
2/24/2016,75.01697585
2/25/2016,74.99659654
2/26/2016,74.97621723
2/27/2016,74.95583792
2/28/2016,74.93545862
2/29/2016,74.91507931
3/1/2016,74.8947
3/2/2016,74.90095484
3/3/2016,74.90720967
3/4/2016,74.91346451
3/5/2016,74.91971935
3/6/2016,74.92597418
3/7/2016,74.93222902
3/8/2016,74.93848386
3/9/2016,74.9447387
3/10/2016,74.95099353
3/11/2016,74.95724837
3/12/2016,74.96350321
3/13/2016,74.96975805
3/14/2016,74.97601289
3/15/2016,74.98226772
3/16/2016,74.98852256
3/17/2016,74.9947774
3/18/2016,75.00103224
3/19/2016,75.00728708
3/20/2016,75.01354192
3/21/2016,75.01979676
3/22/2016,75.0260516
3/23/2016,75.03230644
3/24/2016,75.03856128
3/25/2016,75.04481612
3/26/2016,75.05107096
3/27/2016,75.0573258
3/28/2016,75.06358064
3/29/2016,75.06983548
3/30/2016,75.07609032
3/31/2016,75.08234516
4/1/2016,75.0886
4/2/2016,75.0835
4/3/2016,75.0784
4/4/2016,75.07329999
4/5/2016,75.06819999
4/6/2016,75.06309999
4/7/2016,75.05799999
4/8/2016,75.05289999
4/9/2016,75.04779999
4/10/2016,75.04269999
4/11/2016,75.03759998
4/12/2016,75.03249998
4/13/2016,75.02739998
4/14/2016,75.02229998
4/15/2016,75.01719998
4/16/2016,75.01209998
4/17/2016,75.00699998
4/18/2016,75.00189998
4/19/2016,74.99679998
4/20/2016,74.99169998
4/21/2016,74.98659998
4/22/2016,74.98149999
4/23/2016,74.97639999
4/24/2016,74.97129999
4/25/2016,74.96619999
4/26/2016,74.96109999
4/27/2016,74.95599999
4/28/2016,74.95089999
4/29/2016,74.9458
4/30/2016,74.9407
5/1/2016,74.9356
5/2/2016,74.94555484
5/3/2016,74.95550967
5/4/2016,74.96546451
5/5/2016,74.97541935
5/6/2016,74.98537418
5/7/2016,74.99532902
5/8/2016,75.00528386
5/9/2016,75.01523869
5/10/2016,75.02519353
5/11/2016,75.03514837
5/12/2016,75.04510321
5/13/2016,75.05505805
5/14/2016,75.06501288
5/15/2016,75.07496772
5/16/2016,75.08492256
5/17/2016,75.0948774
5/18/2016,75.10483224
5/19/2016,75.11478708
5/20/2016,75.12474192
5/21/2016,75.13469676
5/22/2016,75.1446516
5/23/2016,75.15460644
5/24/2016,75.16456127
5/25/2016,75.17451611
5/26/2016,75.18447096
5/27/2016,75.1944258
5/28/2016,75.20438064
5/29/2016,75.21433548
5/30/2016,75.22429032
5/31/2016,75.23424516
6/1/2016,75.2442
6/2/2016,75.24800333
6/3/2016,75.25180666
6/4/2016,75.25560999
6/5/2016,75.25941332
6/6/2016,75.26321666
6/7/2016,75.26701999
6/8/2016,75.27082332
6/9/2016,75.27462665
6/10/2016,75.27842998
6/11/2016,75.28223331
6/12/2016,75.28603665
6/13/2016,75.28983998
6/14/2016,75.29364331
6/15/2016,75.29744665
6/16/2016,75.30124998
6/17/2016,75.30505331
6/18/2016,75.30885665
6/19/2016,75.31265998
6/20/2016,75.31646331
6/21/2016,75.32026665
6/22/2016,75.32406998
6/23/2016,75.32787332
6/24/2016,75.33167665
6/25/2016,75.33547999
6/26/2016,75.33928332
6/27/2016,75.34308666
6/28/2016,75.34688999
6/29/2016,75.35069333
6/30/2016,75.35449666
7/1/2016,75.3583
7/2/2016,75.35328709
7/3/2016,75.34827419
7/4/2016,75.34326128
7/5/2016,75.33824838
7/6/2016,75.33323547
7/7/2016,75.32822257
7/8/2016,75.32320966
7/9/2016,75.31819676
7/10/2016,75.31318385
7/11/2016,75.30817095
7/12/2016,75.30315804
7/13/2016,75.29814514
7/14/2016,75.29313224
7/15/2016,75.28811933
7/16/2016,75.28310643
7/17/2016,75.27809353
7/18/2016,75.27308062
7/19/2016,75.26806772
7/20/2016,75.26305482
7/21/2016,75.25804192
7/22/2016,75.25302901
7/23/2016,75.24801611
7/24/2016,75.24300321
7/25/2016,75.23799031
7/26/2016,75.23297741
7/27/2016,75.2279645
7/28/2016,75.2229516
7/29/2016,75.2179387
7/30/2016,75.2129258
7/31/2016,75.2079129
8/1/2016,75.2029
8/2/2016,75.19935484
8/3/2016,75.19580967
8/4/2016,75.19226451
8/5/2016,75.18871935
8/6/2016,75.18517418
8/7/2016,75.18162902
8/8/2016,75.17808386
8/9/2016,75.17453869
8/10/2016,75.17099353
8/11/2016,75.16744837
8/12/2016,75.16390321
8/13/2016,75.16035805
8/14/2016,75.15681288
8/15/2016,75.15326772
8/16/2016,75.14972256
8/17/2016,75.1461774
8/18/2016,75.14263224
8/19/2016,75.13908708
8/20/2016,75.13554192
8/21/2016,75.13199676
8/22/2016,75.1284516
8/23/2016,75.12490643
8/24/2016,75.12136127
8/25/2016,75.11781611
8/26/2016,75.11427096
8/27/2016,75.1107258
8/28/2016,75.10718064
8/29/2016,75.10363548
8/30/2016,75.10009032
8/31/2016,75.09654516
9/1/2016,75.093
9/2/2016,75.09418333
9/3/2016,75.09536666
9/4/2016,75.09654999
9/5/2016,75.09773332
9/6/2016,75.09891666
9/7/2016,75.10009999
9/8/2016,75.10128332
9/9/2016,75.10246665
9/10/2016,75.10364998
9/11/2016,75.10483332
9/12/2016,75.10601665
9/13/2016,75.10719998
9/14/2016,75.10838331
9/15/2016,75.10956665
9/16/2016,75.11074998
9/17/2016,75.11193331
9/18/2016,75.11311665
9/19/2016,75.11429998
9/20/2016,75.11548332
9/21/2016,75.11666665
9/22/2016,75.11784998
9/23/2016,75.11903332
9/24/2016,75.12021665
9/25/2016,75.12139999
9/26/2016,75.12258332
9/27/2016,75.12376666
9/28/2016,75.12494999
9/29/2016,75.12613333
9/30/2016,75.12731666
10/1/2016,75.1285
10/2/2016,75.11749677
10/3/2016,75.10649354
10/4/2016,75.09549032
10/5/2016,75.08448709
10/6/2016,75.07348386
10/7/2016,75.06248063
10/8/2016,75.05147741
10/9/2016,75.04047418
10/10/2016,75.02947095
10/11/2016,75.01846773
10/12/2016,75.0074645
10/13/2016,74.99646127
10/14/2016,74.98545805
10/15/2016,74.97445482
10/16/2016,74.96345159
10/17/2016,74.95244837
10/18/2016,74.94144514
10/19/2016,74.93044192
10/20/2016,74.91943869
10/21/2016,74.90843547
10/22/2016,74.89743224
10/23/2016,74.88642902
10/24/2016,74.87542579
10/25/2016,74.86442257
10/26/2016,74.85341934
10/27/2016,74.84241612
10/28/2016,74.8314129
10/29/2016,74.82040967
10/30/2016,74.80940645
10/31/2016,74.79840322
11/1/2016,74.7874
11/2/2016,74.80448666
11/3/2016,74.82157333
11/4/2016,74.83865999
11/5/2016,74.85574666
11/6/2016,74.87283332
11/7/2016,74.88991999
11/8/2016,74.90700665
11/9/2016,74.92409332
11/10/2016,74.94117999
11/11/2016,74.95826665
11/12/2016,74.97535332
11/13/2016,74.99243998
11/14/2016,75.00952665
11/15/2016,75.02661332
11/16/2016,75.04369998
11/17/2016,75.06078665
11/18/2016,75.07787332
11/19/2016,75.09495998
11/20/2016,75.11204665
11/21/2016,75.12913332
11/22/2016,75.14621998
11/23/2016,75.16330665
11/24/2016,75.18039332
11/25/2016,75.19747999
11/26/2016,75.21456666
11/27/2016,75.23165332
11/28/2016,75.24873999
11/29/2016,75.26582666
11/30/2016,75.28291333
12/1/2016,75.3
12/2/2016,75.29679355
12/3/2016,75.29358709
12/4/2016,75.29038064
12/5/2016,75.28717418
12/6/2016,75.28396773
12/7/2016,75.28076128
12/8/2016,75.27755482
12/9/2016,75.27434837
12/10/2016,75.27114192
12/11/2016,75.26793546
12/12/2016,75.26472901
12/13/2016,75.26152256
12/14/2016,75.25831611
12/15/2016,75.25510966
12/16/2016,75.2519032
12/17/2016,75.24869675
12/18/2016,75.2454903
12/19/2016,75.24228385
12/20/2016,75.2390774
12/21/2016,75.23587095
12/22/2016,75.2326645
12/23/2016,75.22945805
12/24/2016,75.2262516
12/25/2016,75.22304515
12/26/2016,75.2198387
12/27/2016,75.21663225
12/28/2016,75.2134258
12/29/2016,75.21021935
12/30/2016,75.2070129
12/31/2016,75.20380645
1/1/2017,75.2006
1/2/2017,75.19225161
1/3/2017,75.18390322
1/4/2017,75.17555483
1/5/2017,75.16720644
1/6/2017,75.15885805
1/7/2017,75.15050967
1/8/2017,75.14216128
1/9/2017,75.13381289
1/10/2017,75.1254645
1/11/2017,75.11711611
1/12/2017,75.10876772
1/13/2017,75.10041934
1/14/2017,75.09207095
1/15/2017,75.08372256
1/16/2017,75.07537417
1/17/2017,75.06702579
1/18/2017,75.0586774
1/19/2017,75.05032901
1/20/2017,75.04198063
1/21/2017,75.03363224
1/22/2017,75.02528385
1/23/2017,75.01693547
1/24/2017,75.00858708
1/25/2017,75.0002387
1/26/2017,74.99189031
1/27/2017,74.98354193
1/28/2017,74.97519354
1/29/2017,74.96684515
1/30/2017,74.95849677
1/31/2017,74.95014838
2/1/2017,74.9418
2/2/2017,74.96334643
2/3/2017,74.98489285
2/4/2017,75.00643928
2/5/2017,75.02798571
2/6/2017,75.04953213
2/7/2017,75.07107856
2/8/2017,75.09262499
2/9/2017,75.11417141
2/10/2017,75.13571784
2/11/2017,75.15726427
2/12/2017,75.1788107
2/13/2017,75.20035713
2/14/2017,75.22190355
2/15/2017,75.24344998
2/16/2017,75.26499641
2/17/2017,75.28654284
2/18/2017,75.30808927
2/19/2017,75.3296357
2/20/2017,75.35118213
2/21/2017,75.37272856
2/22/2017,75.39427499
2/23/2017,75.41582142
2/24/2017,75.43736785
2/25/2017,75.45891428
2/26/2017,75.48046071
2/27/2017,75.50200714
2/28/2017,75.52355357
3/1/2017,75.5451
3/2/2017,75.56961935
3/3/2017,75.5941387
3/4/2017,75.61865805
3/5/2017,75.64317741
3/6/2017,75.66769676
3/7/2017,75.69221611
3/8/2017,75.71673546
3/9/2017,75.74125482
3/10/2017,75.76577417
3/11/2017,75.79029352
3/12/2017,75.81481288
3/13/2017,75.83933223
3/14/2017,75.86385158
3/15/2017,75.88837094
3/16/2017,75.91289029
3/17/2017,75.93740965
3/18/2017,75.961929
3/19/2017,75.98644836
3/20/2017,76.01096771
3/21/2017,76.03548707
3/22/2017,76.06000643
3/23/2017,76.08452578
3/24/2017,76.10904514
3/25/2017,76.13356449
3/26/2017,76.15808385
3/27/2017,76.18260321
3/28/2017,76.20712257
3/29/2017,76.23164192
3/30/2017,76.25616128
3/31/2017,76.28068064
4/1/2017,76.3052
4/2/2017,76.31006
4/3/2017,76.31491999
4/4/2017,76.31977999
4/5/2017,76.32463998
4/6/2017,76.32949998
4/7/2017,76.33435998
4/8/2017,76.33921998
4/9/2017,76.34407997
4/10/2017,76.34893997
4/11/2017,76.35379997
4/12/2017,76.35865997
4/13/2017,76.36351997
4/14/2017,76.36837997
4/15/2017,76.37323997
4/16/2017,76.37809997
4/17/2017,76.38295997
4/18/2017,76.38781997
4/19/2017,76.39267997
4/20/2017,76.39753997
4/21/2017,76.40239997
4/22/2017,76.40725997
4/23/2017,76.41211997
4/24/2017,76.41697998
4/25/2017,76.42183998
4/26/2017,76.42669998
4/27/2017,76.43155998
4/28/2017,76.43641999
4/29/2017,76.44127999
4/30/2017,76.44614
5/1/2017,76.451
5/2/2017,76.45713225
5/3/2017,76.46326451
5/4/2017,76.46939676
5/5/2017,76.47552902
5/6/2017,76.48166127
5/7/2017,76.48779353
5/8/2017,76.49392578
5/9/2017,76.50005804
5/10/2017,76.50619029
5/11/2017,76.51232255
5/12/2017,76.5184548
5/13/2017,76.52458706
5/14/2017,76.53071932
5/15/2017,76.53685158
5/16/2017,76.54298383
5/17/2017,76.54911609
5/18/2017,76.55524835
5/19/2017,76.56138061
5/20/2017,76.56751287
5/21/2017,76.57364513
5/22/2017,76.57977739
5/23/2017,76.58590965
5/24/2017,76.59204191
5/25/2017,76.59817417
5/26/2017,76.60430643
5/27/2017,76.61043869
5/28/2017,76.61657095
5/29/2017,76.62270321
5/30/2017,76.62883547
5/31/2017,76.63496774
6/1/2017,76.6411
6/2/2017,76.64124
6/3/2017,76.64137999
6/4/2017,76.64151999
6/5/2017,76.64165998
6/6/2017,76.64179998
6/7/2017,76.64193998
6/8/2017,76.64207997
6/9/2017,76.64221997
6/10/2017,76.64235997
6/11/2017,76.64249997
6/12/2017,76.64263997
6/13/2017,76.64277997
6/14/2017,76.64291996
6/15/2017,76.64305996
6/16/2017,76.64319996
6/17/2017,76.64333996
6/18/2017,76.64347996
6/19/2017,76.64361997
6/20/2017,76.64375997
6/21/2017,76.64389997
6/22/2017,76.64403997
6/23/2017,76.64417997
6/24/2017,76.64431997
6/25/2017,76.64445998
6/26/2017,76.64459998
6/27/2017,76.64473998
6/28/2017,76.64487999
6/29/2017,76.64501999
6/30/2017,76.64516
7/1/2017,76.6453
7/2/2017,76.63546774
7/3/2017,76.62563547
7/4/2017,76.61580321
7/5/2017,76.60597095
7/6/2017,76.59613869
7/7/2017,76.58630643
7/8/2017,76.57647417
7/9/2017,76.56664191
7/10/2017,76.55680965
7/11/2017,76.54697739
7/12/2017,76.53714513
7/13/2017,76.52731287
7/14/2017,76.51748061
7/15/2017,76.50764835
7/16/2017,76.49781609
7/17/2017,76.48798383
7/18/2017,76.47815158
7/19/2017,76.46831932
7/20/2017,76.45848706
7/21/2017,76.44865481
7/22/2017,76.43882255
7/23/2017,76.42899029
7/24/2017,76.41915804
7/25/2017,76.40932578
7/26/2017,76.39949353
7/27/2017,76.38966127
7/28/2017,76.37982902
7/29/2017,76.36999676
7/30/2017,76.36016451
7/31/2017,76.35033225
8/1/2017,76.3405
8/2/2017,76.34411612
8/3/2017,76.34773225
8/4/2017,76.35134837
8/5/2017,76.3549645
8/6/2017,76.35858063
8/7/2017,76.36219675
8/8/2017,76.36581288
8/9/2017,76.36942901
8/10/2017,76.37304513
8/11/2017,76.37666126
8/12/2017,76.38027739
8/13/2017,76.38389351
8/14/2017,76.38750964
8/15/2017,76.39112577
8/16/2017,76.3947419
8/17/2017,76.39835803
8/18/2017,76.40197416
8/19/2017,76.40559029
8/20/2017,76.40920642
8/21/2017,76.41282255
8/22/2017,76.41643868
8/23/2017,76.42005481
8/24/2017,76.42367094
8/25/2017,76.42728707
8/26/2017,76.4309032
8/27/2017,76.43451934
8/28/2017,76.43813547
8/29/2017,76.4417516
8/30/2017,76.44536773
8/31/2017,76.44898387
9/1/2017,76.4526
9/2/2017,76.48678666
9/3/2017,76.52097332
9/4/2017,76.55515999
9/5/2017,76.58934665
9/6/2017,76.62353331
9/7/2017,76.65771998
9/8/2017,76.69190664
9/9/2017,76.7260933
9/10/2017,76.76027997
9/11/2017,76.79446663
9/12/2017,76.8286533
9/13/2017,76.86283996
9/14/2017,76.89702663
9/15/2017,76.93121329
9/16/2017,76.96539996
9/17/2017,76.99958663
9/18/2017,77.03377329
9/19/2017,77.06795996
9/20/2017,77.10214663
9/21/2017,77.1363333
9/22/2017,77.17051997
9/23/2017,77.20470663
9/24/2017,77.2388933
9/25/2017,77.27307997
9/26/2017,77.30726664
9/27/2017,77.34145331
9/28/2017,77.37563999
9/29/2017,77.40982666
9/30/2017,77.44401333
10/1/2017,77.4782
10/2/2017,77.48743225
10/3/2017,77.4966645
10/4/2017,77.50589676
10/5/2017,77.51512901
10/6/2017,77.52436126
10/7/2017,77.53359352
10/8/2017,77.54282577
10/9/2017,77.55205803
10/10/2017,77.56129028
10/11/2017,77.57052254
10/12/2017,77.57975479
10/13/2017,77.58898705
10/14/2017,77.59821931
10/15/2017,77.60745156
10/16/2017,77.61668382
10/17/2017,77.62591608
10/18/2017,77.63514834
10/19/2017,77.6443806
10/20/2017,77.65361286
10/21/2017,77.66284512
10/22/2017,77.67207738
10/23/2017,77.68130964
10/24/2017,77.6905419
10/25/2017,77.69977416
10/26/2017,77.70900642
10/27/2017,77.71823868
10/28/2017,77.72747094
10/29/2017,77.73670321
10/30/2017,77.74593547
10/31/2017,77.75516774
11/1/2017,77.7644
11/2/2017,77.76876333
11/3/2017,77.77312665
11/4/2017,77.77748998
11/5/2017,77.78185331
11/6/2017,77.78621664
11/7/2017,77.79057997
11/8/2017,77.7949433
11/9/2017,77.79930663
11/10/2017,77.80366996
11/11/2017,77.80803329
11/12/2017,77.81239662
11/13/2017,77.81675995
11/14/2017,77.82112328
11/15/2017,77.82548662
11/16/2017,77.82984995
11/17/2017,77.83421328
11/18/2017,77.83857662
11/19/2017,77.84293995
11/20/2017,77.84730329
11/21/2017,77.85166662
11/22/2017,77.85602996
11/23/2017,77.86039329
11/24/2017,77.86475663
11/25/2017,77.86911997
11/26/2017,77.87348331
11/27/2017,77.87784664
11/28/2017,77.88220998
11/29/2017,77.88657332
11/30/2017,77.89093666
12/1/2017,77.8953
12/2/2017,77.89639999
12/3/2017,77.89749999
12/4/2017,77.89859998
12/5/2017,77.89969998
12/6/2017,77.90079997
12/7/2017,77.90189997
12/8/2017,77.90299996
12/9/2017,77.90409996
12/10/2017,77.90519996
12/11/2017,77.90629995
12/12/2017,77.90739995
12/13/2017,77.90849995
12/14/2017,77.90959995
12/15/2017,77.91069995
12/16/2017,77.91179995
12/17/2017,77.91289995
12/18/2017,77.91399995
12/19/2017,77.91509995
12/20/2017,77.91619995
12/21/2017,77.91729995
12/22/2017,77.91839995
12/23/2017,77.91949996
12/24/2017,77.92059996
12/25/2017,77.92169996
12/26/2017,77.92279997
12/27/2017,77.92389997
12/28/2017,77.92499998
12/29/2017,77.92609998
12/30/2017,77.92719999
12/31/2017,77.92829999
1/1/2018,77.9294
1/2/2018,77.93751935
1/3/2018,77.9456387
1/4/2018,77.95375805
1/5/2018,77.96187739
1/6/2018,77.96999674
1/7/2018,77.97811609
1/8/2018,77.98623545
1/9/2018,77.9943548
1/10/2018,78.00247415
1/11/2018,78.0105935
1/12/2018,78.01871285
1/13/2018,78.02683221
1/14/2018,78.03495156
1/15/2018,78.04307091
1/16/2018,78.05119027
1/17/2018,78.05930962
1/18/2018,78.06742898
1/19/2018,78.07554833
1/20/2018,78.08366769
1/21/2018,78.09178705
1/22/2018,78.0999064
1/23/2018,78.10802576
1/24/2018,78.11614512
1/25/2018,78.12426448
1/26/2018,78.13238384
1/27/2018,78.1405032
1/28/2018,78.14862256
1/29/2018,78.15674192
1/30/2018,78.16486128
1/31/2018,78.17298064
2/1/2018,78.1811
2/2/2018,78.19923571
2/3/2018,78.21737142
2/4/2018,78.23550712
2/5/2018,78.25364283
2/6/2018,78.27177854
2/7/2018,78.28991425
2/8/2018,78.30804996
2/9/2018,78.32618567
2/10/2018,78.34432139
2/11/2018,78.3624571
2/12/2018,78.38059281
2/13/2018,78.39872852
2/14/2018,78.41686424
2/15/2018,78.43499995
2/16/2018,78.45313567
2/17/2018,78.47127138
2/18/2018,78.4894071
2/19/2018,78.50754281
2/20/2018,78.52567853
2/21/2018,78.54381425
2/22/2018,78.56194996
2/23/2018,78.58008568
2/24/2018,78.5982214
2/25/2018,78.61635712
2/26/2018,78.63449284
2/27/2018,78.65262856
2/28/2018,78.67076428
3/1/2018,78.6889
3/2/2018,78.71623548
3/3/2018,78.74357095
3/4/2018,78.77090643
3/5/2018,78.79824191
3/6/2018,78.82557738
3/7/2018,78.85291286
3/8/2018,78.88024834
3/9/2018,78.90758382
3/10/2018,78.9349193
3/11/2018,78.96225478
3/12/2018,78.98959026
3/13/2018,79.01692574
3/14/2018,79.04426122
3/15/2018,79.07159671
3/16/2018,79.09893219
3/17/2018,79.12626767
3/18/2018,79.15360316
3/19/2018,79.18093864
3/20/2018,79.20827413
3/21/2018,79.23560961
3/22/2018,79.2629451
3/23/2018,79.29028059
3/24/2018,79.31761608
3/25/2018,79.34495156
3/26/2018,79.37228705
3/27/2018,79.39962254
3/28/2018,79.42695803
3/29/2018,79.45429352
3/30/2018,79.48162902
3/31/2018,79.50896451
4/1/2018,79.5363
4/2/2018,79.51311999
4/3/2018,79.48993998
4/4/2018,79.46675998
4/5/2018,79.44357997
4/6/2018,79.42039996
4/7/2018,79.39721996
4/8/2018,79.37403995
4/9/2018,79.35085995
4/10/2018,79.32767995
4/11/2018,79.30449994
4/12/2018,79.28131994
4/13/2018,79.25813994
4/14/2018,79.23495994
4/15/2018,79.21177994
4/16/2018,79.18859994
4/17/2018,79.16541994
4/18/2018,79.14223994
4/19/2018,79.11905994
4/20/2018,79.09587994
4/21/2018,79.07269994
4/22/2018,79.04951995
4/23/2018,79.02633995
4/24/2018,79.00315995
4/25/2018,78.97997996
4/26/2018,78.95679996
4/27/2018,78.93361997
4/28/2018,78.91043998
4/29/2018,78.88725998
4/30/2018,78.86407999
5/1/2018,78.8409
5/2/2018,78.85830322
5/3/2018,78.87570644
5/4/2018,78.89310965
5/5/2018,78.91051287
5/6/2018,78.92791609
5/7/2018,78.94531931
5/8/2018,78.96272253
5/9/2018,78.98012575
5/10/2018,78.99752898
5/11/2018,79.0149322
5/12/2018,79.03233542
5/13/2018,79.04973865
5/14/2018,79.06714187
5/15/2018,79.08454509
5/16/2018,79.10194832
5/17/2018,79.11935154
5/18/2018,79.13675477
5/19/2018,79.154158
5/20/2018,79.17156123
5/21/2018,79.18896445
5/22/2018,79.20636768
5/23/2018,79.22377091
5/24/2018,79.24117414
5/25/2018,79.25857737
5/26/2018,79.2759806
5/27/2018,79.29338383
5/28/2018,79.31078707
5/29/2018,79.3281903
5/30/2018,79.34559353
5/31/2018,79.36299677
6/1/2018,79.3804
6/2/2018,79.38436666
6/3/2018,79.38833332
6/4/2018,79.39229998
6/5/2018,79.39626664
6/6/2018,79.4002333
6/7/2018,79.40419996
6/8/2018,79.40816662
6/9/2018,79.41213328
6/10/2018,79.41609994
6/11/2018,79.42006661
6/12/2018,79.42403327
6/13/2018,79.42799994
6/14/2018,79.4319666
6/15/2018,79.43593327
6/16/2018,79.43989993
6/17/2018,79.4438666
6/18/2018,79.44783327
6/19/2018,79.45179994
6/20/2018,79.4557666
6/21/2018,79.45973327
6/22/2018,79.46369994
6/23/2018,79.46766661
6/24/2018,79.47163328
6/25/2018,79.47559996
6/26/2018,79.47956663
6/27/2018,79.4835333
6/28/2018,79.48749998
6/29/2018,79.49146665
6/30/2018,79.49543332
7/1/2018,79.4994
7/2/2018,79.51196773
7/3/2018,79.52453547
7/4/2018,79.5371032
7/5/2018,79.54967093
7/6/2018,79.56223867
7/7/2018,79.57480641
7/8/2018,79.58737414
7/9/2018,79.59994188
7/10/2018,79.61250962
7/11/2018,79.62507735
7/12/2018,79.63764509
7/13/2018,79.65021283
7/14/2018,79.66278057
7/15/2018,79.67534831
7/16/2018,79.68791605
7/17/2018,79.7004838
7/18/2018,79.71305154
7/19/2018,79.72561928
7/20/2018,79.73818703
7/21/2018,79.75075477
7/22/2018,79.76332251
7/23/2018,79.77589026
7/24/2018,79.78845801
7/25/2018,79.80102575
7/26/2018,79.8135935
7/27/2018,79.82616125
7/28/2018,79.838729
7/29/2018,79.85129675
7/30/2018,79.8638645
7/31/2018,79.87643225
8/1/2018,79.889
8/2/2018,79.88495805
8/3/2018,79.88091611
8/4/2018,79.87687417
8/5/2018,79.87283222
8/6/2018,79.86879028
8/7/2018,79.86474834
8/8/2018,79.8607064
8/9/2018,79.85666446
8/10/2018,79.85262252
8/11/2018,79.84858058
8/12/2018,79.84453864
8/13/2018,79.8404967
8/14/2018,79.83645476
8/15/2018,79.83241283
8/16/2018,79.82837089
8/17/2018,79.82432896
8/18/2018,79.82028702
8/19/2018,79.81624509
8/20/2018,79.81220315
8/21/2018,79.80816122
8/22/2018,79.80411929
8/23/2018,79.80007736
8/24/2018,79.79603543
8/25/2018,79.79199349
8/26/2018,79.78795157
8/27/2018,79.78390964
8/28/2018,79.77986771
8/29/2018,79.77582578
8/30/2018,79.77178385
8/31/2018,79.76774193
9/1/2018,79.7637
9/2/2018,79.75637666
9/3/2018,79.74905332
9/4/2018,79.74172997
9/5/2018,79.73440663
9/6/2018,79.72708329
9/7/2018,79.71975996
9/8/2018,79.71243662
9/9/2018,79.70511328
9/10/2018,79.69778994
9/11/2018,79.6904666
9/12/2018,79.68314327
9/13/2018,79.67581993
9/14/2018,79.6684966
9/15/2018,79.66117326
9/16/2018,79.65384993
9/17/2018,79.6465266
9/18/2018,79.63920326
9/19/2018,79.63187993
9/20/2018,79.6245566
9/21/2018,79.61723327
9/22/2018,79.60990994
9/23/2018,79.60258661
9/24/2018,79.59526328
9/25/2018,79.58793996
9/26/2018,79.58061663
9/27/2018,79.5732933
9/28/2018,79.56596997
9/29/2018,79.55864665
9/30/2018,79.55132332
10/1/2018,79.544
10/2/2018,79.53839354
10/3/2018,79.53278708
10/4/2018,79.52718062
10/5/2018,79.52157416
10/6/2018,79.5159677
10/7/2018,79.51036125
10/8/2018,79.50475479
10/9/2018,79.49914833
10/10/2018,79.49354188
10/11/2018,79.48793542
10/12/2018,79.48232897
10/13/2018,79.47672251
10/14/2018,79.47111606
10/15/2018,79.46550961
10/16/2018,79.45990315
10/17/2018,79.4542967
10/18/2018,79.44869025
10/19/2018,79.4430838
10/20/2018,79.43747735
10/21/2018,79.4318709
10/22/2018,79.42626445
10/23/2018,79.42065801
10/24/2018,79.41505156
10/25/2018,79.40944511
10/26/2018,79.40383866
10/27/2018,79.39823222
10/28/2018,79.39262577
10/29/2018,79.38701933
10/30/2018,79.38141289
10/31/2018,79.37580644
11/1/2018,79.3702
11/2/2018,79.36500666
11/3/2018,79.35981332
11/4/2018,79.35461998
11/5/2018,79.34942664
11/6/2018,79.3442333
11/7/2018,79.33903996
11/8/2018,79.33384662
11/9/2018,79.32865328
11/10/2018,79.32345994
11/11/2018,79.31826661
11/12/2018,79.31307327
11/13/2018,79.30787994
11/14/2018,79.3026866
11/15/2018,79.29749327
11/16/2018,79.29229993
11/17/2018,79.2871066
11/18/2018,79.28191327
11/19/2018,79.27671994
11/20/2018,79.27152661
11/21/2018,79.26633327
11/22/2018,79.26113994
11/23/2018,79.25594662
11/24/2018,79.25075329
11/25/2018,79.24555996
11/26/2018,79.24036663
11/27/2018,79.2351733
11/28/2018,79.22997998
11/29/2018,79.22478665
11/30/2018,79.21959332
12/1/2018,79.2144
12/2/2018,79.19655483
12/3/2018,79.17870966
12/4/2018,79.16086449
12/5/2018,79.14301932
12/6/2018,79.12517416
12/7/2018,79.10732899
12/8/2018,79.08948382
12/9/2018,79.07163866
12/10/2018,79.05379349
12/11/2018,79.03594833
12/12/2018,79.01810317
12/13/2018,79.000258
12/14/2018,78.98241284
12/15/2018,78.96456768
12/16/2018,78.94672251
12/17/2018,78.92887735
12/18/2018,78.91103219
12/19/2018,78.89318703
12/20/2018,78.87534187
12/21/2018,78.85749671
12/22/2018,78.83965156
12/23/2018,78.8218064
12/24/2018,78.80396124
12/25/2018,78.78611608
12/26/2018,78.76827093
12/27/2018,78.75042577
12/28/2018,78.73258062
12/29/2018,78.71473546
12/30/2018,78.69689031
12/31/2018,78.67904515
1/1/2019,78.6612
1/2/2019,78.64327419
1/3/2019,78.62534837
1/4/2019,78.60742256
1/5/2019,78.58949675
1/6/2019,78.57157094
1/7/2019,78.55364512
1/8/2019,78.53571931
1/9/2019,78.5177935
1/10/2019,78.49986769
1/11/2019,78.48194188
1/12/2019,78.46401607
1/13/2019,78.44609027
1/14/2019,78.42816446
1/15/2019,78.41023865
1/16/2019,78.39231284
1/17/2019,78.37438704
1/18/2019,78.35646123
1/19/2019,78.33853543
1/20/2019,78.32060962
1/21/2019,78.30268382
1/22/2019,78.28475801
1/23/2019,78.26683221
1/24/2019,78.24890641
1/25/2019,78.2309806
1/26/2019,78.2130548
1/27/2019,78.195129
1/28/2019,78.1772032
1/29/2019,78.1592774
1/30/2019,78.1413516
1/31/2019,78.1234258
2/1/2019,78.1055
2/2/2019,78.10507499
2/3/2019,78.10464999
2/4/2019,78.10422498
2/5/2019,78.10379998
2/6/2019,78.10337497
2/7/2019,78.10294997
2/8/2019,78.10252497
2/9/2019,78.10209996
2/10/2019,78.10167496
2/11/2019,78.10124996
2/12/2019,78.10082496
2/13/2019,78.10039996
2/14/2019,78.09997495
2/15/2019,78.09954995
2/16/2019,78.09912495
2/17/2019,78.09869996
2/18/2019,78.09827496
2/19/2019,78.09784996
2/20/2019,78.09742496
2/21/2019,78.09699996
2/22/2019,78.09657497
2/23/2019,78.09614997
2/24/2019,78.09572497
2/25/2019,78.09529998
2/26/2019,78.09487498
2/27/2019,78.09444999
2/28/2019,78.09402499
3/1/2019,78.0936
3/2/2019,78.07512257
3/3/2019,78.05664515
3/4/2019,78.03816772
3/5/2019,78.0196903
3/6/2019,78.00121287
3/7/2019,77.98273545
3/8/2019,77.96425803
3/9/2019,77.9457806
3/10/2019,77.92730318
3/11/2019,77.90882576
3/12/2019,77.89034834
3/13/2019,77.87187092
3/14/2019,77.8533935
3/15/2019,77.83491608
3/16/2019,77.81643866
3/17/2019,77.79796124
3/18/2019,77.77948382
3/19/2019,77.7610064
3/20/2019,77.74252898
3/21/2019,77.72405157
3/22/2019,77.70557415
3/23/2019,77.68709673
3/24/2019,77.66861932
3/25/2019,77.6501419
3/26/2019,77.63166448
3/27/2019,77.61318707
3/28/2019,77.59470965
3/29/2019,77.57623224
3/30/2019,77.55775483
3/31/2019,77.53927741
4/1/2019,77.5208
4/2/2019,77.52235666
4/3/2019,77.52391332
4/4/2019,77.52546998
4/5/2019,77.52702665
4/6/2019,77.52858331
4/7/2019,77.53013997
4/8/2019,77.53169663
4/9/2019,77.5332533
4/10/2019,77.53480996
4/11/2019,77.53636663
4/12/2019,77.53792329
4/13/2019,77.53947996
4/14/2019,77.54103662
4/15/2019,77.54259329
4/16/2019,77.54414995
4/17/2019,77.54570662
4/18/2019,77.54726329
4/19/2019,77.54881996
4/20/2019,77.55037662
4/21/2019,77.55193329
4/22/2019,77.55348996
4/23/2019,77.55504663
4/24/2019,77.5566033
4/25/2019,77.55815997
4/26/2019,77.55971664
4/27/2019,77.56127331
4/28/2019,77.56282998
4/29/2019,77.56438666
4/30/2019,77.56594333
5/1/2019,77.5675
5/2/2019,77.56281612
5/3/2019,77.55813225
5/4/2019,77.55344837
5/5/2019,77.54876449
5/6/2019,77.54408062
5/7/2019,77.53939674
5/8/2019,77.53471287
5/9/2019,77.53002899
5/10/2019,77.52534512
5/11/2019,77.52066125
5/12/2019,77.51597737
5/13/2019,77.5112935
5/14/2019,77.50660963
5/15/2019,77.50192576
5/16/2019,77.49724189
5/17/2019,77.49255802
5/18/2019,77.48787415
5/19/2019,77.48319028
5/20/2019,77.47850641
5/21/2019,77.47382254
5/22/2019,77.46913867
5/23/2019,77.4644548
5/24/2019,77.45977093
5/25/2019,77.45508706
5/26/2019,77.4504032
5/27/2019,77.44571933
5/28/2019,77.44103546
5/29/2019,77.4363516
5/30/2019,77.43166773
5/31/2019,77.42698386
6/1/2019,77.4223
6/2/2019,77.41131333
6/3/2019,77.40032666
6/4/2019,77.38933998
6/5/2019,77.37835331
6/6/2019,77.36736664
6/7/2019,77.35637997
6/8/2019,77.3453933
6/9/2019,77.33440663
6/10/2019,77.32341996
6/11/2019,77.3124333
6/12/2019,77.30144663
6/13/2019,77.29045996
6/14/2019,77.27947329
6/15/2019,77.26848662
6/16/2019,77.25749996
6/17/2019,77.24651329
6/18/2019,77.23552662
6/19/2019,77.22453996
6/20/2019,77.21355329
6/21/2019,77.20256663
6/22/2019,77.19157996
6/23/2019,77.1805933
6/24/2019,77.16960664
6/25/2019,77.15861997
6/26/2019,77.14763331
6/27/2019,77.13664665
6/28/2019,77.12565998
6/29/2019,77.11467332
6/30/2019,77.10368666
7/1/2019,77.0927
7/2/2019,77.10578387
7/3/2019,77.11886773
7/4/2019,77.1319516
7/5/2019,77.14503546
7/6/2019,77.15811933
7/7/2019,77.1712032
7/8/2019,77.18428706
7/9/2019,77.19737093
7/10/2019,77.2104548
7/11/2019,77.22353867
7/12/2019,77.23662254
7/13/2019,77.24970641
7/14/2019,77.26279028
7/15/2019,77.27587415
7/16/2019,77.28895802
7/17/2019,77.30204189
7/18/2019,77.31512576
7/19/2019,77.32820963
7/20/2019,77.3412935
7/21/2019,77.35437738
7/22/2019,77.36746125
7/23/2019,77.38054512
7/24/2019,77.393629
7/25/2019,77.40671287
7/26/2019,77.41979675
7/27/2019,77.43288062
7/28/2019,77.4459645
7/29/2019,77.45904837
7/30/2019,77.47213225
7/31/2019,77.48521612
8/1/2019,77.4983
8/2/2019,77.48734838
8/3/2019,77.47639676
8/4/2019,77.46544514
8/5/2019,77.45449353
8/6/2019,77.44354191
8/7/2019,77.43259029
8/8/2019,77.42163868
8/9/2019,77.41068706
8/10/2019,77.39973545
8/11/2019,77.38878383
8/12/2019,77.37783222
8/13/2019,77.3668806
8/14/2019,77.35592899
8/15/2019,77.34497737
8/16/2019,77.33402576
8/17/2019,77.32307415
8/18/2019,77.31212253
8/19/2019,77.30117092
8/20/2019,77.29021931
8/21/2019,77.2792677
8/22/2019,77.26831609
8/23/2019,77.25736448
8/24/2019,77.24641287
8/25/2019,77.23546126
8/26/2019,77.22450965
8/27/2019,77.21355804
8/28/2019,77.20260643
8/29/2019,77.19165482
8/30/2019,77.18070321
8/31/2019,77.16975161
9/1/2019,77.1588
9/2/2019,77.13594333
9/3/2019,77.11308666
9/4/2019,77.09022999
9/5/2019,77.06737332
9/6/2019,77.04451665
9/7/2019,77.02165998
9/8/2019,76.99880331
9/9/2019,76.97594664
9/10/2019,76.95308997
9/11/2019,76.9302333
9/12/2019,76.90737663
9/13/2019,76.88451996
9/14/2019,76.8616633
9/15/2019,76.83880663
9/16/2019,76.81594996
9/17/2019,76.7930933
9/18/2019,76.77023663
9/19/2019,76.74737996
9/20/2019,76.7245233
9/21/2019,76.70166663
9/22/2019,76.67880997
9/23/2019,76.6559533
9/24/2019,76.63309664
9/25/2019,76.61023998
9/26/2019,76.58738331
9/27/2019,76.56452665
9/28/2019,76.54166999
9/29/2019,76.51881332
9/30/2019,76.49595666
10/1/2019,76.4731
10/2/2019,76.48475161
10/3/2019,76.49640322
10/4/2019,76.50805483
10/5/2019,76.51970643
10/6/2019,76.53135804
10/7/2019,76.54300965
10/8/2019,76.55466126
10/9/2019,76.56631287
10/10/2019,76.57796448
10/11/2019,76.5896161
10/12/2019,76.60126771
10/13/2019,76.61291932
10/14/2019,76.62457093
10/15/2019,76.63622254
10/16/2019,76.64787416
10/17/2019,76.65952577
10/18/2019,76.67117738
10/19/2019,76.68282899
10/20/2019,76.69448061
10/21/2019,76.70613222
10/22/2019,76.71778384
10/23/2019,76.72943545
10/24/2019,76.74108707
10/25/2019,76.75273868
10/26/2019,76.7643903
10/27/2019,76.77604191
10/28/2019,76.78769353
10/29/2019,76.79934515
10/30/2019,76.81099676
10/31/2019,76.82264838
11/1/2019,76.8343
11/2/2019,76.82427666
11/3/2019,76.81425332
11/4/2019,76.80422999
11/5/2019,76.79420665
11/6/2019,76.78418331
11/7/2019,76.77415998
11/8/2019,76.76413664
11/9/2019,76.7541133
11/10/2019,76.74408997
11/11/2019,76.73406663
11/12/2019,76.7240433
11/13/2019,76.71401996
11/14/2019,76.70399663
11/15/2019,76.6939733
11/16/2019,76.68394996
11/17/2019,76.67392663
11/18/2019,76.6639033
11/19/2019,76.65387997
11/20/2019,76.64385663
11/21/2019,76.6338333
11/22/2019,76.62380997
11/23/2019,76.61378664
11/24/2019,76.60376331
11/25/2019,76.59373998
11/26/2019,76.58371665
11/27/2019,76.57369332
11/28/2019,76.56366999
11/29/2019,76.55364666
11/30/2019,76.54362333
12/1/2019,76.5336
12/2/2019,76.52039032
12/3/2019,76.50718064
12/4/2019,76.49397096
12/5/2019,76.48076127
12/6/2019,76.46755159
12/7/2019,76.45434191
12/8/2019,76.44113223
12/9/2019,76.42792255
12/10/2019,76.41471287
12/11/2019,76.4015032
12/12/2019,76.38829352
12/13/2019,76.37508384
12/14/2019,76.36187416
12/15/2019,76.34866448
12/16/2019,76.3354548
12/17/2019,76.32224513
12/18/2019,76.30903545
12/19/2019,76.29582577
12/20/2019,76.2826161
12/21/2019,76.26940642
12/22/2019,76.25619674
12/23/2019,76.24298707
12/24/2019,76.22977739
12/25/2019,76.21656772
12/26/2019,76.20335804
12/27/2019,76.19014837
12/28/2019,76.17693869
12/29/2019,76.16372902
12/30/2019,76.15051935
12/31/2019,76.13730967
1/1/2020,76.1241
1/2/2020,76.12407321
1/3/2020,76.12404642
1/4/2020,76.12401964
1/5/2020,76.12399285
1/6/2020,76.12396606
1/7/2020,76.12393928
1/8/2020,76.12391249
1/9/2020,76.1238857
1/10/2020,76.12385892
1/11/2020,76.12383213
1/12/2020,76.12380535
1/13/2020,76.12377856
1/14/2020,76.12375178
1/15/2020,76.12372499
1/16/2020,76.12369821
1/17/2020,76.12367142
1/18/2020,76.12364464
1/19/2020,76.12361786
1/20/2020,76.12359107
1/21/2020,76.12356429
1/22/2020,76.12353751
1/23/2020,76.12351073
1/24/2020,76.12348394
1/25/2020,76.12345716
1/26/2020,76.12343038
1/27/2020,76.1234036
1/28/2020,76.12337682
1/29/2020,76.12335004
1/30/2020,76.12332326
1/31/2020,76.12329648
