time,value
1/1/2010,1247
1/2/2010,1247
1/3/2010,1248
1/4/2010,1248
1/5/2010,1248
1/6/2010,1249
1/7/2010,1250
1/8/2010,1251
1/9/2010,1252
1/10/2010,1253
1/11/2010,1254
1/12/2010,1255
1/13/2010,1257
1/14/2010,1258
1/15/2010,1260
1/16/2010,1262
1/17/2010,1264
1/18/2010,1266
1/19/2010,1268
1/20/2010,1270
1/21/2010,1273
1/22/2010,1275
1/23/2010,1278
1/24/2010,1280
1/25/2010,1283
1/26/2010,1286
1/27/2010,1289
1/28/2010,1293
1/29/2010,1296
1/30/2010,1300
1/31/2010,1303
2/1/2010,1307
2/2/2010,1311
2/3/2010,1314
2/4/2010,1318
2/5/2010,1321
2/6/2010,1325
2/7/2010,1328
2/8/2010,1331
2/9/2010,1335
2/10/2010,1338
2/11/2010,1341
2/12/2010,1344
2/13/2010,1347
2/14/2010,1350
2/15/2010,1353
2/16/2010,1356
2/17/2010,1358
2/18/2010,1361
2/19/2010,1364
2/20/2010,1366
2/21/2010,1369
2/22/2010,1371
2/23/2010,1374
2/24/2010,1376
2/25/2010,1379
2/26/2010,1381
2/27/2010,1383
2/28/2010,1385
3/1/2010,1387
3/2/2010,1389
3/3/2010,1391
3/4/2010,1393
3/5/2010,1395
3/6/2010,1397
3/7/2010,1400
3/8/2010,1402
3/9/2010,1404
3/10/2010,1406
3/11/2010,1408
3/12/2010,1410
3/13/2010,1412
3/14/2010,1414
3/15/2010,1416
3/16/2010,1418
3/17/2010,1420
3/18/2010,1423
3/19/2010,1425
3/20/2010,1427
3/21/2010,1429
3/22/2010,1431
3/23/2010,1433
3/24/2010,1435
3/25/2010,1437
3/26/2010,1440
3/27/2010,1442
3/28/2010,1444
3/29/2010,1446
3/30/2010,1448
3/31/2010,1450
4/1/2010,1453
4/2/2010,1455
4/3/2010,1457
4/4/2010,1459
4/5/2010,1461
4/6/2010,1463
4/7/2010,1465
4/8/2010,1467
4/9/2010,1469
4/10/2010,1470
4/11/2010,1472
4/12/2010,1474
4/13/2010,1476
4/14/2010,1477
4/15/2010,1479
4/16/2010,1481
4/17/2010,1482
4/18/2010,1484
4/19/2010,1485
4/20/2010,1487
4/21/2010,1488
4/22/2010,1490
4/23/2010,1491
4/24/2010,1492
4/25/2010,1494
4/26/2010,1495
4/27/2010,1496
4/28/2010,1497
4/29/2010,1498
4/30/2010,1499
5/1/2010,1500
5/2/2010,1502
5/3/2010,1503
5/4/2010,1504
5/5/2010,1504
5/6/2010,1505
5/7/2010,1506
5/8/2010,1507
5/9/2010,1508
5/10/2010,1509
5/11/2010,1510
5/12/2010,1511
5/13/2010,1511
5/14/2010,1512
5/15/2010,1513
5/16/2010,1513
5/17/2010,1514
5/18/2010,1515
5/19/2010,1515
5/20/2010,1516
5/21/2010,1517
5/22/2010,1517
5/23/2010,1518
5/24/2010,1518
5/25/2010,1519
5/26/2010,1519
5/27/2010,1520
5/28/2010,1520
5/29/2010,1520
5/30/2010,1521
5/31/2010,1521
6/1/2010,1521
6/2/2010,1522
6/3/2010,1522
6/4/2010,1522
6/5/2010,1523
6/6/2010,1523
6/7/2010,1524
6/8/2010,1524
6/9/2010,1525
6/10/2010,1525
6/11/2010,1526
6/12/2010,1527
6/13/2010,1527
6/14/2010,1528
6/15/2010,1529
6/16/2010,1530
6/17/2010,1531
6/18/2010,1531
6/19/2010,1532
6/20/2010,1533
6/21/2010,1534
6/22/2010,1535
6/23/2010,1536
6/24/2010,1537
6/25/2010,1538
6/26/2010,1539
6/27/2010,1540
6/28/2010,1542
6/29/2010,1543
6/30/2010,1544
7/1/2010,1545
7/2/2010,1547
7/3/2010,1548
7/4/2010,1549
7/5/2010,1551
7/6/2010,1552
7/7/2010,1554
7/8/2010,1556
7/9/2010,1557
7/10/2010,1559
7/11/2010,1561
7/12/2010,1563
7/13/2010,1565
7/14/2010,1566
7/15/2010,1568
7/16/2010,1570
7/17/2010,1573
7/18/2010,1575
7/19/2010,1577
7/20/2010,1579
7/21/2010,1581
7/22/2010,1584
7/23/2010,1586
7/24/2010,1589
7/25/2010,1591
7/26/2010,1594
7/27/2010,1596
7/28/2010,1599
7/29/2010,1601
7/30/2010,1604
7/31/2010,1607
8/1/2010,1610
8/2/2010,1613
8/3/2010,1615
8/4/2010,1618
8/5/2010,1620
8/6/2010,1623
8/7/2010,1625
8/8/2010,1627
8/9/2010,1629
8/10/2010,1631
8/11/2010,1633
8/12/2010,1635
8/13/2010,1637
8/14/2010,1638
8/15/2010,1640
8/16/2010,1641
8/17/2010,1643
8/18/2010,1644
8/19/2010,1645
8/20/2010,1646
8/21/2010,1647
8/22/2010,1648
8/23/2010,1649
8/24/2010,1649
8/25/2010,1650
8/26/2010,1651
8/27/2010,1651
8/28/2010,1651
8/29/2010,1652
8/30/2010,1652
8/31/2010,1652
9/1/2010,1652
9/2/2010,1652
9/3/2010,1652
9/4/2010,1652
9/5/2010,1652
9/6/2010,1652
9/7/2010,1652
9/8/2010,1652
9/9/2010,1652
9/10/2010,1653
9/11/2010,1653
9/12/2010,1653
9/13/2010,1653
9/14/2010,1653
9/15/2010,1654
9/16/2010,1654
9/17/2010,1654
9/18/2010,1654
9/19/2010,1655
9/20/2010,1655
9/21/2010,1656
9/22/2010,1656
9/23/2010,1656
9/24/2010,1657
9/25/2010,1657
9/26/2010,1658
9/27/2010,1658
9/28/2010,1659
9/29/2010,1659
9/30/2010,1660
10/1/2010,1661
10/2/2010,1661
10/3/2010,1662
10/4/2010,1662
10/5/2010,1663
10/6/2010,1663
10/7/2010,1664
10/8/2010,1664
10/9/2010,1665
10/10/2010,1665
10/11/2010,1666
10/12/2010,1666
10/13/2010,1667
10/14/2010,1667
10/15/2010,1668
10/16/2010,1668
10/17/2010,1668
10/18/2010,1669
10/19/2010,1669
10/20/2010,1670
10/21/2010,1670
10/22/2010,1670
10/23/2010,1671
10/24/2010,1671
10/25/2010,1671
10/26/2010,1671
10/27/2010,1672
10/28/2010,1672
10/29/2010,1672
10/30/2010,1673
10/31/2010,1673
11/1/2010,1673
11/2/2010,1673
11/3/2010,1674
11/4/2010,1674
11/5/2010,1674
11/6/2010,1675
11/7/2010,1675
11/8/2010,1676
11/9/2010,1676
11/10/2010,1677
11/11/2010,1678
11/12/2010,1678
11/13/2010,1679
11/14/2010,1680
11/15/2010,1681
11/16/2010,1681
11/17/2010,1682
11/18/2010,1683
11/19/2010,1684
11/20/2010,1685
11/21/2010,1686
11/22/2010,1687
11/23/2010,1688
11/24/2010,1690
11/25/2010,1691
11/26/2010,1692
11/27/2010,1693
11/28/2010,1695
11/29/2010,1696
11/30/2010,1698
12/1/2010,1699
12/2/2010,1700
12/3/2010,1702
12/4/2010,1703
12/5/2010,1704
12/6/2010,1705
12/7/2010,1706
12/8/2010,1707
12/9/2010,1708
12/10/2010,1709
12/11/2010,1710
12/12/2010,1711
12/13/2010,1711
12/14/2010,1712
12/15/2010,1713
12/16/2010,1713
12/17/2010,1714
12/18/2010,1714
12/19/2010,1714
12/20/2010,1714
12/21/2010,1715
12/22/2010,1715
12/23/2010,1715
12/24/2010,1715
12/25/2010,1715
12/26/2010,1714
12/27/2010,1714
12/28/2010,1714
12/29/2010,1714
12/30/2010,1713
12/31/2010,1713
1/1/2011,1712
1/2/2011,1712
1/3/2011,1711
1/4/2011,1711
1/5/2011,1710
1/6/2011,1710
1/7/2011,1710
1/8/2011,1709
1/9/2011,1709
1/10/2011,1709
1/11/2011,1709
1/12/2011,1709
1/13/2011,1709
1/14/2011,1709
1/15/2011,1709
1/16/2011,1709
1/17/2011,1709
1/18/2011,1709
1/19/2011,1709
1/20/2011,1710
1/21/2011,1710
1/22/2011,1710
1/23/2011,1710
1/24/2011,1711
1/25/2011,1711
1/26/2011,1712
1/27/2011,1712
1/28/2011,1713
1/29/2011,1713
1/30/2011,1714
1/31/2011,1715
2/1/2011,1716
2/2/2011,1716
2/3/2011,1717
2/4/2011,1717
2/5/2011,1718
2/6/2011,1718
2/7/2011,1719
2/8/2011,1719
2/9/2011,1719
2/10/2011,1719
2/11/2011,1719
2/12/2011,1720
2/13/2011,1720
2/14/2011,1720
2/15/2011,1719
2/16/2011,1719
2/17/2011,1719
2/18/2011,1719
2/19/2011,1718
2/20/2011,1718
2/21/2011,1717
2/22/2011,1717
2/23/2011,1716
2/24/2011,1716
2/25/2011,1715
2/26/2011,1714
2/27/2011,1713
2/28/2011,1712
3/1/2011,1711
3/2/2011,1711
3/3/2011,1710
3/4/2011,1709
3/5/2011,1709
3/6/2011,1709
3/7/2011,1709
3/8/2011,1709
3/9/2011,1709
3/10/2011,1709
3/11/2011,1710
3/12/2011,1710
3/13/2011,1711
3/14/2011,1712
3/15/2011,1713
3/16/2011,1714
3/17/2011,1715
3/18/2011,1717
3/19/2011,1718
3/20/2011,1720
3/21/2011,1722
3/22/2011,1724
3/23/2011,1726
3/24/2011,1728
3/25/2011,1730
3/26/2011,1733
3/27/2011,1736
3/28/2011,1739
3/29/2011,1741
3/30/2011,1745
3/31/2011,1748
4/1/2011,1751
4/2/2011,1755
4/3/2011,1758
4/4/2011,1761
4/5/2011,1764
4/6/2011,1767
4/7/2011,1770
4/8/2011,1773
4/9/2011,1776
4/10/2011,1778
4/11/2011,1781
4/12/2011,1784
4/13/2011,1786
4/14/2011,1789
4/15/2011,1791
4/16/2011,1793
4/17/2011,1796
4/18/2011,1798
4/19/2011,1800
4/20/2011,1802
4/21/2011,1804
4/22/2011,1806
4/23/2011,1807
4/24/2011,1809
4/25/2011,1811
4/26/2011,1812
4/27/2011,1814
4/28/2011,1815
4/29/2011,1817
4/30/2011,1818
5/1/2011,1819
5/2/2011,1821
5/3/2011,1822
5/4/2011,1823
5/5/2011,1824
5/6/2011,1825
5/7/2011,1826
5/8/2011,1828
5/9/2011,1829
5/10/2011,1830
5/11/2011,1831
5/12/2011,1832
5/13/2011,1833
5/14/2011,1834
5/15/2011,1835
5/16/2011,1836
5/17/2011,1837
5/18/2011,1838
5/19/2011,1839
5/20/2011,1840
5/21/2011,1841
5/22/2011,1842
5/23/2011,1843
5/24/2011,1844
5/25/2011,1845
5/26/2011,1845
5/27/2011,1846
5/28/2011,1847
5/29/2011,1848
5/30/2011,1849
5/31/2011,1849
6/1/2011,1850
6/2/2011,1851
6/3/2011,1852
6/4/2011,1853
6/5/2011,1853
6/6/2011,1854
6/7/2011,1855
6/8/2011,1856
6/9/2011,1857
6/10/2011,1858
6/11/2011,1858
6/12/2011,1859
6/13/2011,1860
6/14/2011,1861
6/15/2011,1862
6/16/2011,1863
6/17/2011,1864
6/18/2011,1864
6/19/2011,1865
6/20/2011,1866
6/21/2011,1867
6/22/2011,1868
6/23/2011,1869
6/24/2011,1870
6/25/2011,1871
6/26/2011,1872
6/27/2011,1873
6/28/2011,1874
6/29/2011,1875
6/30/2011,1876
7/1/2011,1877
7/2/2011,1878
7/3/2011,1879
7/4/2011,1880
7/5/2011,1881
7/6/2011,1882
7/7/2011,1884
7/8/2011,1885
7/9/2011,1886
7/10/2011,1888
7/11/2011,1889
7/12/2011,1891
7/13/2011,1892
7/14/2011,1894
7/15/2011,1896
7/16/2011,1897
7/17/2011,1899
7/18/2011,1901
7/19/2011,1903
7/20/2011,1905
7/21/2011,1907
7/22/2011,1909
7/23/2011,1911
7/24/2011,1913
7/25/2011,1915
7/26/2011,1918
7/27/2011,1920
7/28/2011,1922
7/29/2011,1925
7/30/2011,1927
7/31/2011,1930
8/1/2011,1932
8/2/2011,1935
8/3/2011,1937
8/4/2011,1939
8/5/2011,1941
8/6/2011,1944
8/7/2011,1946
8/8/2011,1948
8/9/2011,1949
8/10/2011,1951
8/11/2011,1953
8/12/2011,1954
8/13/2011,1956
8/14/2011,1957
8/15/2011,1959
8/16/2011,1960
8/17/2011,1961
8/18/2011,1962
8/19/2011,1963
8/20/2011,1964
8/21/2011,1965
8/22/2011,1966
8/23/2011,1966
8/24/2011,1967
8/25/2011,1967
8/26/2011,1968
8/27/2011,1968
8/28/2011,1968
8/29/2011,1968
8/30/2011,1968
8/31/2011,1968
9/1/2011,1968
9/2/2011,1968
9/3/2011,1968
9/4/2011,1968
9/5/2011,1968
9/6/2011,1969
9/7/2011,1969
9/8/2011,1969
9/9/2011,1970
9/10/2011,1970
9/11/2011,1971
9/12/2011,1972
9/13/2011,1972
9/14/2011,1973
9/15/2011,1974
9/16/2011,1975
9/17/2011,1976
9/18/2011,1977
9/19/2011,1979
9/20/2011,1980
9/21/2011,1981
9/22/2011,1983
9/23/2011,1984
9/24/2011,1986
9/25/2011,1988
9/26/2011,1989
9/27/2011,1991
9/28/2011,1993
9/29/2011,1995
9/30/2011,1997
10/1/2011,1999
10/2/2011,2001
10/3/2011,2003
10/4/2011,2005
10/5/2011,2007
10/6/2011,2009
10/7/2011,2010
10/8/2011,2012
10/9/2011,2013
10/10/2011,2014
10/11/2011,2016
10/12/2011,2017
10/13/2011,2018
10/14/2011,2019
10/15/2011,2020
10/16/2011,2020
10/17/2011,2021
10/18/2011,2021
10/19/2011,2022
10/20/2011,2022
10/21/2011,2023
10/22/2011,2023
10/23/2011,2023
10/24/2011,2023
10/25/2011,2023
10/26/2011,2022
10/27/2011,2022
10/28/2011,2022
10/29/2011,2021
10/30/2011,2021
10/31/2011,2020
11/1/2011,2019
11/2/2011,2018
11/3/2011,2018
11/4/2011,2017
11/5/2011,2016
11/6/2011,2016
11/7/2011,2015
11/8/2011,2014
11/9/2011,2014
11/10/2011,2013
11/11/2011,2012
11/12/2011,2012
11/13/2011,2011
11/14/2011,2011
11/15/2011,2010
11/16/2011,2010
11/17/2011,2009
11/18/2011,2009
11/19/2011,2008
11/20/2011,2008
11/21/2011,2007
11/22/2011,2007
11/23/2011,2006
11/24/2011,2006
11/25/2011,2006
11/26/2011,2005
11/27/2011,2005
11/28/2011,2005
11/29/2011,2004
11/30/2011,2004
12/1/2011,2004
12/2/2011,2004
12/3/2011,2003
12/4/2011,2003
12/5/2011,2003
12/6/2011,2003
12/7/2011,2003
12/8/2011,2002
12/9/2011,2002
12/10/2011,2002
12/11/2011,2002
12/12/2011,2002
12/13/2011,2002
12/14/2011,2002
12/15/2011,2002
12/16/2011,2002
12/17/2011,2002
12/18/2011,2002
12/19/2011,2002
12/20/2011,2002
12/21/2011,2002
12/22/2011,2002
12/23/2011,2002
12/24/2011,2002
12/25/2011,2002
12/26/2011,2003
12/27/2011,2003
12/28/2011,2003
12/29/2011,2003
12/30/2011,2003
12/31/2011,2003
1/1/2012,2004
1/2/2012,2004
1/3/2012,2004
1/4/2012,2004
1/5/2012,2004
1/6/2012,2004
1/7/2012,2005
1/8/2012,2005
1/9/2012,2005
1/10/2012,2005
1/11/2012,2004
1/12/2012,2004
1/13/2012,2004
1/14/2012,2004
1/15/2012,2004
1/16/2012,2004
1/17/2012,2003
1/18/2012,2003
1/19/2012,2003
1/20/2012,2003
1/21/2012,2002
1/22/2012,2002
1/23/2012,2001
1/24/2012,2001
1/25/2012,2000
1/26/2012,2000
1/27/2012,1999
1/28/2012,1999
1/29/2012,1998
1/30/2012,1998
1/31/2012,1997
2/1/2012,1996
2/2/2012,1996
2/3/2012,1995
2/4/2012,1994
2/5/2012,1994
2/6/2012,1993
2/7/2012,1993
2/8/2012,1992
2/9/2012,1991
2/10/2012,1991
2/11/2012,1990
2/12/2012,1990
2/13/2012,1990
2/14/2012,1989
2/15/2012,1989
2/16/2012,1988
2/17/2012,1988
2/18/2012,1988
2/19/2012,1987
2/20/2012,1987
2/21/2012,1987
2/22/2012,1987
2/23/2012,1986
2/24/2012,1986
2/25/2012,1986
2/26/2012,1986
2/27/2012,1986
2/28/2012,1985
2/29/2012,1985
3/1/2012,1985
3/2/2012,1985
3/3/2012,1985
3/4/2012,1985
3/5/2012,1985
3/6/2012,1984
3/7/2012,1984
3/8/2012,1984
3/9/2012,1983
3/10/2012,1983
3/11/2012,1983
3/12/2012,1982
3/13/2012,1982
3/14/2012,1981
3/15/2012,1980
3/16/2012,1980
3/17/2012,1979
3/18/2012,1979
3/19/2012,1978
3/20/2012,1977
3/21/2012,1976
3/22/2012,1976
3/23/2012,1975
3/24/2012,1974
3/25/2012,1973
3/26/2012,1972
3/27/2012,1971
3/28/2012,1970
3/29/2012,1969
3/30/2012,1968
3/31/2012,1967
4/1/2012,1966
4/2/2012,1965
4/3/2012,1964
4/4/2012,1963
4/5/2012,1962
4/6/2012,1961
4/7/2012,1960
4/8/2012,1960
4/9/2012,1959
4/10/2012,1959
4/11/2012,1958
4/12/2012,1958
4/13/2012,1958
4/14/2012,1958
4/15/2012,1958
4/16/2012,1958
4/17/2012,1958
4/18/2012,1958
4/19/2012,1958
4/20/2012,1958
4/21/2012,1959
4/22/2012,1959
4/23/2012,1960
4/24/2012,1960
4/25/2012,1961
4/26/2012,1962
4/27/2012,1963
4/28/2012,1964
4/29/2012,1964
4/30/2012,1966
5/1/2012,1967
5/2/2012,1968
5/3/2012,1969
5/4/2012,1970
5/5/2012,1971
5/6/2012,1972
5/7/2012,1973
5/8/2012,1973
5/9/2012,1974
5/10/2012,1975
5/11/2012,1976
5/12/2012,1976
5/13/2012,1977
5/14/2012,1977
5/15/2012,1978
5/16/2012,1978
5/17/2012,1979
5/18/2012,1979
5/19/2012,1979
5/20/2012,1980
5/21/2012,1980
5/22/2012,1980
5/23/2012,1980
5/24/2012,1980
5/25/2012,1980
5/26/2012,1980
5/27/2012,1980
5/28/2012,1980
5/29/2012,1980
5/30/2012,1980
5/31/2012,1980
6/1/2012,1980
6/2/2012,1979
6/3/2012,1979
6/4/2012,1979
6/5/2012,1978
6/6/2012,1978
6/7/2012,1978
6/8/2012,1977
6/9/2012,1977
6/10/2012,1976
6/11/2012,1976
6/12/2012,1975
6/13/2012,1974
6/14/2012,1974
6/15/2012,1973
6/16/2012,1972
6/17/2012,1972
6/18/2012,1971
6/19/2012,1970
6/20/2012,1969
6/21/2012,1968
6/22/2012,1967
6/23/2012,1967
6/24/2012,1966
6/25/2012,1965
6/26/2012,1964
6/27/2012,1963
6/28/2012,1961
6/29/2012,1960
6/30/2012,1959
7/1/2012,1958
7/2/2012,1957
7/3/2012,1956
7/4/2012,1955
7/5/2012,1954
7/6/2012,1953
7/7/2012,1951
7/8/2012,1950
7/9/2012,1949
7/10/2012,1948
7/11/2012,1947
7/12/2012,1946
7/13/2012,1946
7/14/2012,1945
7/15/2012,1944
7/16/2012,1943
7/17/2012,1942
7/18/2012,1941
7/19/2012,1940
7/20/2012,1939
7/21/2012,1939
7/22/2012,1938
7/23/2012,1937
7/24/2012,1936
7/25/2012,1936
7/26/2012,1935
7/27/2012,1934
7/28/2012,1933
7/29/2012,1933
7/30/2012,1932
7/31/2012,1932
8/1/2012,1931
8/2/2012,1930
8/3/2012,1930
8/4/2012,1929
8/5/2012,1928
8/6/2012,1927
8/7/2012,1926
8/8/2012,1925
8/9/2012,1924
8/10/2012,1923
8/11/2012,1922
8/12/2012,1920
8/13/2012,1919
8/14/2012,1918
8/15/2012,1916
8/16/2012,1915
8/17/2012,1913
8/18/2012,1912
8/19/2012,1910
8/20/2012,1908
8/21/2012,1907
8/22/2012,1905
8/23/2012,1903
8/24/2012,1901
8/25/2012,1899
8/26/2012,1897
8/27/2012,1895
8/28/2012,1893
8/29/2012,1890
8/30/2012,1888
8/31/2012,1886
9/1/2012,1883
9/2/2012,1881
9/3/2012,1879
9/4/2012,1876
9/5/2012,1874
9/6/2012,1872
9/7/2012,1870
9/8/2012,1868
9/9/2012,1866
9/10/2012,1865
9/11/2012,1863
9/12/2012,1861
9/13/2012,1860
9/14/2012,1858
9/15/2012,1857
9/16/2012,1855
9/17/2012,1854
9/18/2012,1853
9/19/2012,1852
9/20/2012,1850
9/21/2012,1849
9/22/2012,1848
9/23/2012,1847
9/24/2012,1847
9/25/2012,1846
9/26/2012,1845
9/27/2012,1844
9/28/2012,1844
9/29/2012,1843
9/30/2012,1843
10/1/2012,1842
10/2/2012,1842
10/3/2012,1842
10/4/2012,1841
10/5/2012,1841
10/6/2012,1840
10/7/2012,1840
10/8/2012,1839
10/9/2012,1839
10/10/2012,1838
10/11/2012,1837
10/12/2012,1837
10/13/2012,1836
10/14/2012,1836
10/15/2012,1835
10/16/2012,1834
10/17/2012,1834
10/18/2012,1833
10/19/2012,1832
10/20/2012,1831
10/21/2012,1831
10/22/2012,1830
10/23/2012,1829
10/24/2012,1828
10/25/2012,1827
10/26/2012,1826
10/27/2012,1826
10/28/2012,1825
10/29/2012,1824
10/30/2012,1823
10/31/2012,1822
11/1/2012,1821
11/2/2012,1820
11/3/2012,1819
11/4/2012,1818
11/5/2012,1817
11/6/2012,1816
11/7/2012,1815
11/8/2012,1814
11/9/2012,1814
11/10/2012,1813
11/11/2012,1812
11/12/2012,1811
11/13/2012,1810
11/14/2012,1809
11/15/2012,1808
11/16/2012,1808
11/17/2012,1807
11/18/2012,1806
11/19/2012,1805
11/20/2012,1805
11/21/2012,1804
11/22/2012,1803
11/23/2012,1802
11/24/2012,1802
11/25/2012,1801
11/26/2012,1800
11/27/2012,1800
11/28/2012,1799
11/29/2012,1798
11/30/2012,1798
12/1/2012,1797
12/2/2012,1796
12/3/2012,1796
12/4/2012,1795
12/5/2012,1794
12/6/2012,1793
12/7/2012,1793
12/8/2012,1792
12/9/2012,1791
12/10/2012,1790
12/11/2012,1789
12/12/2012,1788
12/13/2012,1787
12/14/2012,1786
12/15/2012,1785
12/16/2012,1784
12/17/2012,1783
12/18/2012,1782
12/19/2012,1781
12/20/2012,1780
12/21/2012,1779
12/22/2012,1778
12/23/2012,1777
12/24/2012,1776
12/25/2012,1774
12/26/2012,1773
12/27/2012,1772
12/28/2012,1771
12/29/2012,1769
12/30/2012,1768
12/31/2012,1767
1/1/2013,1765
1/2/2013,1764
1/3/2013,1763
1/4/2013,1761
1/5/2013,1760
1/6/2013,1759
1/7/2013,1758
1/8/2013,1757
1/9/2013,1757
1/10/2013,1756
1/11/2013,1755
1/12/2013,1754
1/13/2013,1754
1/14/2013,1753
1/15/2013,1753
1/16/2013,1753
1/17/2013,1752
1/18/2013,1752
1/19/2013,1752
1/20/2013,1752
1/21/2013,1752
1/22/2013,1752
1/23/2013,1752
1/24/2013,1752
1/25/2013,1753
1/26/2013,1753
1/27/2013,1754
1/28/2013,1754
1/29/2013,1755
1/30/2013,1755
1/31/2013,1756
2/1/2013,1757
2/2/2013,1757
2/3/2013,1758
2/4/2013,1759
2/5/2013,1759
2/6/2013,1760
2/7/2013,1761
2/8/2013,1761
2/9/2013,1761
2/10/2013,1762
2/11/2013,1762
2/12/2013,1762
2/13/2013,1763
2/14/2013,1763
2/15/2013,1763
2/16/2013,1763
2/17/2013,1763
2/18/2013,1763
2/19/2013,1763
2/20/2013,1763
2/21/2013,1763
2/22/2013,1763
2/23/2013,1763
2/24/2013,1762
2/25/2013,1762
2/26/2013,1762
2/27/2013,1761
2/28/2013,1761
3/1/2013,1761
3/2/2013,1760
3/3/2013,1760
3/4/2013,1759
3/5/2013,1759
3/6/2013,1758
3/7/2013,1758
3/8/2013,1758
3/9/2013,1757
3/10/2013,1757
3/11/2013,1757
3/12/2013,1756
3/13/2013,1756
3/14/2013,1756
3/15/2013,1755
3/16/2013,1755
3/17/2013,1755
3/18/2013,1755
3/19/2013,1754
3/20/2013,1754
3/21/2013,1754
3/22/2013,1754
3/23/2013,1753
3/24/2013,1753
3/25/2013,1753
3/26/2013,1753
3/27/2013,1753
3/28/2013,1752
3/29/2013,1752
3/30/2013,1752
3/31/2013,1752
4/1/2013,1752
4/2/2013,1752
4/3/2013,1752
4/4/2013,1752
4/5/2013,1752
4/6/2013,1752
4/7/2013,1752
4/8/2013,1752
4/9/2013,1752
4/10/2013,1752
4/11/2013,1752
4/12/2013,1752
4/13/2013,1753
4/14/2013,1753
4/15/2013,1753
4/16/2013,1754
4/17/2013,1754
4/18/2013,1754
4/19/2013,1755
4/20/2013,1755
4/21/2013,1756
4/22/2013,1756
4/23/2013,1757
4/24/2013,1757
4/25/2013,1758
4/26/2013,1758
4/27/2013,1759
4/28/2013,1760
4/29/2013,1760
4/30/2013,1761
5/1/2013,1762
5/2/2013,1762
5/3/2013,1763
5/4/2013,1764
5/5/2013,1764
5/6/2013,1765
5/7/2013,1765
5/8/2013,1766
5/9/2013,1766
5/10/2013,1767
5/11/2013,1767
5/12/2013,1767
5/13/2013,1768
5/14/2013,1768
5/15/2013,1768
5/16/2013,1768
5/17/2013,1768
5/18/2013,1768
5/19/2013,1768
5/20/2013,1768
5/21/2013,1768
5/22/2013,1768
5/23/2013,1768
5/24/2013,1768
5/25/2013,1768
5/26/2013,1767
5/27/2013,1767
5/28/2013,1767
5/29/2013,1766
5/30/2013,1766
5/31/2013,1765
6/1/2013,1765
6/2/2013,1764
6/3/2013,1764
6/4/2013,1763
6/5/2013,1763
6/6/2013,1763
6/7/2013,1762
6/8/2013,1762
6/9/2013,1761
6/10/2013,1761
6/11/2013,1761
6/12/2013,1761
6/13/2013,1760
6/14/2013,1760
6/15/2013,1760
6/16/2013,1760
6/17/2013,1759
6/18/2013,1759
6/19/2013,1759
6/20/2013,1759
6/21/2013,1759
6/22/2013,1759
6/23/2013,1759
6/24/2013,1759
6/25/2013,1759
6/26/2013,1759
6/27/2013,1759
6/28/2013,1759
6/29/2013,1759
6/30/2013,1759
7/1/2013,1759
7/2/2013,1759
7/3/2013,1760
7/4/2013,1760
7/5/2013,1760
7/6/2013,1760
7/7/2013,1761
7/8/2013,1761
7/9/2013,1761
7/10/2013,1762
7/11/2013,1762
7/12/2013,1762
7/13/2013,1763
7/14/2013,1763
7/15/2013,1764
7/16/2013,1764
7/17/2013,1765
7/18/2013,1766
7/19/2013,1766
7/20/2013,1767
7/21/2013,1767
7/22/2013,1768
7/23/2013,1769
7/24/2013,1770
7/25/2013,1770
7/26/2013,1771
7/27/2013,1772
7/28/2013,1773
7/29/2013,1774
7/30/2013,1775
7/31/2013,1776
8/1/2013,1777
8/2/2013,1778
8/3/2013,1778
8/4/2013,1779
8/5/2013,1780
8/6/2013,1781
8/7/2013,1781
8/8/2013,1782
8/9/2013,1782
8/10/2013,1782
8/11/2013,1783
8/12/2013,1783
8/13/2013,1783
8/14/2013,1783
8/15/2013,1783
8/16/2013,1783
8/17/2013,1783
8/18/2013,1783
8/19/2013,1783
8/20/2013,1782
8/21/2013,1782
8/22/2013,1782
8/23/2013,1781
8/24/2013,1780
8/25/2013,1780
8/26/2013,1779
8/27/2013,1778
8/28/2013,1777
8/29/2013,1777
8/30/2013,1776
8/31/2013,1775
9/1/2013,1773
9/2/2013,1772
9/3/2013,1771
9/4/2013,1770
9/5/2013,1769
9/6/2013,1768
9/7/2013,1767
9/8/2013,1766
9/9/2013,1765
9/10/2013,1764
9/11/2013,1763
9/12/2013,1762
9/13/2013,1761
9/14/2013,1760
9/15/2013,1759
9/16/2013,1758
9/17/2013,1758
9/18/2013,1757
9/19/2013,1756
9/20/2013,1755
9/21/2013,1754
9/22/2013,1753
9/23/2013,1753
9/24/2013,1752
9/25/2013,1751
9/26/2013,1750
9/27/2013,1750
9/28/2013,1749
9/29/2013,1748
9/30/2013,1748
10/1/2013,1747
10/2/2013,1746
10/3/2013,1746
10/4/2013,1745
10/5/2013,1745
10/6/2013,1744
10/7/2013,1744
10/8/2013,1743
10/9/2013,1743
10/10/2013,1743
10/11/2013,1743
10/12/2013,1742
10/13/2013,1742
10/14/2013,1742
10/15/2013,1742
10/16/2013,1742
10/17/2013,1742
10/18/2013,1742
10/19/2013,1742
10/20/2013,1742
10/21/2013,1742
10/22/2013,1742
10/23/2013,1743
10/24/2013,1743
10/25/2013,1743
10/26/2013,1744
10/27/2013,1744
10/28/2013,1744
10/29/2013,1745
10/30/2013,1745
10/31/2013,1746
11/1/2013,1747
11/2/2013,1747
11/3/2013,1748
11/4/2013,1748
11/5/2013,1749
11/6/2013,1750
11/7/2013,1750
11/8/2013,1751
11/9/2013,1751
11/10/2013,1752
11/11/2013,1753
11/12/2013,1753
11/13/2013,1754
11/14/2013,1755
11/15/2013,1755
11/16/2013,1756
11/17/2013,1756
11/18/2013,1757
11/19/2013,1758
11/20/2013,1758
11/21/2013,1759
11/22/2013,1760
11/23/2013,1760
11/24/2013,1761
11/25/2013,1761
11/26/2013,1762
11/27/2013,1763
11/28/2013,1763
11/29/2013,1764
11/30/2013,1765
12/1/2013,1765
12/2/2013,1766
12/3/2013,1766
12/4/2013,1767
12/5/2013,1767
12/6/2013,1768
12/7/2013,1768
12/8/2013,1769
12/9/2013,1769
12/10/2013,1770
12/11/2013,1770
12/12/2013,1770
12/13/2013,1771
12/14/2013,1771
12/15/2013,1771
12/16/2013,1772
12/17/2013,1772
12/18/2013,1772
12/19/2013,1772
12/20/2013,1772
12/21/2013,1772
12/22/2013,1772
12/23/2013,1773
12/24/2013,1773
12/25/2013,1773
12/26/2013,1773
12/27/2013,1772
12/28/2013,1772
12/29/2013,1772
12/30/2013,1772
12/31/2013,1772
1/1/2014,1772
1/2/2014,1772
1/3/2014,1772
1/4/2014,1771
1/5/2014,1771
1/6/2014,1771
1/7/2014,1771
1/8/2014,1771
1/9/2014,1770
1/10/2014,1770
1/11/2014,1770
1/12/2014,1770
1/13/2014,1769
1/14/2014,1769
1/15/2014,1769
1/16/2014,1769
1/17/2014,1768
1/18/2014,1768
1/19/2014,1768
1/20/2014,1768
1/21/2014,1767
1/22/2014,1767
1/23/2014,1767
1/24/2014,1767
1/25/2014,1766
1/26/2014,1766
1/27/2014,1766
1/28/2014,1765
1/29/2014,1765
1/30/2014,1765
1/31/2014,1764
2/1/2014,1764
2/2/2014,1764
2/3/2014,1764
2/4/2014,1764
2/5/2014,1763
2/6/2014,1763
2/7/2014,1764
2/8/2014,1764
2/9/2014,1764
2/10/2014,1764
2/11/2014,1765
2/12/2014,1765
2/13/2014,1765
2/14/2014,1766
2/15/2014,1767
2/16/2014,1767
2/17/2014,1768
2/18/2014,1769
2/19/2014,1770
2/20/2014,1771
2/21/2014,1772
2/22/2014,1773
2/23/2014,1774
2/24/2014,1775
2/25/2014,1777
2/26/2014,1778
2/27/2014,1779
2/28/2014,1781
3/1/2014,1782
3/2/2014,1784
3/3/2014,1785
3/4/2014,1787
3/5/2014,1788
3/6/2014,1790
3/7/2014,1791
3/8/2014,1793
3/9/2014,1794
3/10/2014,1795
3/11/2014,1797
3/12/2014,1798
3/13/2014,1800
3/14/2014,1801
3/15/2014,1802
3/16/2014,1803
3/17/2014,1805
3/18/2014,1806
3/19/2014,1807
3/20/2014,1808
3/21/2014,1809
3/22/2014,1810
3/23/2014,1812
3/24/2014,1813
3/25/2014,1814
3/26/2014,1815
3/27/2014,1816
3/28/2014,1817
3/29/2014,1818
3/30/2014,1819
3/31/2014,1820
4/1/2014,1821
4/2/2014,1822
4/3/2014,1822
4/4/2014,1823
4/5/2014,1824
4/6/2014,1825
4/7/2014,1826
4/8/2014,1827
4/9/2014,1828
4/10/2014,1829
4/11/2014,1830
4/12/2014,1831
4/13/2014,1832
4/14/2014,1833
4/15/2014,1834
4/16/2014,1835
4/17/2014,1836
4/18/2014,1837
4/19/2014,1838
4/20/2014,1839
4/21/2014,1840
4/22/2014,1841
4/23/2014,1842
4/24/2014,1843
4/25/2014,1844
4/26/2014,1845
4/27/2014,1846
4/28/2014,1847
4/29/2014,1848
4/30/2014,1849
5/1/2014,1850
5/2/2014,1851
5/3/2014,1852
5/4/2014,1853
5/5/2014,1854
5/6/2014,1854
5/7/2014,1855
5/8/2014,1856
5/9/2014,1857
5/10/2014,1857
5/11/2014,1858
5/12/2014,1858
5/13/2014,1859
5/14/2014,1859
5/15/2014,1860
5/16/2014,1860
5/17/2014,1861
5/18/2014,1861
5/19/2014,1861
5/20/2014,1861
5/21/2014,1861
5/22/2014,1862
5/23/2014,1862
5/24/2014,1862
5/25/2014,1862
5/26/2014,1862
5/27/2014,1862
5/28/2014,1861
5/29/2014,1861
5/30/2014,1861
5/31/2014,1861
6/1/2014,1860
6/2/2014,1860
6/3/2014,1860
6/4/2014,1860
6/5/2014,1860
6/6/2014,1859
6/7/2014,1859
6/8/2014,1859
6/9/2014,1859
6/10/2014,1859
6/11/2014,1859
6/12/2014,1859
6/13/2014,1859
6/14/2014,1859
6/15/2014,1859
6/16/2014,1859
6/17/2014,1860
6/18/2014,1860
6/19/2014,1860
6/20/2014,1860
6/21/2014,1861
6/22/2014,1861
6/23/2014,1861
6/24/2014,1862
6/25/2014,1862
6/26/2014,1862
6/27/2014,1863
6/28/2014,1863
6/29/2014,1864
6/30/2014,1865
7/1/2014,1865
7/2/2014,1866
7/3/2014,1866
7/4/2014,1867
7/5/2014,1868
7/6/2014,1868
7/7/2014,1869
7/8/2014,1869
7/9/2014,1870
7/10/2014,1871
7/11/2014,1871
7/12/2014,1872
7/13/2014,1873
7/14/2014,1874
7/15/2014,1874
7/16/2014,1875
7/17/2014,1876
7/18/2014,1877
7/19/2014,1877
7/20/2014,1878
7/21/2014,1879
7/22/2014,1880
7/23/2014,1881
7/24/2014,1881
7/25/2014,1882
7/26/2014,1883
7/27/2014,1884
7/28/2014,1885
7/29/2014,1886
7/30/2014,1887
7/31/2014,1887
8/1/2014,1888
8/2/2014,1889
8/3/2014,1890
8/4/2014,1891
8/5/2014,1892
8/6/2014,1893
8/7/2014,1894
8/8/2014,1895
8/9/2014,1896
8/10/2014,1897
8/11/2014,1898
8/12/2014,1899
8/13/2014,1900
8/14/2014,1901
8/15/2014,1902
8/16/2014,1903
8/17/2014,1904
8/18/2014,1905
8/19/2014,1906
8/20/2014,1907
8/21/2014,1909
8/22/2014,1910
8/23/2014,1911
8/24/2014,1912
8/25/2014,1913
8/26/2014,1914
8/27/2014,1915
8/28/2014,1917
8/29/2014,1918
8/30/2014,1919
8/31/2014,1920
9/1/2014,1921
9/2/2014,1923
9/3/2014,1924
9/4/2014,1925
9/5/2014,1926
9/6/2014,1927
9/7/2014,1927
9/8/2014,1928
9/9/2014,1929
9/10/2014,1929
9/11/2014,1930
9/12/2014,1931
9/13/2014,1931
9/14/2014,1931
9/15/2014,1932
9/16/2014,1932
9/17/2014,1932
9/18/2014,1932
9/19/2014,1932
9/20/2014,1932
9/21/2014,1932
9/22/2014,1932
9/23/2014,1932
9/24/2014,1932
9/25/2014,1932
9/26/2014,1931
9/27/2014,1931
9/28/2014,1930
9/29/2014,1930
9/30/2014,1929
10/1/2014,1928
10/2/2014,1928
10/3/2014,1927
10/4/2014,1926
10/5/2014,1926
10/6/2014,1925
10/7/2014,1925
10/8/2014,1924
10/9/2014,1924
10/10/2014,1924
10/11/2014,1923
10/12/2014,1923
10/13/2014,1923
10/14/2014,1922
10/15/2014,1922
10/16/2014,1922
10/17/2014,1922
10/18/2014,1922
10/19/2014,1922
10/20/2014,1922
10/21/2014,1922
10/22/2014,1922
10/23/2014,1922
10/24/2014,1922
10/25/2014,1922
10/26/2014,1922
10/27/2014,1923
10/28/2014,1923
10/29/2014,1923
10/30/2014,1923
10/31/2014,1924
11/1/2014,1924
11/2/2014,1924
11/3/2014,1925
11/4/2014,1925
11/5/2014,1925
11/6/2014,1926
11/7/2014,1926
11/8/2014,1926
11/9/2014,1926
11/10/2014,1926
11/11/2014,1926
11/12/2014,1926
11/13/2014,1926
11/14/2014,1926
11/15/2014,1926
11/16/2014,1926
11/17/2014,1926
11/18/2014,1925
11/19/2014,1925
11/20/2014,1925
11/21/2014,1925
11/22/2014,1924
11/23/2014,1924
11/24/2014,1923
11/25/2014,1923
11/26/2014,1922
11/27/2014,1922
11/28/2014,1921
11/29/2014,1921
11/30/2014,1920
12/1/2014,1919
12/2/2014,1919
12/3/2014,1918
12/4/2014,1916
12/5/2014,1915
12/6/2014,1913
12/7/2014,1912
12/8/2014,1910
12/9/2014,1908
12/10/2014,1906
12/11/2014,1903
12/12/2014,1901
12/13/2014,1898
12/14/2014,1895
12/15/2014,1892
12/16/2014,1888
12/17/2014,1885
12/18/2014,1881
12/19/2014,1878
12/20/2014,1874
12/21/2014,1869
12/22/2014,1865
12/23/2014,1861
12/24/2014,1856
12/25/2014,1851
12/26/2014,1846
12/27/2014,1841
12/28/2014,1835
12/29/2014,1830
12/30/2014,1824
12/31/2014,1818
1/1/2015,1812
1/2/2015,1806
1/3/2015,1799
1/4/2015,1793
1/5/2015,1785
1/6/2015,1778
1/7/2015,1771
1/8/2015,1763
1/9/2015,1755
1/10/2015,1747
1/11/2015,1738
1/12/2015,1729
1/13/2015,1720
1/14/2015,1711
1/15/2015,1702
1/16/2015,1692
1/17/2015,1682
1/18/2015,1672
1/19/2015,1662
1/20/2015,1651
1/21/2015,1640
1/22/2015,1629
1/23/2015,1618
1/24/2015,1606
1/25/2015,1594
1/26/2015,1582
1/27/2015,1570
1/28/2015,1557
1/29/2015,1544
1/30/2015,1531
1/31/2015,1518
2/1/2015,1504
2/2/2015,1491
2/3/2015,1478
2/4/2015,1465
2/5/2015,1452
2/6/2015,1440
2/7/2015,1427
2/8/2015,1415
2/9/2015,1403
2/10/2015,1391
2/11/2015,1380
2/12/2015,1368
2/13/2015,1357
2/14/2015,1346
2/15/2015,1336
2/16/2015,1325
2/17/2015,1315
2/18/2015,1305
2/19/2015,1295
2/20/2015,1285
2/21/2015,1275
2/22/2015,1266
2/23/2015,1257
2/24/2015,1248
2/25/2015,1239
2/26/2015,1231
2/27/2015,1222
2/28/2015,1214
3/1/2015,1206
3/2/2015,1198
3/3/2015,1191
3/4/2015,1183
3/5/2015,1176
3/6/2015,1168
3/7/2015,1161
3/8/2015,1154
3/9/2015,1147
3/10/2015,1141
3/11/2015,1134
3/12/2015,1128
3/13/2015,1121
3/14/2015,1115
3/15/2015,1109
3/16/2015,1103
3/17/2015,1097
3/18/2015,1092
3/19/2015,1086
3/20/2015,1081
3/21/2015,1076
3/22/2015,1070
3/23/2015,1065
3/24/2015,1061
3/25/2015,1056
3/26/2015,1051
3/27/2015,1047
3/28/2015,1043
3/29/2015,1039
3/30/2015,1035
3/31/2015,1031
4/1/2015,1027
4/2/2015,1023
4/3/2015,1020
4/4/2015,1016
4/5/2015,1012
4/6/2015,1009
4/7/2015,1005
4/8/2015,1001
4/9/2015,998
4/10/2015,994
4/11/2015,991
4/12/2015,987
4/13/2015,984
4/14/2015,980
4/15/2015,977
4/16/2015,973
4/17/2015,970
4/18/2015,966
4/19/2015,963
4/20/2015,959
4/21/2015,956
4/22/2015,953
4/23/2015,949
4/24/2015,946
4/25/2015,943
4/26/2015,939
4/27/2015,936
4/28/2015,933
4/29/2015,930
4/30/2015,926
5/1/2015,923
5/2/2015,920
5/3/2015,917
5/4/2015,914
5/5/2015,911
5/6/2015,908
5/7/2015,906
5/8/2015,903
5/9/2015,900
5/10/2015,898
5/11/2015,896
5/12/2015,893
5/13/2015,891
5/14/2015,889
5/15/2015,887
5/16/2015,885
5/17/2015,883
5/18/2015,881
5/19/2015,880
5/20/2015,878
5/21/2015,877
5/22/2015,875
5/23/2015,874
5/24/2015,873
5/25/2015,871
5/26/2015,870
5/27/2015,869
5/28/2015,868
5/29/2015,868
5/30/2015,867
5/31/2015,866
6/1/2015,866
6/2/2015,865
6/3/2015,864
6/4/2015,864
6/5/2015,863
6/6/2015,863
6/7/2015,863
6/8/2015,862
6/9/2015,862
6/10/2015,861
6/11/2015,861
6/12/2015,861
6/13/2015,860
6/14/2015,860
6/15/2015,860
6/16/2015,860
6/17/2015,859
6/18/2015,859
6/19/2015,859
6/20/2015,859
6/21/2015,859
6/22/2015,859
6/23/2015,858
6/24/2015,858
6/25/2015,858
6/26/2015,858
6/27/2015,858
6/28/2015,858
6/29/2015,858
6/30/2015,858
7/1/2015,859
7/2/2015,859
7/3/2015,859
7/4/2015,859
7/5/2015,859
7/6/2015,860
7/7/2015,860
7/8/2015,860
7/9/2015,861
7/10/2015,861
7/11/2015,861
7/12/2015,862
7/13/2015,862
7/14/2015,863
7/15/2015,864
7/16/2015,864
7/17/2015,865
7/18/2015,865
7/19/2015,866
7/20/2015,867
7/21/2015,868
7/22/2015,869
7/23/2015,869
7/24/2015,870
7/25/2015,871
7/26/2015,872
7/27/2015,873
7/28/2015,874
7/29/2015,875
7/30/2015,876
7/31/2015,877
8/1/2015,879
8/2/2015,880
8/3/2015,881
8/4/2015,882
8/5/2015,882
8/6/2015,883
8/7/2015,884
8/8/2015,884
8/9/2015,885
8/10/2015,885
8/11/2015,886
8/12/2015,886
8/13/2015,886
8/14/2015,886
8/15/2015,886
8/16/2015,886
8/17/2015,886
8/18/2015,885
8/19/2015,885
8/20/2015,885
8/21/2015,884
8/22/2015,883
8/23/2015,883
8/24/2015,882
8/25/2015,881
8/26/2015,880
8/27/2015,879
8/28/2015,878
8/29/2015,877
8/30/2015,876
8/31/2015,874
9/1/2015,873
9/2/2015,871
9/3/2015,870
9/4/2015,868
9/5/2015,867
9/6/2015,865
9/7/2015,864
9/8/2015,862
9/9/2015,860
9/10/2015,859
9/11/2015,857
9/12/2015,855
9/13/2015,853
9/14/2015,851
9/15/2015,850
9/16/2015,848
9/17/2015,846
9/18/2015,844
9/19/2015,842
9/20/2015,840
9/21/2015,838
9/22/2015,836
9/23/2015,834
9/24/2015,832
9/25/2015,829
9/26/2015,827
9/27/2015,825
9/28/2015,823
9/29/2015,820
9/30/2015,818
10/1/2015,816
10/2/2015,814
10/3/2015,811
10/4/2015,809
10/5/2015,807
10/6/2015,805
10/7/2015,803
10/8/2015,801
10/9/2015,799
10/10/2015,798
10/11/2015,796
10/12/2015,794
10/13/2015,793
10/14/2015,791
10/15/2015,790
10/16/2015,788
10/17/2015,787
10/18/2015,785
10/19/2015,784
10/20/2015,783
10/21/2015,782
10/22/2015,781
10/23/2015,780
10/24/2015,779
10/25/2015,778
10/26/2015,777
10/27/2015,776
10/28/2015,776
10/29/2015,775
10/30/2015,774
10/31/2015,774
11/1/2015,773
11/2/2015,773
11/3/2015,772
11/4/2015,772
11/5/2015,771
11/6/2015,770
11/7/2015,770
11/8/2015,769
11/9/2015,768
11/10/2015,767
11/11/2015,766
11/12/2015,765
11/13/2015,764
11/14/2015,763
11/15/2015,762
11/16/2015,761
11/17/2015,759
11/18/2015,758
11/19/2015,757
11/20/2015,755
11/21/2015,754
11/22/2015,753
11/23/2015,751
11/24/2015,750
11/25/2015,748
11/26/2015,746
11/27/2015,745
11/28/2015,743
11/29/2015,741
11/30/2015,739
12/1/2015,737
12/2/2015,735
12/3/2015,734
12/4/2015,732
12/5/2015,730
12/6/2015,728
12/7/2015,726
12/8/2015,724
12/9/2015,723
12/10/2015,721
12/11/2015,719
12/12/2015,717
12/13/2015,715
12/14/2015,714
12/15/2015,712
12/16/2015,710
12/17/2015,708
12/18/2015,707
12/19/2015,705
12/20/2015,703
12/21/2015,702
12/22/2015,700
12/23/2015,698
12/24/2015,696
12/25/2015,695
12/26/2015,693
12/27/2015,691
12/28/2015,690
12/29/2015,688
12/30/2015,687
12/31/2015,685
1/1/2016,683
1/2/2016,682
1/3/2016,680
1/4/2016,678
1/5/2016,676
1/6/2016,674
1/7/2016,671
1/8/2016,669
1/9/2016,667
1/10/2016,664
1/11/2016,661
1/12/2016,659
1/13/2016,656
1/14/2016,653
1/15/2016,650
1/16/2016,647
1/17/2016,643
1/18/2016,640
1/19/2016,637
1/20/2016,633
1/21/2016,629
1/22/2016,625
1/23/2016,622
1/24/2016,618
1/25/2016,613
1/26/2016,609
1/27/2016,605
1/28/2016,601
1/29/2016,596
1/30/2016,591
1/31/2016,587
2/1/2016,582
2/2/2016,577
2/3/2016,573
2/4/2016,568
2/5/2016,564
2/6/2016,559
2/7/2016,555
2/8/2016,551
2/9/2016,548
2/10/2016,544
2/11/2016,540
2/12/2016,537
2/13/2016,533
2/14/2016,530
2/15/2016,527
2/16/2016,524
2/17/2016,521
2/18/2016,519
2/19/2016,516
2/20/2016,514
2/21/2016,511
2/22/2016,509
2/23/2016,507
2/24/2016,505
2/25/2016,503
2/26/2016,501
2/27/2016,500
2/28/2016,498
2/29/2016,497
3/1/2016,496
3/2/2016,494
3/3/2016,493
3/4/2016,492
3/5/2016,491
3/6/2016,489
3/7/2016,488
3/8/2016,487
3/9/2016,486
3/10/2016,484
3/11/2016,483
3/12/2016,482
3/13/2016,480
3/14/2016,479
3/15/2016,478
3/16/2016,477
3/17/2016,475
3/18/2016,474
3/19/2016,473
3/20/2016,471
3/21/2016,470
3/22/2016,469
3/23/2016,468
3/24/2016,466
3/25/2016,465
3/26/2016,464
3/27/2016,462
3/28/2016,461
3/29/2016,460
3/30/2016,458
3/31/2016,457
4/1/2016,456
4/2/2016,454
4/3/2016,453
4/4/2016,452
4/5/2016,450
4/6/2016,449
4/7/2016,448
4/8/2016,446
4/9/2016,445
4/10/2016,444
4/11/2016,442
4/12/2016,441
4/13/2016,440
4/14/2016,438
4/15/2016,437
4/16/2016,436
4/17/2016,434
4/18/2016,433
4/19/2016,432
4/20/2016,431
4/21/2016,429
4/22/2016,428
4/23/2016,427
4/24/2016,425
4/25/2016,424
4/26/2016,423
4/27/2016,422
4/28/2016,420
4/29/2016,419
4/30/2016,418
5/1/2016,416
5/2/2016,415
5/3/2016,414
5/4/2016,413
5/5/2016,412
5/6/2016,411
5/7/2016,410
5/8/2016,409
5/9/2016,408
5/10/2016,407
5/11/2016,407
5/12/2016,406
5/13/2016,406
5/14/2016,405
5/15/2016,405
5/16/2016,404
5/17/2016,404
5/18/2016,404
5/19/2016,403
5/20/2016,403
5/21/2016,403
5/22/2016,403
5/23/2016,403
5/24/2016,403
5/25/2016,403
5/26/2016,403
5/27/2016,404
5/28/2016,404
5/29/2016,404
5/30/2016,405
5/31/2016,405
6/1/2016,406
6/2/2016,406
6/3/2016,407
6/4/2016,407
6/5/2016,408
6/6/2016,409
6/7/2016,409
6/8/2016,410
6/9/2016,411
6/10/2016,411
6/11/2016,412
6/12/2016,413
6/13/2016,414
6/14/2016,414
6/15/2016,415
6/16/2016,416
6/17/2016,417
6/18/2016,418
6/19/2016,419
6/20/2016,420
6/21/2016,421
6/22/2016,422
6/23/2016,423
6/24/2016,424
6/25/2016,425
6/26/2016,426
6/27/2016,427
6/28/2016,428
6/29/2016,429
6/30/2016,430
7/1/2016,431
7/2/2016,433
7/3/2016,434
7/4/2016,435
7/5/2016,436
7/6/2016,437
7/7/2016,438
7/8/2016,440
7/9/2016,441
7/10/2016,442
7/11/2016,443
7/12/2016,444
7/13/2016,445
7/14/2016,446
7/15/2016,448
7/16/2016,449
7/17/2016,450
7/18/2016,451
7/19/2016,452
7/20/2016,453
7/21/2016,454
7/22/2016,455
7/23/2016,456
7/24/2016,457
7/25/2016,459
7/26/2016,460
7/27/2016,461
7/28/2016,462
7/29/2016,463
7/30/2016,464
7/31/2016,465
8/1/2016,466
8/2/2016,467
8/3/2016,468
8/4/2016,469
8/5/2016,470
8/6/2016,471
8/7/2016,472
8/8/2016,473
8/9/2016,474
8/10/2016,475
8/11/2016,476
8/12/2016,477
8/13/2016,478
8/14/2016,479
8/15/2016,480
8/16/2016,481
8/17/2016,482
8/18/2016,483
8/19/2016,484
8/20/2016,484
8/21/2016,485
8/22/2016,486
8/23/2016,487
8/24/2016,488
8/25/2016,489
8/26/2016,490
8/27/2016,491
8/28/2016,491
8/29/2016,492
8/30/2016,493
8/31/2016,494
9/1/2016,495
9/2/2016,496
9/3/2016,496
9/4/2016,497
9/5/2016,498
9/6/2016,499
9/7/2016,500
9/8/2016,501
9/9/2016,502
9/10/2016,503
9/11/2016,504
9/12/2016,505
9/13/2016,505
9/14/2016,506
9/15/2016,507
9/16/2016,508
9/17/2016,510
9/18/2016,511
9/19/2016,512
9/20/2016,513
9/21/2016,514
9/22/2016,515
9/23/2016,516
9/24/2016,517
9/25/2016,518
9/26/2016,519
9/27/2016,521
9/28/2016,522
9/29/2016,523
9/30/2016,524
10/1/2016,525
10/2/2016,527
10/3/2016,528
10/4/2016,529
10/5/2016,530
10/6/2016,531
10/7/2016,533
10/8/2016,534
10/9/2016,535
10/10/2016,536
10/11/2016,537
10/12/2016,538
10/13/2016,539
10/14/2016,541
10/15/2016,542
10/16/2016,543
10/17/2016,544
10/18/2016,545
10/19/2016,546
10/20/2016,547
10/21/2016,548
10/22/2016,549
10/23/2016,550
10/24/2016,551
10/25/2016,552
10/26/2016,553
10/27/2016,555
10/28/2016,556
10/29/2016,557
10/30/2016,558
10/31/2016,559
11/1/2016,560
11/2/2016,561
11/3/2016,562
11/4/2016,563
11/5/2016,564
11/6/2016,565
11/7/2016,566
11/8/2016,568
11/9/2016,569
11/10/2016,570
11/11/2016,572
11/12/2016,573
11/13/2016,574
11/14/2016,576
11/15/2016,577
11/16/2016,579
11/17/2016,580
11/18/2016,582
11/19/2016,584
11/20/2016,585
11/21/2016,587
11/22/2016,589
11/23/2016,591
11/24/2016,593
11/25/2016,594
11/26/2016,596
11/27/2016,598
11/28/2016,600
11/29/2016,602
11/30/2016,604
12/1/2016,607
12/2/2016,609
12/3/2016,611
12/4/2016,613
12/5/2016,615
12/6/2016,617
12/7/2016,619
12/8/2016,620
12/9/2016,622
12/10/2016,624
12/11/2016,626
12/12/2016,628
12/13/2016,630
12/14/2016,631
12/15/2016,633
12/16/2016,635
12/17/2016,636
12/18/2016,638
12/19/2016,639
12/20/2016,641
12/21/2016,643
12/22/2016,644
12/23/2016,646
12/24/2016,647
12/25/2016,648
12/26/2016,650
12/27/2016,651
12/28/2016,652
12/29/2016,654
12/30/2016,655
12/31/2016,656
1/1/2017,657
1/2/2017,659
1/3/2017,660
1/4/2017,661
1/5/2017,663
1/6/2017,664
1/7/2017,666
1/8/2017,667
1/9/2017,669
1/10/2017,670
1/11/2017,672
1/12/2017,674
1/13/2017,675
1/14/2017,677
1/15/2017,679
1/16/2017,681
1/17/2017,683
1/18/2017,685
1/19/2017,687
1/20/2017,689
1/21/2017,691
1/22/2017,693
1/23/2017,695
1/24/2017,697
1/25/2017,699
1/26/2017,702
1/27/2017,704
1/28/2017,706
1/29/2017,709
1/30/2017,711
1/31/2017,714
2/1/2017,716
2/2/2017,719
2/3/2017,721
2/4/2017,724
2/5/2017,726
2/6/2017,728
2/7/2017,730
2/8/2017,733
2/9/2017,735
2/10/2017,737
2/11/2017,739
2/12/2017,741
2/13/2017,743
2/14/2017,744
2/15/2017,746
2/16/2017,748
2/17/2017,750
2/18/2017,751
2/19/2017,753
2/20/2017,754
2/21/2017,756
2/22/2017,757
2/23/2017,758
2/24/2017,760
2/25/2017,761
2/26/2017,762
2/27/2017,763
2/28/2017,764
3/1/2017,765
3/2/2017,766
3/3/2017,767
3/4/2017,768
3/5/2017,770
3/6/2017,771
3/7/2017,772
3/8/2017,773
3/9/2017,775
3/10/2017,776
3/11/2017,778
3/12/2017,779
3/13/2017,781
3/14/2017,783
3/15/2017,785
3/16/2017,786
3/17/2017,788
3/18/2017,790
3/19/2017,792
3/20/2017,794
3/21/2017,796
3/22/2017,798
3/23/2017,800
3/24/2017,803
3/25/2017,805
3/26/2017,807
3/27/2017,810
3/28/2017,812
3/29/2017,815
3/30/2017,817
3/31/2017,820
4/1/2017,822
4/2/2017,825
4/3/2017,828
4/4/2017,830
4/5/2017,833
4/6/2017,835
4/7/2017,837
4/8/2017,839
4/9/2017,842
4/10/2017,844
4/11/2017,846
4/12/2017,848
4/13/2017,850
4/14/2017,852
4/15/2017,854
4/16/2017,856
4/17/2017,857
4/18/2017,859
4/19/2017,861
4/20/2017,862
4/21/2017,864
4/22/2017,865
4/23/2017,867
4/24/2017,868
4/25/2017,869
4/26/2017,870
4/27/2017,872
4/28/2017,873
4/29/2017,874
4/30/2017,875
5/1/2017,876
5/2/2017,877
5/3/2017,878
5/4/2017,879
5/5/2017,880
5/6/2017,881
5/7/2017,882
5/8/2017,883
5/9/2017,884
5/10/2017,885
5/11/2017,886
5/12/2017,887
5/13/2017,888
5/14/2017,890
5/15/2017,891
5/16/2017,892
5/17/2017,893
5/18/2017,894
5/19/2017,896
5/20/2017,897
5/21/2017,898
5/22/2017,899
5/23/2017,901
5/24/2017,902
5/25/2017,903
5/26/2017,904
5/27/2017,906
5/28/2017,907
5/29/2017,909
5/30/2017,910
5/31/2017,911
6/1/2017,913
6/2/2017,914
6/3/2017,916
6/4/2017,917
6/5/2017,918
6/6/2017,920
6/7/2017,921
6/8/2017,922
6/9/2017,923
6/10/2017,925
6/11/2017,926
6/12/2017,927
6/13/2017,928
6/14/2017,929
6/15/2017,931
6/16/2017,932
6/17/2017,933
6/18/2017,934
6/19/2017,935
6/20/2017,936
6/21/2017,937
6/22/2017,938
6/23/2017,939
6/24/2017,940
6/25/2017,941
6/26/2017,942
6/27/2017,943
6/28/2017,944
6/29/2017,945
6/30/2017,946
7/1/2017,947
7/2/2017,947
7/3/2017,948
7/4/2017,949
7/5/2017,950
7/6/2017,950
7/7/2017,951
7/8/2017,951
7/9/2017,952
7/10/2017,952
7/11/2017,953
7/12/2017,953
7/13/2017,954
7/14/2017,954
7/15/2017,954
7/16/2017,954
7/17/2017,954
7/18/2017,955
7/19/2017,955
7/20/2017,955
7/21/2017,955
7/22/2017,955
7/23/2017,954
7/24/2017,954
7/25/2017,954
7/26/2017,954
7/27/2017,954
7/28/2017,953
7/29/2017,953
7/30/2017,953
7/31/2017,952
8/1/2017,952
8/2/2017,951
8/3/2017,951
8/4/2017,950
8/5/2017,950
8/6/2017,949
8/7/2017,949
8/8/2017,949
8/9/2017,948
8/10/2017,948
8/11/2017,947
8/12/2017,947
8/13/2017,947
8/14/2017,946
8/15/2017,946
8/16/2017,946
8/17/2017,946
8/18/2017,945
8/19/2017,945
8/20/2017,945
8/21/2017,945
8/22/2017,945
8/23/2017,944
8/24/2017,944
8/25/2017,944
8/26/2017,944
8/27/2017,944
8/28/2017,944
8/29/2017,944
8/30/2017,944
8/31/2017,944
9/1/2017,943
9/2/2017,943
9/3/2017,943
9/4/2017,943
9/5/2017,943
9/6/2017,943
9/7/2017,943
9/8/2017,943
9/9/2017,942
9/10/2017,942
9/11/2017,942
9/12/2017,942
9/13/2017,941
9/14/2017,941
9/15/2017,941
9/16/2017,940
9/17/2017,940
9/18/2017,939
9/19/2017,939
9/20/2017,938
9/21/2017,938
9/22/2017,937
9/23/2017,937
9/24/2017,936
9/25/2017,936
9/26/2017,935
9/27/2017,935
9/28/2017,934
9/29/2017,933
9/30/2017,933
10/1/2017,932
10/2/2017,931
10/3/2017,930
10/4/2017,930
10/5/2017,929
10/6/2017,928
10/7/2017,928
10/8/2017,927
10/9/2017,926
10/10/2017,926
10/11/2017,925
10/12/2017,924
10/13/2017,923
10/14/2017,923
10/15/2017,922
10/16/2017,921
10/17/2017,921
10/18/2017,920
10/19/2017,919
10/20/2017,919
10/21/2017,918
10/22/2017,917
10/23/2017,917
10/24/2017,916
10/25/2017,915
10/26/2017,915
10/27/2017,914
10/28/2017,913
10/29/2017,913
10/30/2017,912
10/31/2017,911
11/1/2017,911
11/2/2017,910
11/3/2017,910
11/4/2017,909
11/5/2017,909
11/6/2017,908
11/7/2017,908
11/8/2017,908
11/9/2017,908
11/10/2017,908
11/11/2017,908
11/12/2017,908
11/13/2017,908
11/14/2017,908
11/15/2017,908
11/16/2017,908
11/17/2017,909
11/18/2017,909
11/19/2017,910
11/20/2017,910
11/21/2017,911
11/22/2017,911
11/23/2017,912
11/24/2017,913
11/25/2017,914
11/26/2017,914
11/27/2017,915
11/28/2017,916
11/29/2017,917
11/30/2017,919
12/1/2017,920
12/2/2017,921
12/3/2017,922
12/4/2017,923
12/5/2017,924
12/6/2017,925
12/7/2017,926
12/8/2017,927
12/9/2017,927
12/10/2017,928
12/11/2017,929
12/12/2017,929
12/13/2017,930
12/14/2017,931
12/15/2017,931
12/16/2017,931
12/17/2017,932
12/18/2017,932
12/19/2017,933
12/20/2017,933
12/21/2017,933
12/22/2017,933
12/23/2017,933
12/24/2017,933
12/25/2017,933
12/26/2017,933
12/27/2017,933
12/28/2017,933
12/29/2017,933
12/30/2017,932
12/31/2017,932
1/1/2018,932
1/2/2018,931
1/3/2018,931
1/4/2018,931
1/5/2018,931
1/6/2018,931
1/7/2018,931
1/8/2018,931
1/9/2018,931
1/10/2018,931
1/11/2018,932
1/12/2018,932
1/13/2018,932
1/14/2018,933
1/15/2018,933
1/16/2018,934
1/17/2018,935
1/18/2018,935
1/19/2018,936
1/20/2018,937
1/21/2018,938
1/22/2018,939
1/23/2018,940
1/24/2018,941
1/25/2018,942
1/26/2018,943
1/27/2018,945
1/28/2018,946
1/29/2018,947
1/30/2018,949
1/31/2018,950
2/1/2018,952
2/2/2018,954
2/3/2018,955
2/4/2018,957
2/5/2018,958
2/6/2018,959
2/7/2018,961
2/8/2018,962
2/9/2018,963
2/10/2018,965
2/11/2018,966
2/12/2018,967
2/13/2018,968
2/14/2018,969
2/15/2018,970
2/16/2018,971
2/17/2018,972
2/18/2018,973
2/19/2018,974
2/20/2018,975
2/21/2018,976
2/22/2018,977
2/23/2018,977
2/24/2018,978
2/25/2018,979
2/26/2018,979
2/27/2018,980
2/28/2018,980
3/1/2018,981
3/2/2018,981
3/3/2018,982
3/4/2018,982
3/5/2018,983
3/6/2018,983
3/7/2018,984
3/8/2018,984
3/9/2018,985
3/10/2018,985
3/11/2018,986
3/12/2018,986
3/13/2018,987
3/14/2018,987
3/15/2018,988
3/16/2018,988
3/17/2018,989
3/18/2018,989
3/19/2018,990
3/20/2018,991
3/21/2018,991
3/22/2018,992
3/23/2018,992
3/24/2018,993
3/25/2018,993
3/26/2018,994
3/27/2018,994
3/28/2018,995
3/29/2018,996
3/30/2018,996
3/31/2018,997
4/1/2018,997
4/2/2018,998
4/3/2018,999
4/4/2018,999
4/5/2018,1000
4/6/2018,1001
4/7/2018,1001
4/8/2018,1002
4/9/2018,1003
4/10/2018,1004
4/11/2018,1005
4/12/2018,1006
4/13/2018,1007
4/14/2018,1008
4/15/2018,1009
4/16/2018,1010
4/17/2018,1011
4/18/2018,1012
4/19/2018,1013
4/20/2018,1014
4/21/2018,1016
4/22/2018,1017
4/23/2018,1018
4/24/2018,1019
4/25/2018,1021
4/26/2018,1022
4/27/2018,1024
4/28/2018,1025
4/29/2018,1026
4/30/2018,1028
5/1/2018,1029
5/2/2018,1031
5/3/2018,1032
5/4/2018,1034
5/5/2018,1035
5/6/2018,1036
5/7/2018,1038
5/8/2018,1039
5/9/2018,1040
5/10/2018,1041
5/11/2018,1042
5/12/2018,1043
5/13/2018,1044
5/14/2018,1045
5/15/2018,1046
5/16/2018,1047
5/17/2018,1048
5/18/2018,1049
5/19/2018,1050
5/20/2018,1050
5/21/2018,1051
5/22/2018,1052
5/23/2018,1052
5/24/2018,1053
5/25/2018,1053
5/26/2018,1054
5/27/2018,1054
5/28/2018,1054
5/29/2018,1055
5/30/2018,1055
5/31/2018,1055
6/1/2018,1055
6/2/2018,1056
6/3/2018,1056
6/4/2018,1056
6/5/2018,1056
6/6/2018,1056
6/7/2018,1056
6/8/2018,1056
6/9/2018,1056
6/10/2018,1056
6/11/2018,1056
6/12/2018,1056
6/13/2018,1056
6/14/2018,1056
6/15/2018,1056
6/16/2018,1056
6/17/2018,1056
6/18/2018,1056
6/19/2018,1056
6/20/2018,1056
6/21/2018,1055
6/22/2018,1055
6/23/2018,1055
6/24/2018,1055
6/25/2018,1055
6/26/2018,1054
6/27/2018,1054
6/28/2018,1054
6/29/2018,1053
6/30/2018,1053
7/1/2018,1053
7/2/2018,1052
7/3/2018,1052
7/4/2018,1052
7/5/2018,1051
7/6/2018,1051
7/7/2018,1051
7/8/2018,1051
7/9/2018,1050
7/10/2018,1050
7/11/2018,1050
7/12/2018,1050
7/13/2018,1049
7/14/2018,1049
7/15/2018,1049
7/16/2018,1049
7/17/2018,1049
7/18/2018,1049
7/19/2018,1049
7/20/2018,1048
7/21/2018,1048
7/22/2018,1048
7/23/2018,1048
7/24/2018,1048
7/25/2018,1048
7/26/2018,1048
7/27/2018,1048
7/28/2018,1048
7/29/2018,1048
7/30/2018,1048
7/31/2018,1048
8/1/2018,1048
8/2/2018,1049
8/3/2018,1049
8/4/2018,1049
8/5/2018,1049
8/6/2018,1049
8/7/2018,1049
8/8/2018,1049
8/9/2018,1049
8/10/2018,1049
8/11/2018,1049
8/12/2018,1049
8/13/2018,1049
8/14/2018,1049
8/15/2018,1049
8/16/2018,1050
8/17/2018,1050
8/18/2018,1050
8/19/2018,1050
8/20/2018,1050
8/21/2018,1050
8/22/2018,1050
8/23/2018,1050
8/24/2018,1050
8/25/2018,1050
8/26/2018,1050
8/27/2018,1050
8/28/2018,1050
8/29/2018,1050
8/30/2018,1050
8/31/2018,1050
9/1/2018,1050
9/2/2018,1050
9/3/2018,1051
9/4/2018,1051
9/5/2018,1051
9/6/2018,1051
9/7/2018,1051
9/8/2018,1051
9/9/2018,1051
9/10/2018,1051
9/11/2018,1051
9/12/2018,1052
9/13/2018,1052
9/14/2018,1052
9/15/2018,1052
9/16/2018,1052
9/17/2018,1052
9/18/2018,1053
9/19/2018,1053
9/20/2018,1053
9/21/2018,1053
9/22/2018,1054
9/23/2018,1054
9/24/2018,1054
9/25/2018,1054
9/26/2018,1055
9/27/2018,1055
9/28/2018,1055
9/29/2018,1056
9/30/2018,1056
10/1/2018,1056
10/2/2018,1056
10/3/2018,1057
10/4/2018,1057
10/5/2018,1058
10/6/2018,1058
10/7/2018,1058
10/8/2018,1059
10/9/2018,1059
10/10/2018,1059
10/11/2018,1060
10/12/2018,1060
10/13/2018,1061
10/14/2018,1061
10/15/2018,1062
10/16/2018,1062
10/17/2018,1063
10/18/2018,1063
10/19/2018,1064
10/20/2018,1064
10/21/2018,1065
10/22/2018,1065
10/23/2018,1066
10/24/2018,1066
10/25/2018,1067
10/26/2018,1067
10/27/2018,1068
10/28/2018,1068
10/29/2018,1069
10/30/2018,1070
10/31/2018,1070
11/1/2018,1071
11/2/2018,1071
11/3/2018,1072
11/4/2018,1073
11/5/2018,1073
11/6/2018,1074
11/7/2018,1074
11/8/2018,1075
11/9/2018,1075
11/10/2018,1075
11/11/2018,1076
11/12/2018,1076
11/13/2018,1077
11/14/2018,1077
11/15/2018,1077
11/16/2018,1077
11/17/2018,1078
11/18/2018,1078
11/19/2018,1078
11/20/2018,1078
11/21/2018,1079
11/22/2018,1079
11/23/2018,1079
11/24/2018,1079
11/25/2018,1079
11/26/2018,1079
11/27/2018,1079
11/28/2018,1079
11/29/2018,1079
11/30/2018,1079
12/1/2018,1079
12/2/2018,1079
12/3/2018,1079
12/4/2018,1079
12/5/2018,1079
12/6/2018,1079
12/7/2018,1079
12/8/2018,1079
12/9/2018,1078
12/10/2018,1078
12/11/2018,1078
12/12/2018,1078
12/13/2018,1078
12/14/2018,1078
12/15/2018,1077
12/16/2018,1077
12/17/2018,1077
12/18/2018,1077
12/19/2018,1076
12/20/2018,1076
12/21/2018,1076
12/22/2018,1075
12/23/2018,1075
12/24/2018,1075
12/25/2018,1074
12/26/2018,1074
12/27/2018,1074
12/28/2018,1073
12/29/2018,1073
12/30/2018,1072
12/31/2018,1072
1/1/2019,1071
1/2/2019,1071
1/3/2019,1070
1/4/2019,1070
1/5/2019,1070
1/6/2019,1069
1/7/2019,1069
1/8/2019,1068
1/9/2019,1068
1/10/2019,1067
1/11/2019,1067
1/12/2019,1066
1/13/2019,1066
1/14/2019,1065
1/15/2019,1065
1/16/2019,1065
1/17/2019,1064
1/18/2019,1064
1/19/2019,1063
1/20/2019,1063
1/21/2019,1062
1/22/2019,1062
1/23/2019,1061
1/24/2019,1061
1/25/2019,1060
1/26/2019,1060
1/27/2019,1059
1/28/2019,1059
1/29/2019,1059
1/30/2019,1058
1/31/2019,1058
2/1/2019,1057
2/2/2019,1057
2/3/2019,1056
2/4/2019,1056
2/5/2019,1055
2/6/2019,1054
2/7/2019,1054
2/8/2019,1053
2/9/2019,1053
2/10/2019,1052
2/11/2019,1051
2/12/2019,1050
2/13/2019,1050
2/14/2019,1049
2/15/2019,1048
2/16/2019,1047
2/17/2019,1046
2/18/2019,1045
2/19/2019,1044
2/20/2019,1043
2/21/2019,1042
2/22/2019,1041
2/23/2019,1040
2/24/2019,1039
2/25/2019,1038
2/26/2019,1037
2/27/2019,1036
2/28/2019,1035
3/1/2019,1034
3/2/2019,1032
3/3/2019,1031
3/4/2019,1030
3/5/2019,1029
3/6/2019,1028
3/7/2019,1027
3/8/2019,1026
3/9/2019,1026
3/10/2019,1025
3/11/2019,1024
3/12/2019,1023
3/13/2019,1023
3/14/2019,1022
3/15/2019,1021
3/16/2019,1021
3/17/2019,1020
3/18/2019,1020
3/19/2019,1019
3/20/2019,1019
3/21/2019,1019
3/22/2019,1018
3/23/2019,1018
3/24/2019,1018
3/25/2019,1018
3/26/2019,1018
3/27/2019,1017
3/28/2019,1017
3/29/2019,1017
3/30/2019,1017
3/31/2019,1018
4/1/2019,1018
4/2/2019,1018
4/3/2019,1018
4/4/2019,1018
4/5/2019,1018
4/6/2019,1018
4/7/2019,1017
4/8/2019,1017
4/9/2019,1017
4/10/2019,1017
4/11/2019,1016
4/12/2019,1016
4/13/2019,1016
4/14/2019,1015
4/15/2019,1015
4/16/2019,1014
4/17/2019,1013
4/18/2019,1013
4/19/2019,1012
4/20/2019,1011
4/21/2019,1010
4/22/2019,1010
4/23/2019,1009
4/24/2019,1008
4/25/2019,1007
4/26/2019,1006
4/27/2019,1005
4/28/2019,1003
4/29/2019,1002
4/30/2019,1001
5/1/2019,1000
5/2/2019,999
5/3/2019,997
5/4/2019,996
5/5/2019,995
5/6/2019,994
5/7/2019,993
5/8/2019,992
5/9/2019,991
5/10/2019,990
5/11/2019,989
5/12/2019,988
5/13/2019,987
5/14/2019,986
5/15/2019,985
5/16/2019,984
5/17/2019,984
5/18/2019,983
5/19/2019,982
5/20/2019,981
5/21/2019,981
5/22/2019,980
5/23/2019,979
5/24/2019,979
5/25/2019,978
5/26/2019,978
5/27/2019,977
5/28/2019,977
5/29/2019,976
5/30/2019,976
5/31/2019,975
6/1/2019,975
6/2/2019,975
6/3/2019,974
6/4/2019,974
6/5/2019,974
6/6/2019,973
6/7/2019,973
6/8/2019,973
6/9/2019,972
6/10/2019,972
6/11/2019,971
6/12/2019,971
6/13/2019,971
6/14/2019,970
6/15/2019,970
6/16/2019,969
6/17/2019,969
6/18/2019,969
6/19/2019,968
6/20/2019,968
6/21/2019,967
6/22/2019,967
6/23/2019,967
6/24/2019,966
6/25/2019,966
6/26/2019,965
6/27/2019,965
6/28/2019,964
6/29/2019,964
6/30/2019,963
7/1/2019,963
7/2/2019,963
7/3/2019,962
7/4/2019,962
7/5/2019,961
7/6/2019,961
7/7/2019,960
7/8/2019,960
7/9/2019,959
7/10/2019,958
7/11/2019,958
7/12/2019,957
7/13/2019,957
7/14/2019,956
7/15/2019,956
7/16/2019,955
7/17/2019,954
7/18/2019,954
7/19/2019,953
7/20/2019,952
7/21/2019,952
7/22/2019,951
7/23/2019,950
7/24/2019,950
7/25/2019,949
7/26/2019,948
7/27/2019,947
7/28/2019,947
7/29/2019,946
7/30/2019,945
7/31/2019,944
8/1/2019,944
8/2/2019,943
8/3/2019,942
8/4/2019,941
8/5/2019,940
8/6/2019,939
8/7/2019,938
8/8/2019,937
8/9/2019,936
8/10/2019,935
8/11/2019,934
8/12/2019,932
8/13/2019,931
8/14/2019,930
8/15/2019,929
8/16/2019,927
8/17/2019,926
8/18/2019,924
8/19/2019,923
8/20/2019,921
8/21/2019,920
8/22/2019,918
8/23/2019,916
8/24/2019,915
8/25/2019,913
8/26/2019,911
8/27/2019,909
8/28/2019,907
8/29/2019,905
8/30/2019,903
8/31/2019,901
9/1/2019,899
9/2/2019,897
9/3/2019,895
9/4/2019,894
9/5/2019,892
9/6/2019,890
9/7/2019,888
9/8/2019,887
9/9/2019,885
9/10/2019,883
9/11/2019,882
9/12/2019,880
9/13/2019,879
9/14/2019,878
9/15/2019,876
9/16/2019,875
9/17/2019,874
9/18/2019,873
9/19/2019,871
9/20/2019,870
9/21/2019,869
9/22/2019,868
9/23/2019,867
9/24/2019,867
9/25/2019,866
9/26/2019,865
9/27/2019,864
9/28/2019,864
9/29/2019,863
9/30/2019,862
10/1/2019,862
10/2/2019,861
10/3/2019,861
10/4/2019,860
10/5/2019,859
10/6/2019,859
10/7/2019,858
10/8/2019,857
10/9/2019,856
10/10/2019,855
10/11/2019,854
10/12/2019,854
10/13/2019,852
10/14/2019,851
10/15/2019,850
10/16/2019,849
10/17/2019,848
10/18/2019,847
10/19/2019,845
10/20/2019,844
10/21/2019,843
10/22/2019,841
10/23/2019,840
10/24/2019,839
10/25/2019,837
10/26/2019,835
10/27/2019,834
10/28/2019,832
10/29/2019,830
10/30/2019,829
10/31/2019,827
11/1/2019,825
11/2/2019,823
11/3/2019,822
11/4/2019,820
11/5/2019,819
11/6/2019,817
11/7/2019,816
11/8/2019,814
11/9/2019,813
11/10/2019,812
11/11/2019,811
11/12/2019,810
11/13/2019,809
11/14/2019,808
11/15/2019,807
11/16/2019,806
11/17/2019,806
11/18/2019,805
11/19/2019,805
11/20/2019,804
11/21/2019,804
11/22/2019,803
11/23/2019,803
11/24/2019,803
11/25/2019,803
11/26/2019,803
11/27/2019,803
11/28/2019,803
11/29/2019,803
11/30/2019,804
12/1/2019,804
12/2/2019,804
12/3/2019,804
12/4/2019,805
12/5/2019,805
12/6/2019,805
12/7/2019,805
12/8/2019,805
12/9/2019,805
12/10/2019,805
12/11/2019,805
12/12/2019,805
12/13/2019,805
12/14/2019,805
12/15/2019,805
12/16/2019,805
12/17/2019,805
12/18/2019,804
12/19/2019,804
12/20/2019,804
12/21/2019,803
12/22/2019,803
12/23/2019,803
12/24/2019,802
12/25/2019,802
12/26/2019,801
12/27/2019,801
12/28/2019,800
12/29/2019,800
12/30/2019,799
12/31/2019,798
1/1/2020,797
1/2/2020,797
1/3/2020,796
1/4/2020,795
1/5/2020,795
1/6/2020,794
1/7/2020,794
1/8/2020,793
1/9/2020,793
1/10/2020,792
1/11/2020,792
1/12/2020,791
1/13/2020,791
1/14/2020,790
1/15/2020,790
1/16/2020,790
1/17/2020,789
1/18/2020,789
1/19/2020,789
1/20/2020,788
1/21/2020,788
1/22/2020,788
1/23/2020,788
1/24/2020,787
1/25/2020,787
1/26/2020,787
1/27/2020,787
1/28/2020,787
1/29/2020,787
1/30/2020,787
1/31/2020,787
