Date,percent
1/1/2010,79.3372007
1/2/2010,79.40750887
1/3/2010,79.54819199
1/4/2010,79.75925008
1/5/2010,80.04068313
1/6/2010,80.39249113
1/7/2010,80.8146741
1/8/2010,81.30723203
1/9/2010,81.61417673
1/10/2010,81.73550821
1/11/2010,81.67122645
1/12/2010,81.42133148
1/13/2010,80.98582327
1/14/2010,80.36470184
1/15/2010,79.55796718
1/16/2010,78.90901212
1/17/2010,78.41783666
1/18/2010,78.0844408
1/19/2010,77.90882454
1/20/2010,77.89098788
1/21/2010,78.03093082
1/22/2010,78.32865335
1/23/2010,78.53614827
1/24/2010,78.65341557
1/25/2010,78.68045524
1/26/2010,78.6172673
1/27/2010,78.46385173
1/28/2010,78.22020854
1/29/2010,77.88633773
1/30/2010,77.65437626
1/31/2010,77.52432413
2/1/2010,77.49618133
2/2/2010,77.56994786
2/3/2010,77.74562374
2/4/2010,78.02320895
2/5/2010,78.4027035
2/6/2010,78.72704965
2/7/2010,78.99624741
2/8/2010,79.21029679
2/9/2010,79.36919776
2/10/2010,79.47295035
2/11/2010,79.52155454
2/12/2010,79.51501034
2/13/2010,79.54654392
2/14/2010,79.61615529
2/15/2010,79.72384444
2/16/2010,79.86961136
2/17/2010,80.05345608
2/18/2010,80.27537857
2/19/2010,80.53537885
2/20/2010,80.78095666
2/21/2010,81.01211202
2/22/2010,81.22884492
2/23/2010,81.43115536
2/24/2010,81.61904334
2/25/2010,81.79250886
2/26/2010,81.95155192
2/27/2010,82.04450985
2/28/2010,82.07138263
3/1/2010,82.03217028
3/2/2010,81.92687278
3/3/2010,81.75549015
3/4/2010,81.51802238
3/5/2010,81.21446947
3/6/2010,80.96044022
3/7/2010,80.75593462
3/8/2010,80.60095269
3/9/2010,80.4954944
3/10/2010,80.43955978
3/11/2010,80.43314882
3/12/2010,80.47626151
3/13/2010,80.51867425
3/14/2010,80.56038705
3/15/2010,80.6013999
3/16/2010,80.6417128
3/17/2010,80.68132575
3/18/2010,80.72023875
3/19/2010,80.75845181
3/20/2010,80.8250285
3/21/2010,80.91996881
3/22/2010,81.04327275
3/23/2010,81.19494031
3/24/2010,81.3749715
3/25/2010,81.58336633
3/26/2010,81.82012477
3/27/2010,82.06558321
3/28/2010,82.31974163
3/29/2010,82.58260003
3/30/2010,82.85415842
3/31/2010,83.13441679
4/1/2010,83.42337515
4/2/2010,83.7210335
4/3/2010,84.00444078
4/4/2010,84.27359699
4/5/2010,84.52850213
4/6/2010,84.76915621
4/7/2010,84.99555922
4/8/2010,85.20771116
4/9/2010,85.40561204
4/10/2010,85.55359858
4/11/2010,85.65167079
4/12/2010,85.69982867
4/13/2010,85.69807221
4/14/2010,85.64640142
4/15/2010,85.54481629
4/16/2010,85.39331684
4/17/2010,85.36196507
4/18/2010,85.450761
4/19/2010,85.65970462
4/20/2010,85.98879593
4/21/2010,86.43803493
4/22/2010,87.00742162
4/23/2010,87.69695601
4/24/2010,88.2907955
4/25/2010,88.78894009
4/26/2010,89.19138979
4/27/2010,89.49814459
4/28/2010,89.7092045
4/29/2010,89.82456951
4/30/2010,89.84423963
5/1/2010,89.8260035
5/2/2010,89.76986112
5/3/2010,89.67581249
5/4/2010,89.54385762
5/5/2010,89.3739965
5/6/2010,89.16622914
5/7/2010,88.92055553
5/8/2010,88.70194008
5/9/2010,88.5103828
5/10/2010,88.34588367
5/11/2010,88.20844272
5/12/2010,88.09805992
5/13/2010,88.01473528
5/14/2010,87.95846881
5/15/2010,87.91599367
5/16/2010,87.88730985
5/17/2010,87.87241735
5/18/2010,87.87131618
5/19/2010,87.88400633
5/20/2010,87.91048782
5/21/2010,87.95076062
5/22/2010,87.95708605
5/23/2010,87.92946409
5/24/2010,87.86789476
5/25/2010,87.77237805
5/26/2010,87.64291395
5/27/2010,87.47950248
5/28/2010,87.28214363
5/29/2010,87.18602639
5/30/2010,87.19115077
5/31/2010,87.29751677
6/1/2010,87.50512438
6/2/2010,87.81397361
6/3/2010,88.22406445
6/4/2010,88.73539691
6/5/2010,89.10055509
6/6/2010,89.31953897
6/7/2010,89.39234857
6/8/2010,89.31898389
6/9/2010,89.09944491
6/10/2010,88.73373165
6/11/2010,88.22184411
6/12/2010,87.86168388
6/13/2010,87.65325096
6/14/2010,87.59654537
6/15/2010,87.69156709
6/16/2010,87.93831612
6/17/2010,88.33679248
6/18/2010,88.88699615
6/19/2010,89.29499892
6/20/2010,89.5608008
6/21/2010,89.68440179
6/22/2010,89.66580188
6/23/2010,89.50500108
6/24/2010,89.20199937
6/25/2010,88.75679678
6/26/2010,88.43394556
6/27/2010,88.23344572
6/28/2010,88.15529725
6/29/2010,88.19950016
6/30/2010,88.36605444
7/1/2010,88.6549601
7/2/2010,89.06621714
7/3/2010,89.41497564
7/4/2010,89.70123562
7/5/2010,89.92499706
7/6/2010,90.08625997
7/7/2010,90.18502436
7/8/2010,90.22129021
7/9/2010,90.19505753
7/10/2010,90.21677992
7/11/2010,90.28645736
7/12/2010,90.40408987
7/13/2010,90.56967745
7/14/2010,90.78322008
7/15/2010,91.04471778
7/16/2010,91.35417054
7/17/2010,91.5658072
7/18/2010,91.67962775
7/19/2010,91.69563221
7/20/2010,91.61382056
7/21/2010,91.4341928
7/22/2010,91.15674895
7/23/2010,90.78148899
7/24/2010,90.52426539
7/25/2010,90.38507815
7/26/2010,90.36392728
7/27/2010,90.46081276
7/28/2010,90.67573461
7/29/2010,91.00869282
7/30/2010,91.45968739
7/31/2010,91.70909807
8/1/2010,91.75692487
8/2/2010,91.60316778
8/3/2010,91.24782679
8/4/2010,90.69090193
8/5/2010,89.93239317
8/6/2010,88.97230052
8/7/2010,88.26320506
8/8/2010,87.80510676
8/9/2010,87.59800565
8/10/2010,87.64190171
8/11/2010,87.93679494
8/12/2010,88.48268536
8/13/2010,89.27957294
8/14/2010,89.86768107
8/15/2010,90.24700973
8/16/2010,90.41755893
8/17/2010,90.37932866
8/18/2010,90.13231893
8/19/2010,89.67652974
8/20/2010,89.01196108
8/21/2010,88.43261054
8/22/2010,87.9384781
8/23/2010,87.52956378
8/24/2010,87.20586757
8/25/2010,86.96738946
8/26/2010,86.81412948
8/27/2010,86.7460876
8/28/2010,86.73530047
8/29/2010,86.7817681
8/30/2010,86.88549049
8/31/2010,87.04646763
9/1/2010,87.26469953
9/2/2010,87.54018618
9/3/2010,87.87292758
9/4/2010,88.12177501
9/5/2010,88.28672847
9/6/2010,88.36778795
9/7/2010,88.36495346
9/8/2010,88.27822499
9/9/2010,88.10760254
9/10/2010,87.85308612
9/11/2010,87.66237759
9/12/2010,87.53547696
9/13/2010,87.47238422
9/14/2010,87.47309936
9/15/2010,87.53762241
9/16/2010,87.66595334
9/17/2010,87.85809217
9/18/2010,87.97091741
9/19/2010,88.00442908
9/20/2010,87.95862716
9/21/2010,87.83351167
9/22/2010,87.62908259
9/23/2010,87.34533993
9/24/2010,86.98228368
9/25/2010,86.60758807
9/26/2010,86.22125309
9/27/2010,85.82327874
9/28/2010,85.41366502
9/29/2010,84.99241193
9/30/2010,84.55951947
10/1/2010,84.11498763
10/2/2010,83.71028178
10/3/2010,83.34540192
10/4/2010,83.02034803
10/5/2010,82.73512013
10/6/2010,82.48971822
10/7/2010,82.28414228
10/8/2010,82.11839233
10/9/2010,81.98749957
10/10/2010,81.891464
10/11/2010,81.83028562
10/12/2010,81.80396443
10/13/2010,81.81250043
10/14/2010,81.85589362
10/15/2010,81.934144
10/16/2010,82.05378249
10/17/2010,82.21480909
10/18/2010,82.41722379
10/19/2010,82.66102659
10/20/2010,82.94621751
10/21/2010,83.27279653
10/22/2010,83.64076365
10/23/2010,83.87814765
10/24/2010,83.98494852
10/25/2010,83.96116626
10/26/2010,83.80680087
10/27/2010,83.52185235
10/28/2010,83.1063207
10/29/2010,82.56020592
10/30/2010,82.12385844
10/31/2010,81.79727827
11/1/2010,81.5804654
11/2/2010,81.47341983
11/3/2010,81.47614156
11/4/2010,81.58863059
11/5/2010,81.81088692
11/6/2010,82.02343627
11/7/2010,82.22627862
11/8/2010,82.41941398
11/9/2010,82.60284235
11/10/2010,82.77656373
11/11/2010,82.94057812
11/12/2010,83.09488552
11/13/2010,83.30446695
11/14/2010,83.56932242
11/15/2010,83.88945193
11/16/2010,84.26485547
11/17/2010,84.69553305
11/18/2010,85.18148467
11/19/2010,85.72271032
11/20/2010,86.03313757
11/21/2010,86.1127664
11/22/2010,85.96159682
11/23/2010,85.57962883
11/24/2010,84.96686243
11/25/2010,84.12329762
11/26/2010,83.04893439
11/27/2010,82.32134058
11/28/2010,81.94051617
11/29/2010,81.90646118
11/30/2010,82.2191756
12/1/2010,82.87865942
12/2/2010,83.88491266
12/3/2010,85.2379353
12/4/2010,86.36633254
12/5/2010,87.27010438
12/6/2010,87.94925081
12/7/2010,88.40377184
12/8/2010,88.63366746
12/9/2010,88.63893767
12/10/2010,88.41958249
12/11/2010,88.23003768
12/12/2010,88.07030326
12/13/2010,87.94037923
12/14/2010,87.84026558
12/15/2010,87.76996232
12/16/2010,87.72946944
12/17/2010,87.71878694
12/18/2010,87.70976201
12/19/2010,87.70239465
12/20/2010,87.69668486
12/21/2010,87.69263264
12/22/2010,87.69023799
12/23/2010,87.6895009
12/24/2010,87.69042138
12/25/2010,87.70469401
12/26/2010,87.73231879
12/27/2010,87.77329571
12/28/2010,87.82762477
12/29/2010,87.89530599
12/30/2010,87.97633934
12/31/2010,88.07072485
1/1/2011,88.12087518
1/2/2011,88.12679035
1/3/2011,88.08847034
1/4/2011,88.00591516
1/5/2011,87.87912482
1/6/2011,87.7080993
1/7/2011,87.49283862
1/8/2011,87.22169586
1/9/2011,86.89467104
1/10/2011,86.51176414
1/11/2011,86.07297517
1/12/2011,85.57830414
1/13/2011,85.02775103
1/14/2011,84.42131586
1/15/2011,83.86462939
1/16/2011,83.35769163
1/17/2011,82.90050258
1/18/2011,82.49306224
1/19/2011,82.13537061
1/20/2011,81.82742768
1/21/2011,81.56923347
1/22/2011,81.4367079
1/23/2011,81.42985098
1/24/2011,81.5486627
1/25/2011,81.79314308
1/26/2011,82.1632921
1/27/2011,82.65910978
1/28/2011,83.2805961
1/29/2011,83.82145054
1/30/2011,84.28167309
1/31/2011,84.66126377
2/1/2011,84.96022256
2/2/2011,85.17854946
2/3/2011,85.31624449
2/4/2011,85.37330763
2/5/2011,85.32480864
2/6/2011,85.17074752
2/7/2011,84.91112426
2/8/2011,84.54593888
2/9/2011,84.07519136
2/10/2011,83.49888171
2/11/2011,82.81700992
2/12/2011,82.18871382
2/13/2011,81.61399339
2/14/2011,81.09284864
2/15/2011,80.62527957
2/16/2011,80.21128618
2/17/2011,79.85086847
2/18/2011,79.54402644
2/19/2011,79.33424687
2/20/2011,79.22152975
2/21/2011,79.20587509
2/22/2011,79.28728288
2/23/2011,79.46575313
2/24/2011,79.74128584
2/25/2011,80.113881
2/26/2011,80.44501786
2/27/2011,80.7346964
2/28/2011,80.98291662
3/1/2011,81.18967854
3/2/2011,81.35498214
3/3/2011,81.47882743
3/4/2011,81.56121441
3/5/2011,81.66755447
3/6/2011,81.79784762
3/7/2011,81.95209384
3/8/2011,82.13029314
3/9/2011,82.33244553
3/10/2011,82.55855099
3/11/2011,82.80860954
3/12/2011,83.03881994
3/13/2011,83.24918219
3/14/2011,83.43969629
3/15/2011,83.61036225
3/16/2011,83.76118006
3/17/2011,83.89214973
3/18/2011,84.00327124
3/19/2011,84.08481328
3/20/2011,84.13677585
3/21/2011,84.15915895
3/22/2011,84.15196257
3/23/2011,84.11518672
3/24/2011,84.04883139
3/25/2011,83.95289659
3/26/2011,83.91132527
3/27/2011,83.92411742
3/28/2011,83.99127305
3/29/2011,84.11279215
3/30/2011,84.28867473
3/31/2011,84.51892078
4/1/2011,84.80353031
4/2/2011,84.93096998
4/3/2011,84.90123978
4/4/2011,84.71433972
4/5/2011,84.3702698
4/6/2011,83.86903002
4/7/2011,83.21062038
4/8/2011,82.39504087
4/9/2011,81.76092357
4/10/2011,81.30826848
4/11/2011,81.03707559
4/12/2011,80.94734491
4/13/2011,81.03907643
4/14/2011,81.31227016
4/15/2011,81.7669261
4/16/2011,82.1427203
4/17/2011,82.43965276
4/18/2011,82.65772348
4/19/2011,82.79693246
4/20/2011,82.8572797
4/21/2011,82.8387652
4/22/2011,82.74138897
4/23/2011,82.6753552
4/24/2011,82.6406639
4/25/2011,82.63731506
4/26/2011,82.6653087
4/27/2011,82.7246448
4/28/2011,82.81532338
4/29/2011,82.93734442
4/30/2011,82.99643951
5/1/2011,82.99260867
5/2/2011,82.92585188
5/3/2011,82.79616916
5/4/2011,82.60356049
5/5/2011,82.34802587
5/6/2011,82.02956532
5/7/2011,81.78933181
5/8/2011,81.62732534
5/9/2011,81.54354591
5/10/2011,81.53799353
5/11/2011,81.6106682
5/12/2011,81.7615699
5/13/2011,81.99069865
5/14/2011,82.28506679
5/15/2011,82.64467431
5/16/2011,83.06952123
5/17/2011,83.55960752
5/18/2011,84.11493321
5/19/2011,84.73549828
5/20/2011,85.42130274
5/21/2011,85.95976769
5/22/2011,86.35089312
5/23/2011,86.59467903
5/24/2011,86.69112543
5/25/2011,86.64023231
5/26/2011,86.44199968
5/27/2011,86.09642753
5/28/2011,85.8683915
5/29/2011,85.75789158
5/30/2011,85.76492777
5/31/2011,85.88950008
6/1/2011,86.1316085
6/2/2011,86.49125304
6/3/2011,86.96843369
6/4/2011,87.29561739
6/5/2011,87.47280413
6/6/2011,87.49999391
6/7/2011,87.37718674
6/8/2011,87.10438261
6/9/2011,86.68158153
6/10/2011,86.1087835
6/11/2011,85.74968679
6/12/2011,85.6042914
6/13/2011,85.67259735
6/14/2011,85.95460462
6/15/2011,86.45031321
6/16/2011,87.15972314
6/17/2011,88.08283439
6/18/2011,88.79942463
6/19/2011,89.30949384
6/20/2011,89.61304204
6/21/2011,89.71006922
6/22/2011,89.60057537
6/23/2011,89.28456052
6/24/2011,88.76202464
6/25/2011,88.35268664
6/26/2011,88.05654651
6/27/2011,87.87360425
6/28/2011,87.80385987
6/29/2011,87.84731336
6/30/2011,88.00396473
7/1/2011,88.27381397
7/2/2011,88.45824299
7/3/2011,88.55725181
7/4/2011,88.57084042
7/5/2011,88.49900882
7/6/2011,88.34175701
7/7/2011,88.09908498
7/8/2011,87.77099275
7/9/2011,87.59456101
7/10/2011,87.56978977
7/11/2011,87.69667901
7/12/2011,87.97522875
7/13/2011,88.40543899
7/14/2011,88.98730972
7/15/2011,89.72084094
7/16/2011,90.25169284
7/17/2011,90.57986541
7/18/2011,90.70535865
7/19/2011,90.62817257
7/20/2011,90.34830716
7/21/2011,89.86576243
7/22/2011,89.18053838
7/23/2011,88.64220604
7/24/2011,88.25076544
7/25/2011,88.00621655
7/26/2011,87.90855939
7/27/2011,87.95779396
7/28/2011,88.15392024
7/29/2011,88.49693826
7/30/2011,88.81170723
7/31/2011,89.09822717
8/1/2011,89.35649807
8/2/2011,89.58651994
8/3/2011,89.78829277
8/4/2011,89.96181656
8/5/2011,90.10709131
8/6/2011,90.18450162
8/7/2011,90.19404748
8/8/2011,90.13572889
8/9/2011,90.00954586
8/10/2011,89.81549838
8/11/2011,89.55358646
8/12/2011,89.22381009
8/13/2011,89.00222359
8/14/2011,88.88882698
8/15/2011,88.88362024
8/16/2011,88.98660339
8/17/2011,89.19777641
8/18/2011,89.5171393
8/19/2011,89.94469208
8/20/2011,90.25632605
8/21/2011,90.45204123
8/22/2011,90.5318376
8/23/2011,90.49571517
8/24/2011,90.34367395
8/25/2011,90.07571392
8/26/2011,89.69183509
8/27/2011,89.39043143
8/28/2011,89.17150295
8/29/2011,89.03504965
8/30/2011,88.98107152
8/31/2011,89.00956857
9/1/2011,89.12054079
9/2/2011,89.31398818
9/3/2011,89.39564428
9/4/2011,89.36550909
9/5/2011,89.22358259
9/6/2011,88.9698648
9/7/2011,88.60435572
9/8/2011,88.12705533
9/9/2011,87.53796366
9/10/2011,87.1025359
9/11/2011,86.82077207
9/12/2011,86.69267215
9/13/2011,86.71823617
9/14/2011,86.8974641
9/15/2011,87.23035596
9/16/2011,87.71691174
9/17/2011,88.09389513
9/18/2011,88.36130614
9/19/2011,88.51914477
9/20/2011,88.56741101
9/21/2011,88.50610487
9/22/2011,88.33522634
9/23/2011,88.05477542
9/24/2011,87.84764667
9/25/2011,87.71384009
9/26/2011,87.65335567
9/27/2011,87.66619342
9/28/2011,87.75235333
9/29/2011,87.91183541
9/30/2011,88.14463965
10/1/2011,88.23456235
10/2/2011,88.1816035
10/3/2011,87.9857631
10/4/2011,87.64704115
10/5/2011,87.16543765
10/6/2011,86.5409526
10/7/2011,85.77358601
10/8/2011,85.09728363
10/9/2011,84.51204548
10/10/2011,84.01787156
10/11/2011,83.61476185
10/12/2011,83.30271637
10/13/2011,83.08173511
10/14/2011,82.95181807
10/15/2011,82.88914266
10/16/2011,82.89370888
10/17/2011,82.96551674
10/18/2011,83.10456622
10/19/2011,83.31085734
10/20/2011,83.58439009
10/21/2011,83.92516447
10/22/2011,84.2475029
10/23/2011,84.55140537
10/24/2011,84.8368719
10/25/2011,85.10390248
10/26/2011,85.3524971
10/27/2011,85.58265578
10/28/2011,85.7943785
10/29/2011,85.86490789
10/30/2011,85.79424395
10/31/2011,85.58238667
11/1/2011,85.22933606
11/2/2011,84.73509211
11/3/2011,84.09965482
11/4/2011,83.3230242
11/5/2011,82.74725204
11/6/2011,82.37233834
11/7/2011,82.19828309
11/8/2011,82.22508629
11/9/2011,82.45274796
11/10/2011,82.88126808
11/11/2011,83.51064666
11/12/2011,84.06517744
11/13/2011,84.54486042
11/14/2011,84.9496956
11/15/2011,85.27968298
11/16/2011,85.53482256
11/17/2011,85.71511434
11/18/2011,85.82055833
11/19/2011,85.84639103
11/20/2011,85.79261244
11/21/2011,85.65922257
11/22/2011,85.44622141
11/23/2011,85.15360897
11/24/2011,84.78138525
11/25/2011,84.32955023
11/26/2011,84.08095957
11/27/2011,84.03561326
11/28/2011,84.1935113
11/29/2011,84.55465369
11/30/2011,85.11904043
12/1/2011,85.88667152
12/2/2011,86.85754695
12/3/2011,87.56965074
12/4/2011,88.02298286
12/5/2011,88.21754332
12/6/2011,88.15333212
12/7/2011,87.83034927
12/8/2011,87.24859475
12/9/2011,86.40806858
12/10/2011,85.71923115
12/11/2011,85.18208246
12/12/2011,84.79662251
12/13/2011,84.56285131
12/14/2011,84.48076885
12/15/2011,84.55037514
12/16/2011,84.77167016
12/17/2011,84.92602079
12/18/2011,85.013427
12/19/2011,85.03388881
12/20/2011,84.98740622
12/21/2011,84.87397922
12/22/2011,84.69360781
12/23/2011,84.446292
12/24/2011,84.26093312
12/25/2011,84.13753116
12/26/2011,84.07608614
12/27/2011,84.07659805
12/28/2011,84.13906688
12/29/2011,84.26349265
12/30/2011,84.44987535
12/31/2011,84.63513011
1/1/2012,84.81925695
1/2/2012,85.00225586
1/3/2012,85.18412684
1/4/2012,85.36486989
1/5/2012,85.54448501
1/6/2012,85.7229722
1/7/2012,85.81915517
1/8/2012,85.83303391
1/9/2012,85.76460844
1/10/2012,85.61387875
1/11/2012,85.38084484
1/12/2012,85.0655067
1/13/2012,84.66786434
1/14/2012,84.29835483
1/15/2012,83.95697815
1/16/2012,83.64373432
1/17/2012,83.35862333
1/18/2012,83.10164517
1/19/2012,82.87279986
1/20/2012,82.67208739
1/21/2012,82.48763117
1/22/2012,82.3194312
1/23/2012,82.16748749
1/24/2012,82.03180004
1/25/2012,81.91236883
1/26/2012,81.80919388
1/27/2012,81.72227518
1/28/2012,81.6776666
1/29/2012,81.67536813
1/30/2012,81.71537977
1/31/2012,81.79770153
2/1/2012,81.9223334
2/2/2012,82.08927539
2/3/2012,82.29852748
2/4/2012,82.49199411
2/5/2012,82.66967526
2/6/2012,82.83157094
2/7/2012,82.97768115
2/8/2012,83.10800589
2/9/2012,83.22254516
2/10/2012,83.32129895
2/11/2012,83.4678577
2/12/2012,83.66222141
2/13/2012,83.90439008
2/14/2012,84.19436371
2/15/2012,84.5321423
2/16/2012,84.91772584
2/17/2012,85.35111435
2/18/2012,85.64059287
2/19/2012,85.78616141
2/20/2012,85.78781996
2/21/2012,85.64556854
2/22/2012,85.35940713
2/23/2012,84.92933574
2/24/2012,84.35535437
2/25/2012,83.90219671
2/26/2012,83.56986278
2/27/2012,83.35835256
2/28/2012,83.26766606
2/29/2012,83.29780329
3/1/2012,83.44876422
3/2/2012,83.72054888
3/3/2012,83.91284568
3/4/2012,84.02565463
3/5/2012,84.05897571
3/6/2012,84.01280894
3/7/2012,83.88715432
3/8/2012,83.68201183
3/9/2012,83.39738149
3/10/2012,83.13231484
3/11/2012,82.88681189
3/12/2012,82.66087262
3/13/2012,82.45449704
3/14/2012,82.26768516
3/15/2012,82.10043696
3/16/2012,81.95275246
3/17/2012,81.89135559
3/18/2012,81.91624635
3/19/2012,82.02742474
3/20/2012,82.22489076
3/21/2012,82.50864441
3/22/2012,82.8786857
3/23/2012,83.33501461
3/24/2012,83.76584336
3/25/2012,84.17117193
3/26/2012,84.55100034
3/27/2012,84.90532858
3/28/2012,85.23415664
3/29/2012,85.53748454
3/30/2012,85.81531226
3/31/2012,85.97454056
4/1/2012,86.01516942
4/2/2012,85.93719886
4/3/2012,85.74062887
4/4/2012,85.42545944
4/5/2012,84.99169059
4/6/2012,84.43932231
4/7/2012,84.01417685
4/8/2012,83.7162542
4/9/2012,83.54555437
4/10/2012,83.50207735
4/11/2012,83.58582315
4/12/2012,83.79679177
4/13/2012,84.13498321
4/14/2012,84.40447996
4/15/2012,84.60528201
4/16/2012,84.73738938
4/17/2012,84.80080206
4/18/2012,84.79552004
4/19/2012,84.72154334
4/20/2012,84.57887195
4/21/2012,84.50484333
4/22/2012,84.4994575
4/23/2012,84.56271444
4/24/2012,84.69461417
4/25/2012,84.89515667
4/26/2012,85.16434195
4/27/2012,85.50217001
4/28/2012,85.7755413
4/29/2012,85.98445581
4/30/2012,86.12891355
5/1/2012,86.20891451
5/2/2012,86.2244587
5/3/2012,86.17554612
5/4/2012,86.06217676
5/5/2012,86.03354881
5/6/2012,86.08966228
5/7/2012,86.23051717
5/8/2012,86.45611347
5/9/2012,86.76645119
5/10/2012,87.16153032
5/11/2012,87.64135087
5/12/2012,88.02356985
5/13/2012,88.30818727
5/14/2012,88.49520313
5/15/2012,88.58461742
5/16/2012,88.57643015
5/17/2012,88.47064131
5/18/2012,88.26725091
5/19/2012,88.11922554
5/20/2012,88.02656522
5/21/2012,87.98926993
5/22/2012,88.00733967
5/23/2012,88.08077446
5/24/2012,88.20957428
5/25/2012,88.39373914
5/26/2012,88.59712478
5/27/2012,88.81973121
5/28/2012,89.06155843
5/29/2012,89.32260643
5/30/2012,89.60287522
5/31/2012,89.90236479
6/1/2012,90.22107514
6/2/2012,90.51763472
6/3/2012,90.79204353
6/4/2012,91.04430155
6/5/2012,91.2744088
6/6/2012,91.48236528
6/7/2012,91.66817097
6/8/2012,91.8318259
6/9/2012,91.95513198
6/10/2012,92.03808924
6/11/2012,92.08069766
6/12/2012,92.08295726
6/13/2012,92.04486802
6/14/2012,91.96642994
6/15/2012,91.84764304
6/16/2012,91.77994584
6/17/2012,91.76333836
6/18/2012,91.79782058
6/19/2012,91.88339251
6/20/2012,92.02005416
6/21/2012,92.20780551
6/22/2012,92.44664658
6/23/2012,92.61509142
6/24/2012,92.71314004
6/25/2012,92.74079244
6/26/2012,92.69804862
6/27/2012,92.58490858
6/28/2012,92.40137232
6/29/2012,92.14743983
6/30/2012,91.97030205
7/1/2012,91.86995897
7/2/2012,91.8464106
7/3/2012,91.89965692
7/4/2012,92.02969795
7/5/2012,92.23653368
7/6/2012,92.52016411
7/7/2012,92.71991261
7/8/2012,92.83577919
7/9/2012,92.86776385
7/10/2012,92.81586658
7/11/2012,92.68008739
7/12/2012,92.46042627
7/13/2012,92.15688322
7/14/2012,91.94755841
7/15/2012,91.83245185
7/16/2012,91.81156352
7/17/2012,91.88489343
7/18/2012,92.05244158
7/19/2012,92.31420798
7/20/2012,92.67019261
7/21/2012,92.93390892
7/22/2012,93.10535693
7/23/2012,93.18453662
7/24/2012,93.17144801
7/25/2012,93.06609108
7/26/2012,92.86846584
7/27/2012,92.57857228
7/28/2012,92.35006728
7/29/2012,92.18295082
7/30/2012,92.07722291
7/31/2012,92.03288354
8/1/2012,92.04993272
8/2/2012,92.12837046
8/3/2012,92.26819673
8/4/2012,92.39706357
8/5/2012,92.51497095
8/6/2012,92.62191889
8/7/2012,92.71790739
8/8/2012,92.80293643
8/9/2012,92.87700604
8/10/2012,92.94011619
8/11/2012,92.93704552
8/12/2012,92.86779401
8/13/2012,92.73236167
8/14/2012,92.53074849
8/15/2012,92.26295448
8/16/2012,91.92897964
8/17/2012,91.52882397
8/18/2012,91.23762368
8/19/2012,91.05537877
8/20/2012,90.98208924
8/21/2012,91.01775509
8/22/2012,91.16237632
8/23/2012,91.41595294
8/24/2012,91.77848493
8/25/2012,91.93275681
8/26/2012,91.87876858
8/27/2012,91.61652023
8/28/2012,91.14601177
8/29/2012,90.46724319
8/30/2012,89.5802145
8/31/2012,88.48492569
9/1/2012,87.50225447
9/2/2012,86.63220085
9/3/2012,85.87476482
9/4/2012,85.22994638
9/5/2012,84.69774553
9/6/2012,84.27816227
9/7/2012,83.9711966
9/8/2012,83.87044349
9/9/2012,83.97590292
9/10/2012,84.2875749
9/11/2012,84.80545943
9/12/2012,85.52955651
9/13/2012,86.45986614
9/14/2012,87.59638832
9/15/2012,88.46966614
9/16/2012,89.07969961
9/17/2012,89.42648872
9/18/2012,89.51003346
9/19/2012,89.33033386
9/20/2012,88.88738989
9/21/2012,88.18120157
9/22/2012,87.64218367
9/23/2012,87.2703362
9/24/2012,87.06565915
9/25/2012,87.02815253
9/26/2012,87.15781633
9/27/2012,87.45465055
9/28/2012,87.9186552
9/29/2012,88.2438262
9/30/2012,88.43016356
10/1/2012,88.47766728
10/2/2012,88.38633736
10/3/2012,88.1561738
10/4/2012,87.78717659
10/5/2012,87.27934575
10/6/2012,86.88953325
10/7/2012,86.6177391
10/8/2012,86.4639633
10/9/2012,86.42820585
10/10/2012,86.51046675
10/11/2012,86.710746
10/12/2012,87.0290436
10/13/2012,87.27434915
10/14/2012,87.44666265
10/15/2012,87.5459841
10/16/2012,87.5723135
10/17/2012,87.52565085
10/18/2012,87.40599615
10/19/2012,87.21334941
10/20/2012,87.09127651
10/21/2012,87.03977748
10/22/2012,87.05885229
10/23/2012,87.14850096
10/24/2012,87.30872349
10/25/2012,87.53951986
10/26/2012,87.8408901
10/27/2012,88.01163523
10/28/2012,88.05175527
10/29/2012,87.9612502
10/30/2012,87.74012003
10/31/2012,87.38836477
11/1/2012,86.90598441
11/2/2012,86.29297894
11/3/2012,85.79822816
11/4/2012,85.42173206
11/5/2012,85.16349064
11/6/2012,85.0235039
11/7/2012,85.00177184
11/8/2012,85.09829447
11/9/2012,85.31307177
11/10/2012,85.53317361
11/11/2012,85.7586
11/12/2012,85.98935092
11/13/2012,86.22542638
11/14/2012,86.46682639
11/15/2012,86.71355093
11/16/2012,86.96560001
11/17/2012,87.18993068
11/18/2012,87.38654295
11/19/2012,87.55543681
11/20/2012,87.69661227
11/21/2012,87.81006932
11/22/2012,87.89580796
11/23/2012,87.9538282
11/24/2012,88.07086232
11/25/2012,88.24691033
11/26/2012,88.48197223
11/27/2012,88.77604801
11/28/2012,89.12913768
11/29/2012,89.54124123
11/30/2012,90.01235867
12/1/2012,90.38026223
12/2/2012,90.64495192
12/3/2012,90.80642774
12/4/2012,90.86468969
12/5/2012,90.81973777
12/6/2012,90.67157197
12/7/2012,90.4201923
12/8/2012,90.26055597
12/9/2012,90.19266298
12/10/2012,90.21651332
12/11/2012,90.33210701
12/12/2012,90.53944403
12/13/2012,90.83852439
12/14/2012,91.22934809
12/15/2012,91.50744439
12/16/2012,91.67281329
12/17/2012,91.72545479
12/18/2012,91.6653689
12/19/2012,91.49255561
12/20/2012,91.20701493
12/21/2012,90.80874684
12/22/2012,90.49623593
12/23/2012,90.2694822
12/24/2012,90.12848565
12/25/2012,90.07324627
12/26/2012,90.10376407
12/27/2012,90.22003904
12/28/2012,90.42207119
12/29/2012,90.54558239
12/30/2012,90.59057263
12/31/2012,90.55704191
1/1/2013,90.44499024
1/2/2013,90.25441761
1/3/2013,89.98532403
1/4/2013,89.63770949
1/5/2013,89.35323672
1/6/2013,89.13190571
1/7/2013,88.97371647
1/8/2013,88.87866899
1/9/2013,88.84676328
1/10/2013,88.87799933
1/11/2013,88.97237715
1/12/2013,88.89731614
1/13/2013,88.65281631
1/14/2013,88.23887765
1/15/2013,87.65550017
1/16/2013,86.90268386
1/17/2013,85.98042873
1/18/2013,84.88873477
1/19/2013,84.0453342
1/20/2013,83.45022702
1/21/2013,83.10341323
1/22/2013,83.00489282
1/23/2013,83.1546658
1/24/2013,83.55273217
1/25/2013,84.19909192
1/26/2013,84.70318028
1/27/2013,85.06499724
1/28/2013,85.2845428
1/29/2013,85.36181696
1/30/2013,85.29681972
1/31/2013,85.08955108
2/1/2013,84.74001105
2/2/2013,84.45404715
2/3/2013,84.23165937
2/4/2013,84.07284774
2/5/2013,83.97761223
2/6/2013,83.94595285
2/7/2013,83.97786961
2/8/2013,84.0733625
2/9/2013,84.09887525
2/10/2013,84.05440784
2/11/2013,83.93996029
2/12/2013,83.7555326
2/13/2013,83.50112475
2/14/2013,83.17673676
2/15/2013,82.78236863
2/16/2013,82.55059246
2/17/2013,82.48140827
2/18/2013,82.57481605
2/19/2013,82.83081581
2/20/2013,83.24940754
2/21/2013,83.83059124
2/22/2013,84.57436691
2/23/2013,85.10493085
2/24/2013,85.42228304
2/25/2013,85.52642348
2/26/2013,85.41735219
2/27/2013,85.09506915
2/28/2013,84.55957437
3/1/2013,83.81086785
3/2/2013,83.14156779
3/3/2013,82.5516742
3/4/2013,82.04118707
3/5/2013,81.61010641
3/6/2013,81.25843221
3/7/2013,80.98616447
3/8/2013,80.7933032
3/9/2013,80.698602
3/10/2013,80.70206088
3/11/2013,80.80367984
3/12/2013,81.00345888
3/13/2013,81.301398
3/14/2013,81.69749719
3/15/2013,82.19175647
3/16/2013,82.66419896
3/17/2013,83.11482466
3/18/2013,83.54363357
3/19/2013,83.9506257
3/20/2013,84.33580104
3/21/2013,84.6991596
3/22/2013,85.04070137
3/23/2013,85.33657731
3/24/2013,85.58678741
3/25/2013,85.79133167
3/26/2013,85.9502101
3/27/2013,86.06342269
3/28/2013,86.13096944
3/29/2013,86.15285036
3/30/2013,86.18491964
3/31/2013,86.22717728
4/1/2013,86.27962328
4/2/2013,86.34225764
4/3/2013,86.41508036
4/4/2013,86.49809144
4/5/2013,86.59129088
4/6/2013,86.67562917
4/7/2013,86.75110631
4/8/2013,86.8177223
4/9/2013,86.87547714
4/10/2013,86.92437083
4/11/2013,86.96440338
4/12/2013,86.99557477
4/13/2013,86.92811005
4/14/2013,86.7620092
4/15/2013,86.49727224
4/16/2013,86.13389916
4/17/2013,85.67188995
4/18/2013,85.11124463
4/19/2013,84.45196318
4/20/2013,83.92091688
4/21/2013,83.51810572
4/22/2013,83.24352971
4/23/2013,83.09718884
4/24/2013,83.07908312
4/25/2013,83.18921254
4/26/2013,83.4275771
4/27/2013,83.69810782
4/28/2013,84.00080468
4/29/2013,84.3356677
4/30/2013,84.70269686
5/1/2013,85.10189218
5/2/2013,85.53325365
5/3/2013,85.99678127
5/4/2013,86.41188837
5/5/2013,86.77857496
5/6/2013,87.09684103
5/7/2013,87.36668659
5/8/2013,87.58811163
5/9/2013,87.76111616
5/10/2013,87.88570017
5/11/2013,87.97785266
5/12/2013,88.03757362
5/13/2013,88.06486305
5/14/2013,88.05972096
5/15/2013,88.02214734
5/16/2013,87.95214219
5/17/2013,87.84970552
5/18/2013,87.71696941
5/19/2013,87.55393386
5/20/2013,87.36059887
5/21/2013,87.13696445
5/22/2013,86.88303059
5/23/2013,86.59879729
5/24/2013,86.28426456
5/25/2013,86.10214853
5/26/2013,86.05244921
5/27/2013,86.13516659
5/28/2013,86.35030068
5/29/2013,86.69785147
5/30/2013,87.17781897
5/31/2013,87.79020318
6/1/2013,88.24916791
6/2/2013,88.55471317
6/3/2013,88.70683895
6/4/2013,88.70554526
6/5/2013,88.55083209
6/6/2013,88.24269945
6/7/2013,87.78114733
6/8/2013,87.45753384
6/9/2013,87.27185898
6/10/2013,87.22412275
6/11/2013,87.31432514
6/12/2013,87.54246616
6/13/2013,87.90854581
6/14/2013,88.41256408
6/15/2013,88.838505
6/16/2013,89.18636854
6/17/2013,89.45615473
6/18/2013,89.64786355
6/19/2013,89.761495
6/20/2013,89.7970491
6/21/2013,89.75452583
6/22/2013,89.78363306
6/23/2013,89.88437078
6/24/2013,90.056739
6/25/2013,90.30073773
6/26/2013,90.61636694
6/27/2013,91.00362666
6/28/2013,91.46251688
6/29/2013,91.84150865
6/30/2013,92.14060199
7/1/2013,92.35979688
7/2/2013,92.49909333
7/3/2013,92.55849135
7/4/2013,92.53799092
7/5/2013,92.43759205
7/6/2013,92.37014375
7/7/2013,92.33564602
7/8/2013,92.33409886
7/9/2013,92.36550227
7/10/2013,92.42985625
7/11/2013,92.52716079
7/12/2013,92.65741591
7/13/2013,92.75664837
7/14/2013,92.82485817
7/15/2013,92.86204531
7/16/2013,92.8682098
7/17/2013,92.84335163
7/18/2013,92.78747081
7/19/2013,92.70056733
7/20/2013,92.59618174
7/21/2013,92.47431403
7/22/2013,92.33496422
7/23/2013,92.1781323
7/24/2013,92.00381826
7/25/2013,91.81202212
7/26/2013,91.60274386
7/27/2013,91.43410197
7/28/2013,91.30609644
7/29/2013,91.21872727
7/30/2013,91.17199447
7/31/2013,91.16589803
8/1/2013,91.20043795
8/2/2013,91.27561424
8/3/2013,91.27564764
8/4/2013,91.20053815
8/5/2013,91.05028578
8/6/2013,90.82489051
8/7/2013,90.52435236
8/8/2013,90.14867132
8/9/2013,89.6978474
8/10/2013,89.37885152
8/11/2013,89.19168369
8/12/2013,89.1363439
8/13/2013,89.21283217
8/14/2013,89.42114848
8/15/2013,89.76129284
8/16/2013,90.23326525
8/17/2013,90.62408985
8/18/2013,90.93376664
8/19/2013,91.16229562
8/20/2013,91.30967679
8/21/2013,91.37591015
8/22/2013,91.3609957
8/23/2013,91.26493343
8/24/2013,91.19677784
8/25/2013,91.15652892
8/26/2013,91.14418666
8/27/2013,91.15975108
8/28/2013,91.20322216
8/29/2013,91.27459991
8/30/2013,91.37388434
8/31/2013,91.47670156
9/1/2013,91.58305158
9/2/2013,91.6929344
9/3/2013,91.80635002
9/4/2013,91.92329844
9/5/2013,92.04377966
9/6/2013,92.16779368
9/7/2013,92.28682823
9/8/2013,92.40088332
9/9/2013,92.50995893
9/10/2013,92.61405508
9/11/2013,92.71317177
9/12/2013,92.80730899
9/13/2013,92.89646674
9/14/2013,92.90263199
9/15/2013,92.82580475
9/16/2013,92.665985
9/17/2013,92.42317275
9/18/2013,92.09736801
9/19/2013,91.68857076
9/20/2013,91.19678102
9/21/2013,90.7773148
9/22/2013,90.43017211
9/23/2013,90.15535295
9/24/2013,89.95285731
9/25/2013,89.8226852
9/26/2013,89.76483662
9/27/2013,89.77931156
9/28/2013,89.69094445
9/29/2013,89.4997353
9/30/2013,89.2056841
10/1/2013,88.80879085
10/2/2013,88.30905555
10/3/2013,87.7064782
10/4/2013,87.0010588
10/5/2013,86.43503933
10/6/2013,86.00841978
10/7/2013,85.72120015
10/8/2013,85.57338045
10/9/2013,85.56496067
10/10/2013,85.69594081
10/11/2013,85.96632088
10/12/2013,86.16451831
10/13/2013,86.2905331
10/14/2013,86.34436527
10/15/2013,86.3260148
10/16/2013,86.23548169
10/17/2013,86.07276596
10/18/2013,85.83786759
10/19/2013,85.69882266
10/20/2013,85.65563117
10/21/2013,85.70829312
10/22/2013,85.85680851
10/23/2013,86.10117734
10/24/2013,86.44139962
10/25/2013,86.87747533
10/26/2013,87.20283824
10/27/2013,87.41748833
10/28/2013,87.52142562
10/29/2013,87.5146501
10/30/2013,87.39716176
10/31/2013,87.16896062
11/1/2013,86.83004666
11/2/2013,86.61446961
11/3/2013,86.52222945
11/4/2013,86.5533262
11/5/2013,86.70775985
11/6/2013,86.98553039
11/7/2013,87.38663784
11/8/2013,87.91108219
11/9/2013,88.33747463
11/10/2013,88.66581517
11/11/2013,88.89610381
11/12/2013,89.02834054
11/13/2013,89.06252537
11/14/2013,88.99865829
11/15/2013,88.83673931
11/16/2013,88.70594754
11/17/2013,88.60628296
11/18/2013,88.53774559
11/19/2013,88.50033543
11/20/2013,88.49405246
11/21/2013,88.5188967
11/22/2013,88.57486815
11/23/2013,88.71299178
11/24/2013,88.93326761
11/25/2013,89.23569562
11/26/2013,89.62027582
11/27/2013,90.08700822
11/28/2013,90.6358928
11/29/2013,91.26692957
11/30/2013,91.80296136
12/1/2013,92.24398816
12/2/2013,92.59000997
12/3/2013,92.8410268
12/4/2013,92.99703864
12/5/2013,93.05804549
12/6/2013,93.02404736
12/7/2013,92.94979261
12/8/2013,92.83528123
12/9/2013,92.68051324
12/10/2013,92.48548863
12/11/2013,92.25020739
12/12/2013,91.97466954
12/13/2013,91.65887507
12/14/2013,91.44164414
12/15/2013,91.32297675
12/16/2013,91.30287291
12/17/2013,91.38133261
12/18/2013,91.55835586
12/19/2013,91.83394266
12/20/2013,92.208093
12/21/2013,92.50342533
12/22/2013,92.71993967
12/23/2013,92.857636
12/24/2013,92.91651434
12/25/2013,92.89657467
12/26/2013,92.797817
12/27/2013,92.62024133
12/28/2013,92.48172637
12/29/2013,92.38227212
12/30/2013,92.32187858
12/31/2013,92.30054575
1/1/2014,92.31827363
1/2/2014,92.37506222
1/3/2014,92.47091152
1/4/2014,92.5094534
1/5/2014,92.49068784
1/6/2014,92.41461486
1/7/2014,92.28123444
1/8/2014,92.09054661
1/9/2014,91.84255134
1/10/2014,91.53724864
1/11/2014,91.15427838
1/12/2014,90.69364054
1/13/2014,90.15533514
1/14/2014,89.53936217
1/15/2014,88.84572162
1/16/2014,88.07441351
1/17/2014,87.22543784
1/18/2014,86.60414831
1/19/2014,86.21054493
1/20/2014,86.0446277
1/21/2014,86.10639662
1/22/2014,86.39585169
1/23/2014,86.91299292
1/24/2014,87.65782029
1/25/2014,88.19110986
1/26/2014,88.51286164
1/27/2014,88.6230756
1/28/2014,88.52175177
1/29/2014,88.20889014
1/30/2014,87.6844907
1/31/2014,86.94855346
2/1/2014,86.3825235
2/2/2014,85.98640083
2/3/2014,85.76018544
2/4/2014,85.70387733
2/5/2014,85.8174765
2/6/2014,86.10098295
2/7/2014,86.55439668
2/8/2014,86.90598068
2/9/2014,87.15573495
2/10/2014,87.30365947
2/11/2014,87.34975426
2/12/2014,87.29401932
2/13/2014,87.13645464
2/14/2014,86.87706022
2/15/2014,86.70530618
2/16/2014,86.62119252
2/17/2014,86.62471924
2/18/2014,86.71588634
2/19/2014,86.89469382
2/20/2014,87.16114168
2/21/2014,87.51522991
2/22/2014,87.79713132
2/23/2014,88.0068459
2/24/2014,88.14437366
2/25/2014,88.20971458
2/26/2014,88.20286868
2/27/2014,88.12383595
2/28/2014,87.9726164
3/1/2014,87.80652713
3/2/2014,87.62556814
3/3/2014,87.42973943
3/4/2014,87.21904101
3/5/2014,86.99347287
3/6/2014,86.75303502
3/7/2014,86.49772745
3/8/2014,86.27594429
3/9/2014,86.08768553
3/10/2014,85.93295119
3/11/2014,85.81174125
3/12/2014,85.72405571
3/13/2014,85.66989459
3/14/2014,85.64925787
3/15/2014,85.63020269
3/16/2014,85.61272904
3/17/2014,85.59683693
3/18/2014,85.58252635
3/19/2014,85.56979731
3/20/2014,85.55864981
3/21/2014,85.54908384
3/22/2014,85.59946963
3/23/2014,85.70980717
3/24/2014,85.88009648
3/25/2014,86.11033755
3/26/2014,86.40053037
3/27/2014,86.75067496
3/28/2014,87.1607713
3/29/2014,87.48448511
3/30/2014,87.72181637
3/31/2014,87.87276508
4/1/2014,87.93733126
4/2/2014,87.91551489
4/3/2014,87.80731599
4/4/2014,87.61273454
4/5/2014,87.47702931
4/6/2014,87.40020032
4/7/2014,87.38224755
4/8/2014,87.423171
4/9/2014,87.52297069
4/10/2014,87.6816466
4/11/2014,87.89919874
4/12/2014,88.14776898
4/13/2014,88.42735733
4/14/2014,88.73796379
4/15/2014,89.07958835
4/16/2014,89.45223102
4/17/2014,89.85589179
4/18/2014,90.29057067
4/19/2014,90.65092363
4/20/2014,90.93695069
4/21/2014,91.14865183
4/22/2014,91.28602705
4/23/2014,91.34907637
4/24/2014,91.33779977
4/25/2014,91.25219726
4/26/2014,91.16717103
4/27/2014,91.08272109
4/28/2014,90.99884743
4/29/2014,90.91555006
4/30/2014,90.83282897
5/1/2014,90.75068416
5/2/2014,90.66911564
5/3/2014,90.55949586
5/4/2014,90.42182482
5/5/2014,90.25610252
5/6/2014,90.06232896
5/7/2014,89.84050414
5/8/2014,89.59062806
5/9/2014,89.31270072
5/10/2014,89.07490854
5/11/2014,88.87725152
5/12/2014,88.71972967
5/13/2014,88.60234299
5/14/2014,88.52509146
5/15/2014,88.4879751
5/16/2014,88.4909939
5/17/2014,88.51900642
5/18/2014,88.57201264
5/19/2014,88.65001258
5/20/2014,88.75300622
5/21/2014,88.88099358
5/22/2014,89.03397465
5/23/2014,89.21194944
5/24/2014,89.40918999
5/25/2014,89.62569633
5/26/2014,89.86146845
5/27/2014,90.11650634
5/28/2014,90.39081001
5/29/2014,90.68437945
5/30/2014,90.99721468
5/31/2014,91.16808486
6/1/2014,91.19698999
6/2/2014,91.08393009
6/3/2014,90.82890514
6/4/2014,90.43191514
6/5/2014,89.89296011
6/6/2014,89.21204002
6/7/2014,88.62245997
6/8/2014,88.12421994
6/9/2014,87.71731994
6/10/2014,87.40175997
6/11/2014,87.17754003
6/12/2014,87.04466012
6/13/2014,87.00312023
6/14/2014,86.98926777
6/15/2014,87.00310274
6/16/2014,87.04462514
6/17/2014,87.11383497
6/18/2014,87.21073223
6/19/2014,87.33531692
6/20/2014,87.48758903
6/21/2014,87.70931047
6/22/2014,88.00048125
6/23/2014,88.36110134
6/24/2014,88.79117077
6/25/2014,89.29068953
6/26/2014,89.85965761
6/27/2014,90.49807502
6/28/2014,91.00982652
6/29/2014,91.39491212
6/30/2014,91.65333181
7/1/2014,91.7850856
7/2/2014,91.79017348
7/3/2014,91.66859545
7/4/2014,91.42035152
7/5/2014,91.28765512
7/6/2014,91.27050626
7/7/2014,91.36890493
7/8/2014,91.58285114
7/9/2014,91.91234488
7/10/2014,92.35738616
7/11/2014,92.91797497
7/12/2014,93.37859611
7/13/2014,93.73924957
7/14/2014,93.99993535
7/15/2014,94.16065346
7/16/2014,94.22140389
7/17/2014,94.18218665
7/18/2014,94.04300173
7/19/2014,93.92563594
7/20/2014,93.83008928
7/21/2014,93.75636174
7/22/2014,93.70445334
7/23/2014,93.67436406
7/24/2014,93.66609391
7/25/2014,93.67964288
7/26/2014,93.66565563
7/27/2014,93.62413216
7/28/2014,93.55507245
7/29/2014,93.45847652
7/30/2014,93.33434437
7/31/2014,93.18267598
8/1/2014,93.00347137
8/2/2014,92.81603457
8/3/2014,92.62036557
8/4/2014,92.41646438
8/5/2014,92.204331
8/6/2014,91.98396543
8/7/2014,91.75536767
8/8/2014,91.51853771
8/9/2014,91.38070177
8/10/2014,91.34185985
8/11/2014,91.40201196
8/12/2014,91.56115808
8/13/2014,91.81929823
8/14/2014,92.1764324
8/15/2014,92.63256059
8/16/2014,93.01357063
8/17/2014,93.31946253
8/18/2014,93.55023629
8/19/2014,93.7058919
8/20/2014,93.78642937
8/21/2014,93.79184869
8/22/2014,93.72214987
8/23/2014,93.65081937
8/24/2014,93.5778572
8/25/2014,93.50326335
8/26/2014,93.42703783
8/27/2014,93.34918063
8/28/2014,93.26969176
8/29/2014,93.18857121
8/30/2014,93.15179947
8/31/2014,93.15937653
9/1/2014,93.21130239
9/2/2014,93.30757706
9/3/2014,93.44820053
9/4/2014,93.63317281
9/5/2014,93.86249389
9/6/2014,94.01050783
9/7/2014,94.07721463
9/8/2014,94.06261428
9/9/2014,93.9667068
9/10/2014,93.78949217
9/11/2014,93.5309704
9/12/2014,93.19114149
9/13/2014,92.95485574
9/14/2014,92.82211314
9/15/2014,92.79291369
9/16/2014,92.8672574
9/17/2014,93.04514426
9/18/2014,93.32657428
9/19/2014,93.71154745
9/20/2014,93.91321225
9/21/2014,93.93156868
9/22/2014,93.76661674
9/23/2014,93.41835643
9/24/2014,92.88678775
9/25/2014,92.17191069
9/26/2014,91.27372526
9/27/2014,90.52814371
9/28/2014,89.93516604
9/29/2014,89.49479225
9/30/2014,89.20702233
10/1/2014,89.07185629
10/2/2014,89.08929412
10/3/2014,89.25933583
10/4/2014,89.37069492
10/5/2014,89.42337139
10/6/2014,89.41736524
10/7/2014,89.35267647
10/8/2014,89.22930508
10/9/2014,89.04725106
10/10/2014,88.80651442
10/11/2014,88.56773972
10/12/2014,88.33092696
10/13/2014,88.09607613
10/14/2014,87.86318724
10/15/2014,87.63226028
10/16/2014,87.40329526
10/17/2014,87.17629218
10/18/2014,86.97487873
10/19/2014,86.79905491
10/20/2014,86.64882073
10/21/2014,86.52417619
10/22/2014,86.42512127
10/23/2014,86.35165599
10/24/2014,86.30378035
10/25/2014,86.31088552
10/26/2014,86.37297153
10/27/2014,86.49003835
10/28/2014,86.662086
10/29/2014,86.88911448
10/30/2014,87.17112377
10/31/2014,87.50811389
11/1/2014,87.83021848
11/2/2014,88.13743754
11/3/2014,88.42977107
11/4/2014,88.70721906
11/5/2014,88.96978152
11/6/2014,89.21745844
11/7/2014,89.45024984
11/8/2014,89.67696323
11/9/2014,89.89759862
11/10/2014,90.112156
11/11/2014,90.32063539
11/12/2014,90.52303677
11/13/2014,90.71936015
11/14/2014,90.90960553
11/15/2014,91.0648082
11/16/2014,91.18496816
11/17/2014,91.27008541
11/18/2014,91.32015996
11/19/2014,91.3351918
11/20/2014,91.31518093
11/21/2014,91.26012736
11/22/2014,91.25570295
11/23/2014,91.30190772
11/24/2014,91.39874166
11/25/2014,91.54620477
11/26/2014,91.74429705
11/27/2014,91.9930185
11/28/2014,92.29236913
11/29/2014,92.61791713
11/30/2014,92.9696625
12/1/2014,93.34760525
12/2/2014,93.75174537
12/3/2014,94.18208287
12/4/2014,94.63861774
12/5/2014,95.12134999
12/6/2014,95.45788889
12/7/2014,95.64823446
12/8/2014,95.69238668
12/9/2014,95.59034556
12/10/2014,95.34211111
12/11/2014,94.94768331
12/12/2014,94.40706218
12/13/2014,93.95579119
12/14/2014,93.59387037
12/15/2014,93.32129969
12/16/2014,93.13807917
12/17/2014,93.04420881
12/18/2014,93.03968859
12/19/2014,93.12451854
12/20/2014,93.22447243
12/21/2014,93.33955029
12/22/2014,93.46975209
12/23/2014,93.61507785
12/24/2014,93.77552757
12/25/2014,93.95110124
12/26/2014,94.14179886
12/27/2014,94.29326002
12/28/2014,94.40548471
12/29/2014,94.47847293
12/30/2014,94.51222469
12/31/2014,94.50673998
1/1/2015,94.46201881
1/2/2015,94.37806117
1/3/2015,94.26583
1/4/2015,94.12532529
1/5/2015,93.95654706
1/6/2015,93.7594953
1/7/2015,93.53417
1/8/2015,93.28057118
1/9/2015,92.99869882
1/10/2015,92.57269125
1/11/2015,92.00254845
1/12/2015,91.28827044
1/13/2015,90.42985721
1/14/2015,89.42730875
1/15/2015,88.28062508
1/16/2015,86.98980619
1/17/2015,85.99681861
1/18/2015,85.30166234
1/19/2015,84.90433738
1/20/2015,84.80484373
1/21/2015,85.00318139
1/22/2015,85.49935037
1/23/2015,86.29335065
1/24/2015,87.002932
1/25/2015,87.62809441
1/26/2015,88.16883788
1/27/2015,88.62516241
1/28/2015,88.997068
1/29/2015,89.28455465
1/30/2015,89.48762237
1/31/2015,89.66608689
2/1/2015,89.81994823
2/2/2015,89.94920638
2/3/2015,90.05386134
2/4/2015,90.13391311
2/5/2015,90.18936169
2/6/2015,90.22020708
2/7/2015,90.21195957
2/8/2015,90.16461915
2/9/2015,90.07818582
2/10/2015,89.95265958
2/11/2015,89.78804043
2/12/2015,89.58432837
2/13/2015,89.34152341
2/14/2015,89.10957988
2/15/2015,88.88849779
2/16/2015,88.67827713
2/17/2015,88.47891791
2/18/2015,88.29042012
2/19/2015,88.11278377
2/20/2015,87.94600885
2/21/2015,87.77352342
2/22/2015,87.59532748
2/23/2015,87.41142102
2/24/2015,87.22180406
2/25/2015,87.02647658
2/26/2015,86.8254386
2/27/2015,86.6186901
2/28/2015,86.48713602
3/1/2015,86.43077637
3/2/2015,86.44961115
3/3/2015,86.54364035
3/4/2015,86.71286398
3/5/2015,86.95728203
3/6/2015,87.2768945
3/7/2015,87.54204049
3/8/2015,87.75271998
3/9/2015,87.90893298
3/10/2015,88.01067949
3/11/2015,88.05795951
3/12/2015,88.05077304
3/13/2015,87.98912008
3/14/2015,87.96444697
3/15/2015,87.97675371
3/16/2015,88.0260403
3/17/2015,88.11230674
3/18/2015,88.23555303
3/19/2015,88.39577917
3/20/2015,88.59298517
3/21/2015,88.76711577
3/22/2015,88.91817097
3/23/2015,89.04615079
3/24/2015,89.15105521
3/25/2015,89.23288423
3/26/2015,89.29163787
3/27/2015,89.32731611
3/28/2015,89.3587005
3/29/2015,89.38579103
3/30/2015,89.40858771
3/31/2015,89.42709053
4/1/2015,89.4412995
4/2/2015,89.45121462
4/3/2015,89.45683588
4/4/2015,89.54074469
4/5/2015,89.70294103
4/6/2015,89.94342492
4/7/2015,90.26219635
4/8/2015,90.65925531
4/9/2015,91.13460182
4/10/2015,91.68823588
4/11/2015,92.11072768
4/12/2015,92.40207722
4/13/2015,92.56228451
4/14/2015,92.59134954
4/15/2015,92.48927232
4/16/2015,92.25605285
4/17/2015,91.89169112
4/18/2015,91.57750365
4/19/2015,91.31349044
4/20/2015,91.09965149
4/21/2015,90.93598679
4/22/2015,90.82249635
4/23/2015,90.75918016
4/24/2015,90.74603823
4/25/2015,90.80706975
4/26/2015,90.94227471
4/27/2015,91.15165311
4/28/2015,91.43520496
4/29/2015,91.79293025
4/30/2015,92.22482898
5/1/2015,92.73090116
5/2/2015,93.08083363
5/3/2015,93.27462638
5/4/2015,93.31227942
5/5/2015,93.19379275
5/6/2015,92.91916637
5/7/2015,92.48840028
5/8/2015,91.90149447
5/9/2015,91.44699153
5/10/2015,91.12489146
5/11/2015,90.93519426
5/12/2015,90.87789993
5/13/2015,90.95300847
5/14/2015,91.16051987
5/15/2015,91.50043414
5/16/2015,91.8253263
5/17/2015,92.13519633
5/18/2015,92.43004424
5/19/2015,92.70987003
5/20/2015,92.9746737
5/21/2015,93.22445526
5/22/2015,93.45921469
5/23/2015,93.6235375
5/24/2015,93.71742368
5/25/2015,93.74087325
5/26/2015,93.69388619
5/27/2015,93.5764625
5/28/2015,93.3886022
5/29/2015,93.13030527
5/30/2015,92.97758154
5/31/2015,92.93043099
6/1/2015,92.98885362
6/2/2015,93.15284945
6/3/2015,93.42241846
6/4/2015,93.79756067
6/5/2015,94.27827606
6/6/2015,94.61893867
6/7/2015,94.8195485
6/8/2015,94.88010556
6/9/2015,94.80060983
6/10/2015,94.58106133
6/11/2015,94.22146005
6/12/2015,93.72180599
6/13/2015,93.33179646
6/14/2015,93.05143144
6/15/2015,92.88071095
6/16/2015,92.81963499
6/17/2015,92.86820354
6/18/2015,93.02641662
6/19/2015,93.29427422
6/20/2015,93.54990094
6/21/2015,93.79329679
6/22/2015,94.02446176
6/23/2015,94.24339585
6/24/2015,94.45009906
6/25/2015,94.64457139
6/26/2015,94.82681285
6/27/2015,94.96236216
6/28/2015,95.05121931
6/29/2015,95.09338431
6/30/2015,95.08885715
7/1/2015,95.03763784
7/2/2015,94.93972638
7/3/2015,94.79512277
7/4/2015,94.69285516
7/5/2015,94.63292356
7/6/2015,94.61532798
7/7/2015,94.6400684
7/8/2015,94.70714484
7/9/2015,94.81655729
7/10/2015,94.96830574
7/11/2015,95.10461031
7/12/2015,95.22547099
7/13/2015,95.33088778
7/14/2015,95.42086068
7/15/2015,95.49538969
7/16/2015,95.55447481
7/17/2015,95.59811605
7/18/2015,95.61312731
7/19/2015,95.59950861
7/20/2015,95.55725994
7/21/2015,95.4863813
7/22/2015,95.38687269
7/23/2015,95.25873411
7/24/2015,95.10196556
7/25/2015,95.00373953
7/26/2015,94.964056
7/27/2015,94.98291498
7/28/2015,95.06031647
7/29/2015,95.19626047
7/30/2015,95.39074698
7/31/2015,95.643776
8/1/2015,95.85894714
8/2/2015,96.03626039
8/3/2015,96.17571576
8/4/2015,96.27731325
8/5/2015,96.34105286
8/6/2015,96.36693459
8/7/2015,96.35495843
8/8/2015,96.31560353
8/9/2015,96.24886988
8/10/2015,96.15475749
8/11/2015,96.03326635
8/12/2015,95.88439647
8/13/2015,95.70814784
8/14/2015,95.50452047
8/15/2015,95.3266883
8/16/2015,95.17465134
8/17/2015,95.04840959
8/18/2015,94.94796304
8/19/2015,94.8733117
8/20/2015,94.82445557
8/21/2015,94.80139464
8/22/2015,94.74930723
8/23/2015,94.66819334
8/24/2015,94.55805297
8/25/2015,94.41888611
8/26/2015,94.25069277
8/27/2015,94.05347295
8/28/2015,93.82722664
8/29/2015,93.55741937
8/30/2015,93.24405114
8/31/2015,92.88712193
9/1/2015,92.48663176
9/2/2015,92.04258063
9/3/2015,91.55496853
9/4/2015,91.02379546
9/5/2015,90.67633786
9/6/2015,90.51259573
9/7/2015,90.53256906
9/8/2015,90.73625787
9/9/2015,91.12366214
9/10/2015,91.69478188
9/11/2015,92.44961709
9/12/2015,93.00268696
9/13/2015,93.35399149
9/14/2015,93.50353068
9/15/2015,93.45130453
9/16/2015,93.19731304
9/17/2015,92.7415562
9/18/2015,92.08403403
9/19/2015,91.52507842
9/20/2015,91.06468937
9/21/2015,90.70286688
9/22/2015,90.43961095
9/23/2015,90.27492158
9/24/2015,90.20879877
9/25/2015,90.24124252
9/26/2015,90.20636455
9/27/2015,90.10416486
9/28/2015,89.93464344
9/29/2015,89.69780031
9/30/2015,89.39363545
10/1/2015,89.02214887
10/2/2015,88.58334057
10/3/2015,88.17366781
10/4/2015,87.79313059
10/5/2015,87.44172891
10/6/2015,87.11946278
10/7/2015,86.82633219
10/8/2015,86.56233715
10/9/2015,86.32747764
10/10/2015,86.13975575
10/11/2015,85.99917146
10/12/2015,85.90572478
10/13/2015,85.85941571
10/14/2015,85.86024425
10/15/2015,85.9082104
10/16/2015,86.00331415
10/17/2015,86.11233973
10/18/2015,86.23528713
10/19/2015,86.37215635
10/20/2015,86.5229474
10/21/2015,86.68766027
10/22/2015,86.86629497
10/23/2015,87.05885148
10/24/2015,87.24684287
10/25/2015,87.43026913
10/26/2015,87.60913026
10/27/2015,87.78342626
10/28/2015,87.95315713
10/29/2015,88.11832287
10/30/2015,88.27892348
10/31/2015,88.43193343
11/1/2015,88.57735271
11/2/2015,88.71518133
11/3/2015,88.84541928
11/4/2015,88.96806657
11/5/2015,89.0831232
11/6/2015,89.19058915
11/7/2015,89.29643173
11/8/2015,89.40065094
11/9/2015,89.50324676
11/10/2015,89.6042192
11/11/2015,89.70356827
11/12/2015,89.80129395
11/13/2015,89.89739626
11/14/2015,90.00778567
11/15/2015,90.13246218
11/16/2015,90.27142579
11/17/2015,90.42467651
11/18/2015,90.59221433
11/19/2015,90.77403926
11/20/2015,90.97015129
11/21/2015,91.2214524
11/22/2015,91.52794258
11/23/2015,91.88962184
11/24/2015,92.30649018
11/25/2015,92.77854761
11/26/2015,93.3057941
11/27/2015,93.88822968
11/28/2015,94.32872321
11/29/2015,94.62727468
11/30/2015,94.7838841
12/1/2015,94.79855147
12/2/2015,94.67127679
12/3/2015,94.40206006
12/4/2015,93.99090128
12/5/2015,93.62256438
12/6/2015,93.29704936
12/7/2015,93.01435623
12/8/2015,92.77448498
12/9/2015,92.57743562
12/10/2015,92.42320814
12/11/2015,92.31180254
12/12/2015,92.19069873
12/13/2015,92.05989669
12/14/2015,91.91939644
12/15/2015,91.76919797
12/16/2015,91.60930127
12/17/2015,91.43970636
12/18/2015,91.26041323
12/19/2015,91.15330337
12/20/2015,91.11837678
12/21/2015,91.15563346
12/22/2015,91.26507341
12/23/2015,91.44669663
12/24/2015,91.70050313
12/25/2015,92.0264929
12/26/2015,92.30192489
12/27/2015,92.52679911
12/28/2015,92.70111555
12/29/2015,92.82487422
12/30/2015,92.89807511
12/31/2015,92.92071823
1/1/2016,92.89280357
1/2/2016,92.82625647
1/3/2016,92.72107691
1/4/2016,92.5772649
1/5/2016,92.39482044
1/6/2016,92.17374353
1/7/2016,91.91403418
1/8/2016,91.61569237
1/9/2016,91.37726719
1/10/2016,91.19875865
1/11/2016,91.08016673
1/12/2016,91.02149146
1/13/2016,91.02273281
1/14/2016,91.0838908
1/15/2016,91.20496542
1/16/2016,91.20501638
1/17/2016,91.08404368
1/18/2016,90.84204732
1/19/2016,90.4790273
1/20/2016,89.99498362
1/21/2016,89.38991628
1/22/2016,88.66382527
1/23/2016,88.05204024
1/24/2016,87.55456117
1/25/2016,87.17138807
1/26/2016,86.90252093
1/27/2016,86.74795976
1/28/2016,86.70770456
1/29/2016,86.78175532
1/30/2016,86.80531763
1/31/2016,86.77839149
2/1/2016,86.7009769
2/2/2016,86.57307386
2/3/2016,86.39468237
2/4/2016,86.16580242
2/5/2016,85.88643403
2/6/2016,85.73852453
2/7/2016,85.72207392
2/8/2016,85.83708221
2/9/2016,86.08354939
2/10/2016,86.46147547
2/11/2016,86.97086044
2/12/2016,87.61170431
2/13/2016,88.09826869
2/14/2016,88.43055358
2/15/2016,88.60855898
2/16/2016,88.63228489
2/17/2016,88.50173131
2/18/2016,88.21689825
2/19/2016,87.7777857
2/20/2016,87.44361714
2/21/2016,87.21439258
2/22/2016,87.09011201
2/23/2016,87.07077544
2/24/2016,87.15638286
2/25/2016,87.34693428
2/26/2016,87.64242969
2/27/2016,87.90931061
2/28/2016,88.14757704
2/29/2016,88.35722898
3/1/2016,88.53826643
3/2/2016,88.69068939
3/3/2016,88.81449786
3/4/2016,88.90969184
3/5/2016,88.99297659
3/6/2016,89.06435213
3/7/2016,89.12381844
3/8/2016,89.17137554
3/9/2016,89.20702341
3/10/2016,89.23076206
3/11/2016,89.24259149
3/12/2016,89.21966095
3/13/2016,89.16197043
3/14/2016,89.06951995
3/15/2016,88.94230948
3/16/2016,88.78033905
3/17/2016,88.58360865
3/18/2016,88.35211827
3/19/2016,88.213422
3/20/2016,88.16751984
3/21/2016,88.21441178
3/22/2016,88.35409784
3/23/2016,88.586578
3/24/2016,88.91185228
3/25/2016,89.32992066
3/26/2016,89.72497332
3/27/2016,90.09701025
3/28/2016,90.44603145
3/29/2016,90.77203693
3/30/2016,91.07502668
3/31/2016,91.35500071
4/1/2016,91.61195901
4/2/2016,91.74606307
4/3/2016,91.75731289
4/4/2016,91.64570848
4/5/2016,91.41124982
4/6/2016,91.05393693
4/7/2016,90.5737698
4/8/2016,89.97074843
4/9/2016,89.49751652
4/10/2016,89.15407407
4/11/2016,88.94042108
4/12/2016,88.85655755
4/13/2016,88.90248348
4/14/2016,89.07819887
4/15/2016,89.38370372
4/16/2016,89.57668129
4/17/2016,89.65713157
4/18/2016,89.62505457
4/19/2016,89.48045028
4/20/2016,89.22331871
4/21/2016,88.85365985
4/22/2016,88.37147371
4/23/2016,88.03617316
4/24/2016,87.8477582
4/25/2016,87.80622882
4/26/2016,87.91158504
4/27/2016,88.16382684
4/28/2016,88.56295423
4/29/2016,89.1089672
4/30/2016,89.52410441
5/1/2016,89.80836586
5/2/2016,89.96175153
5/3/2016,89.98426144
5/4/2016,89.87589559
5/5/2016,89.63665396
5/6/2016,89.26653657
5/7/2016,89.01439613
5/8/2016,88.88023264
5/9/2016,88.8640461
5/10/2016,88.96583651
5/11/2016,89.18560387
5/12/2016,89.52334818
5/13/2016,89.97906945
5/14/2016,90.32901156
5/15/2016,90.57317451
5/16/2016,90.71155831
5/17/2016,90.74416295
5/18/2016,90.67098844
5/19/2016,90.49203478
5/20/2016,90.20730196
5/21/2016,89.9659312
5/22/2016,89.7679225
5/23/2016,89.61327587
5/24/2016,89.50199131
5/25/2016,89.4340688
5/26/2016,89.40950836
5/27/2016,89.42830998
5/28/2016,89.48652225
5/29/2016,89.58414516
5/30/2016,89.72117871
5/31/2016,89.89762291
6/1/2016,90.11347775
6/2/2016,90.36874323
6/3/2016,90.66341936
6/4/2016,90.87716452
6/5/2016,91.00997871
6/6/2016,91.06186194
6/7/2016,91.03281419
6/8/2016,90.92283548
6/9/2016,90.7319258
6/10/2016,90.46008515
6/11/2016,90.2576741
6/12/2016,90.12469265
6/13/2016,90.0611408
6/14/2016,90.06701855
6/15/2016,90.1423259
6/16/2016,90.28706285
6/17/2016,90.5012294
6/18/2016,90.73492982
6/19/2016,90.98816411
6/20/2016,91.26093226
6/21/2016,91.55323429
6/22/2016,91.86507018
6/23/2016,92.19643995
6/24/2016,92.54734358
6/25/2016,92.8232404
6/26/2016,93.02413042
6/27/2016,93.15001362
6/28/2016,93.20089001
6/29/2016,93.1767596
6/30/2016,93.07762237
7/1/2016,92.90347834
7/2/2016,92.74420352
7/3/2016,92.59979793
7/4/2016,92.47026156
7/5/2016,92.35559441
7/6/2016,92.25579648
7/7/2016,92.17086777
7/8/2016,92.10080829
7/9/2016,92.08192007
7/10/2016,92.11420313
7/11/2016,92.19765746
7/12/2016,92.33228306
7/13/2016,92.51807993
7/14/2016,92.75504807
7/15/2016,93.04318749
7/16/2016,93.24287618
7/17/2016,93.35411417
7/18/2016,93.37690143
7/19/2016,93.31123798
7/20/2016,93.15712382
7/21/2016,92.91455894
7/22/2016,92.58354334
7/23/2016,92.35371567
7/24/2016,92.22507594
7/25/2016,92.19762414
7/26/2016,92.27136027
7/27/2016,92.44628433
7/28/2016,92.72239632
7/29/2016,93.09969625
7/30/2016,93.36054667
7/31/2016,93.50494759
8/1/2016,93.53289901
8/2/2016,93.44440092
8/3/2016,93.23945333
8/4/2016,92.91805624
8/5/2016,92.48020964
8/6/2016,92.17152931
8/7/2016,91.99201525
8/8/2016,91.94166746
8/9/2016,92.02048594
8/10/2016,92.22847069
8/11/2016,92.5656217
8/12/2016,93.03193899
8/13/2016,93.38189492
8/14/2016,93.61548949
8/15/2016,93.73272271
8/16/2016,93.73359457
8/17/2016,93.61810508
8/18/2016,93.38625424
8/19/2016,93.03804204
8/20/2016,92.75315416
8/21/2016,92.5315906
8/22/2016,92.37335136
8/23/2016,92.27843644
8/24/2016,92.24684584
8/25/2016,92.27857956
8/26/2016,92.37363761
8/27/2016,92.48634418
8/28/2016,92.61669929
8/29/2016,92.76470293
8/30/2016,92.93035511
8/31/2016,93.11365582
9/1/2016,93.31460506
9/2/2016,93.53320283
9/3/2016,93.69067609
9/4/2016,93.78702482
9/5/2016,93.82224904
9/6/2016,93.79634874
9/7/2016,93.70932391
9/8/2016,93.56117457
9/9/2016,93.35190071
9/10/2016,93.16461696
9/11/2016,92.99932331
9/12/2016,92.85601978
9/13/2016,92.73470636
9/14/2016,92.63538304
9/15/2016,92.55804984
9/16/2016,92.50270675
9/17/2016,92.40527897
9/18/2016,92.26576651
9/19/2016,92.08416937
9/20/2016,91.86048754
9/21/2016,91.59472103
9/22/2016,91.28686984
9/23/2016,90.93693396
9/24/2016,90.61360729
9/25/2016,90.31688983
9/26/2016,90.04678158
9/27/2016,89.80328254
9/28/2016,89.58639271
9/29/2016,89.39611208
9/30/2016,89.23244066
10/1/2016,89.01359094
10/2/2016,88.73956292
10/3/2016,88.4103566
10/4/2016,88.02597198
10/5/2016,87.58640906
10/6/2016,87.09166783
10/7/2016,86.54174831
10/8/2016,86.06783007
10/9/2016,85.66991311
10/10/2016,85.34799743
10/11/2016,85.10208304
10/12/2016,84.93216993
10/13/2016,84.8382581
10/14/2016,84.82034756
10/15/2016,84.83161003
10/16/2016,84.8720455
10/17/2016,84.94165398
10/18/2016,85.04043547
10/19/2016,85.16838997
10/20/2016,85.32551748
10/21/2016,85.511818
10/22/2016,85.63927858
10/23/2016,85.70789921
10/24/2016,85.71767989
10/25/2016,85.66862063
10/26/2016,85.56072142
10/27/2016,85.39398227
10/28/2016,85.16840318
10/29/2016,85.03136585
10/30/2016,84.98287028
10/31/2016,85.02291647
11/1/2016,85.15150443
11/2/2016,85.36863415
11/3/2016,85.67430563
11/4/2016,86.06851888
11/5/2016,86.4438373
11/6/2016,86.80026089
11/7/2016,87.13778965
11/8/2016,87.45642359
11/9/2016,87.7561627
11/10/2016,88.03700698
11/11/2016,88.29895644
11/12/2016,88.57530529
11/13/2016,88.86605355
11/14/2016,89.1712012
11/15/2016,89.49074825
11/16/2016,89.82469471
11/17/2016,90.17304056
11/18/2016,90.53578581
11/19/2016,90.79552837
11/20/2016,90.95226823
11/21/2016,91.00600539
11/22/2016,90.95673986
11/23/2016,90.80447163
11/24/2016,90.54920071
11/25/2016,90.19092709
11/26/2016,89.91814019
11/27/2016,89.73084001
11/28/2016,89.62902656
11/29/2016,89.61269982
11/30/2016,89.68185981
12/1/2016,89.83650652
12/2/2016,90.07663994
12/3/2016,90.26714334
12/4/2016,90.40801672
12/5/2016,90.49926006
12/6/2016,90.54087337
12/7/2016,90.53285665
12/8/2016,90.47520991
12/9/2016,90.36793314
12/10/2016,90.31739351
12/11/2016,90.32359103
12/12/2016,90.3865257
12/13/2016,90.50619752
12/14/2016,90.68260649
12/15/2016,90.9157526
12/16/2016,91.20563587
12/17/2016,91.42360842
12/18/2016,91.56967027
12/19/2016,91.64382141
12/20/2016,91.64606185
12/21/2016,91.57639158
12/22/2016,91.4348106
12/23/2016,91.22131891
12/24/2016,91.06022174
12/25/2016,90.95151909
12/26/2016,90.89521096
12/27/2016,90.89129735
12/28/2016,90.93977826
12/29/2016,91.04065369
12/30/2016,91.19392363
12/31/2016,91.39047689
1/1/2017,91.63031347
1/2/2017,91.91343337
1/3/2017,92.23983658
1/4/2017,92.60952311
1/5/2017,93.02249295
1/6/2017,93.47874611
1/7/2017,93.77906107
1/8/2017,93.92343784
1/9/2017,93.9118764
1/10/2017,93.74437676
1/11/2017,93.42093893
1/12/2017,92.94156289
1/13/2017,92.30624865
1/14/2017,91.70839618
1/15/2017,91.14800545
1/16/2017,90.62507649
1/17/2017,90.13960928
1/18/2017,89.69160383
1/19/2017,89.28106013
1/20/2017,88.90797819
1/21/2017,88.5988047
1/22/2017,88.35353967
1/23/2017,88.17218309
1/24/2017,88.05473497
1/25/2017,88.0011953
1/26/2017,88.01156408
1/27/2017,88.08584132
1/28/2017,88.14653443
1/29/2017,88.19364341
1/30/2017,88.22716826
1/31/2017,88.24710898
2/1/2017,88.25346557
2/2/2017,88.24623804
2/3/2017,88.22542637
2/4/2017,88.14674079
2/5/2017,88.01018128
2/6/2017,87.81574784
2/7/2017,87.56344049
2/8/2017,87.25325922
2/9/2017,86.88520402
2/10/2017,86.4592749
2/11/2017,86.06065983
2/12/2017,85.68935883
2/13/2017,85.34537188
2/14/2017,85.028699
2/15/2017,84.73934017
2/16/2017,84.47729539
2/17/2017,84.24256468
2/18/2017,84.1030374
2/19/2017,84.05871355
2/20/2017,84.10959314
2/21/2017,84.25567615
2/22/2017,84.4969626
2/23/2017,84.83345248
2/24/2017,85.2651458
2/25/2017,85.62681089
2/26/2017,85.91844777
2/27/2017,86.14005644
2/28/2017,86.29163688
3/1/2017,86.37318911
3/2/2017,86.38471311
3/3/2017,86.3262089
3/4/2017,86.23636766
3/5/2017,86.11518938
3/6/2017,85.96267407
3/7/2017,85.77882172
3/8/2017,85.56363234
3/9/2017,85.31710592
3/10/2017,85.03924247
3/11/2017,84.8731725
3/12/2017,84.81889602
3/13/2017,84.87641303
3/14/2017,85.04572352
3/15/2017,85.3268275
3/16/2017,85.71972496
3/17/2017,86.22441591
3/18/2017,86.68679576
3/19/2017,87.10686452
3/20/2017,87.48462219
3/21/2017,87.82006876
3/22/2017,88.11320424
3/23/2017,88.36402862
3/24/2017,88.57254191
3/25/2017,88.79379498
3/26/2017,89.02778783
3/27/2017,89.27452045
3/28/2017,89.53399284
3/29/2017,89.80620502
3/30/2017,90.09115697
3/31/2017,90.3888487
4/1/2017,90.62629994
4/2/2017,90.8035107
4/3/2017,90.92048097
4/4/2017,90.97721076
4/5/2017,90.97370006
4/6/2017,90.90994887
4/7/2017,90.7859572
4/8/2017,90.73521776
4/9/2017,90.75773054
4/10/2017,90.85349555
4/11/2017,91.02251278
4/12/2017,91.26478224
4/13/2017,91.58030392
4/14/2017,91.96907784
4/15/2017,92.3284268
4/16/2017,92.65835082
4/17/2017,92.95884989
4/18/2017,93.22992402
4/19/2017,93.4715732
4/20/2017,93.68379744
4/21/2017,93.86659673
4/22/2017,94.01002169
4/23/2017,94.11407233
4/24/2017,94.17874865
4/25/2017,94.20405064
4/26/2017,94.18997831
4/27/2017,94.13653165
4/28/2017,94.04371067
4/29/2017,93.89273372
4/30/2017,93.68360081
5/1/2017,93.41631193
5/2/2017,93.09086709
5/3/2017,92.70726628
5/4/2017,92.2655095
5/5/2017,91.76559676
5/6/2017,91.4199517
5/7/2017,91.22857432
5/8/2017,91.19146463
5/9/2017,91.30862262
5/10/2017,91.5800483
5/11/2017,92.00574166
5/12/2017,92.58570271
5/13/2017,93.04996553
5/14/2017,93.39853011
5/15/2017,93.63139646
5/16/2017,93.74856458
5/17/2017,93.75003447
5/18/2017,93.63580613
5/19/2017,93.40587956
5/20/2017,93.27394051
5/21/2017,93.23998898
5/22/2017,93.30402496
5/23/2017,93.46604847
5/24/2017,93.72605949
5/25/2017,94.08405803
5/26/2017,94.54004409
5/27/2017,94.88252987
5/28/2017,95.11151536
5/29/2017,95.22700057
5/30/2017,95.22898549
5/31/2017,95.11747013
6/1/2017,94.89245448
6/2/2017,94.55393855
6/3/2017,94.28562378
6/4/2017,94.08751016
6/5/2017,93.95959769
6/6/2017,93.90188638
6/7/2017,93.91437622
6/8/2017,93.99706722
6/9/2017,94.14995938
6/10/2017,94.27677205
6/11/2017,94.37750525
6/12/2017,94.45215896
6/13/2017,94.50073319
6/14/2017,94.52322795
6/15/2017,94.51964322
6/16/2017,94.48997901
6/17/2017,94.4101915
6/18/2017,94.2802807
6/19/2017,94.1002466
6/20/2017,93.87008919
6/21/2017,93.5898085
6/22/2017,93.2594045
6/23/2017,92.8788772
6/24/2017,92.59368799
6/25/2017,92.40383687
6/26/2017,92.30932383
6/27/2017,92.31014888
6/28/2017,92.40631201
6/29/2017,92.59781322
6/30/2017,92.88465252
7/1/2017,93.15334552
7/2/2017,93.40389221
7/3/2017,93.63629261
7/4/2017,93.85054669
7/5/2017,94.04665448
7/6/2017,94.22461596
7/7/2017,94.38443114
7/8/2017,94.49876174
7/9/2017,94.56760775
7/10/2017,94.59096917
7/11/2017,94.56884601
7/12/2017,94.50123826
7/13/2017,94.38814593
7/14/2017,94.22956901
7/15/2017,94.10176231
7/16/2017,94.00472582
7/17/2017,93.93845956
7/18/2017,93.90296352
7/19/2017,93.89823769
7/20/2017,93.92428209
7/21/2017,93.9810967
7/22/2017,94.05646875
7/23/2017,94.15039823
7/24/2017,94.26288514
7/25/2017,94.39392948
7/26/2017,94.54353125
7/27/2017,94.71169045
7/28/2017,94.89840709
7/29/2017,95.0778041
7/30/2017,95.24988149
7/31/2017,95.41463925
8/1/2017,95.57207739
8/2/2017,95.7221959
8/3/2017,95.86499479
8/4/2017,96.00047406
8/5/2017,96.12258934
8/6/2017,96.23134064
8/7/2017,96.32672796
8/8/2017,96.4087513
8/9/2017,96.47741066
8/10/2017,96.53270603
8/11/2017,96.57463742
8/12/2017,96.54151487
8/13/2017,96.43333836
8/14/2017,96.2501079
8/15/2017,95.99182349
8/16/2017,95.65848513
8/17/2017,95.25009283
8/18/2017,94.76664657
8/19/2017,94.54366184
8/20/2017,94.58113863
8/21/2017,94.87907695
8/22/2017,95.43747679
8/23/2017,96.25633816
8/24/2017,97.33566106
8/25/2017,98.67544548
8/26/2017,99.25338006
8/27/2017,99.0694648
8/28/2017,98.12369969
8/29/2017,96.41608473
8/30/2017,93.94661994
8/31/2017,90.7153053
9/1/2017,86.72214081
9/2/2017,83.34864541
9/3/2017,80.59481908
9/4/2017,78.46066184
9/5/2017,76.94617368
9/6/2017,76.05135459
9/7/2017,75.77620459
9/8/2017,76.12072367
9/9/2017,76.53345763
9/10/2017,77.01440649
9/11/2017,77.56357022
9/12/2017,78.18094885
9/13/2017,78.86654237
9/14/2017,79.62035077
9/15/2017,80.44237406
9/16/2017,81.30084186
9/17/2017,82.19575417
9/18/2017,83.12711098
9/19/2017,84.09491231
9/20/2017,85.09915814
9/21/2017,86.13984848
9/22/2017,87.21698333
9/23/2017,88.0630697
9/24/2017,88.67810758
9/25/2017,89.06209697
9/26/2017,89.21503788
9/27/2017,89.1369303
9/28/2017,88.82777424
9/29/2017,88.28756969
9/30/2017,87.92649563
10/1/2017,87.74455207
10/2/2017,87.74173901
10/3/2017,87.91805644
10/4/2017,88.27350437
10/5/2017,88.80808279
10/6/2017,89.52179171
10/7/2017,89.92763582
10/8/2017,90.02561512
10/9/2017,89.81572962
10/10/2017,89.2979793
10/11/2017,88.47236418
10/12/2017,87.33888425
10/13/2017,85.89753952
10/14/2017,84.82200662
10/15/2017,84.11228555
10/16/2017,83.76837633
10/17/2017,83.79027894
10/18/2017,84.17799338
10/19/2017,84.93151966
10/20/2017,86.05085778
10/21/2017,86.96908688
10/22/2017,87.68620697
10/23/2017,88.20221803
10/24/2017,88.51712008
10/25/2017,88.63091312
10/26/2017,88.54359714
10/27/2017,88.25517214
10/28/2017,88.05551
10/29/2017,87.94461071
10/30/2017,87.92247429
10/31/2017,87.98910072
11/1/2017,88.14449
11/2/2017,88.38864215
11/3/2017,88.72155715
11/4/2017,89.03943438
11/5/2017,89.34227384
11/6/2017,89.63007554
11/7/2017,89.90283946
11/8/2017,90.16056562
11/9/2017,90.40325401
11/10/2017,90.63090463
11/11/2017,90.81932319
11/12/2017,90.96850969
11/13/2017,91.07846412
11/14/2017,91.1491865
11/15/2017,91.18067681
11/16/2017,91.17293506
11/17/2017,91.12596126
11/18/2017,91.11835747
11/19/2017,91.1501237
11/20/2017,91.22125996
11/21/2017,91.33176623
11/22/2017,91.48164253
11/23/2017,91.67088885
11/24/2017,91.89950519
11/25/2017,92.12995225
11/26/2017,92.36223004
11/27/2017,92.59633855
11/28/2017,92.83227779
11/29/2017,93.07004775
11/30/2017,93.30964843
12/1/2017,93.55107984
12/2/2017,93.7330895
12/3/2017,93.85567739
12/4/2017,93.91884352
12/5/2017,93.92258789
12/6/2017,93.8669105
12/7/2017,93.75181136
12/8/2017,93.57729045
12/9/2017,93.44605358
12/10/2017,93.35810074
12/11/2017,93.31343193
12/12/2017,93.31204716
12/13/2017,93.35394642
12/14/2017,93.43912971
12/15/2017,93.56759704
12/16/2017,93.71443949
12/17/2017,93.87965706
12/18/2017,94.06324975
12/19/2017,94.26521757
12/20/2017,94.48556051
12/21/2017,94.72427858
12/22/2017,94.98137177
12/23/2017,95.23188354
12/24/2017,95.47581389
12/25/2017,95.71316283
12/26/2017,95.94393036
12/27/2017,96.16811646
12/28/2017,96.38572115
12/29/2017,96.59674443
12/30/2017,96.74154092
12/31/2017,96.82011063
1/1/2018,96.83245356
1/2/2018,96.77856971
1/3/2018,96.65845908
1/4/2018,96.47212166
1/5/2018,96.21955746
1/6/2018,95.94676016
1/7/2018,95.65372974
1/8/2018,95.34046622
1/9/2018,95.00696958
1/10/2018,94.65323984
1/11/2018,94.27927699
1/12/2018,93.88508104
1/13/2018,93.52807343
1/14/2018,93.20825418
1/15/2018,92.92562329
1/16/2018,92.68018075
1/17/2018,92.47192657
1/18/2018,92.30086074
1/19/2018,92.16698327
1/20/2018,91.92493694
1/21/2018,91.57472175
1/22/2018,91.11633771
1/23/2018,90.54978482
1/24/2018,89.87506306
1/25/2018,89.09217246
1/26/2018,88.20111299
1/27/2018,87.63156171
1/28/2018,87.38351859
1/29/2018,87.45698365
1/30/2018,87.85195689
1/31/2018,88.56843829
2/1/2018,89.60642788
2/2/2018,90.96592563
2/3/2018,92.00737103
2/4/2018,92.73076406
2/5/2018,93.13610473
2/6/2018,93.22339303
2/7/2018,92.99262897
2/8/2018,92.44381255
2/9/2018,91.57694377
2/10/2018,90.81303281
2/11/2018,90.15207967
2/12/2018,89.59408435
2/13/2018,89.13904686
2/14/2018,88.78696719
2/15/2018,88.53784535
2/16/2018,88.39168133
2/17/2018,88.26386865
2/18/2018,88.15440731
2/19/2018,88.06329732
2/20/2018,87.99053866
2/21/2018,87.93613135
2/22/2018,87.90007539
2/23/2018,87.88237076
2/24/2018,87.86100903
2/25/2018,87.83599018
2/26/2018,87.80731422
2/27/2018,87.77498115
2/28/2018,87.73899098
3/1/2018,87.69934369
3/2/2018,87.65603929
3/3/2018,87.67196913
3/4/2018,87.7471332
3/5/2018,87.88153152
3/6/2018,88.07516408
3/7/2018,88.32803087
3/8/2018,88.64013191
3/9/2018,89.01146718
3/10/2018,89.36711833
3/11/2018,89.70708536
3/12/2018,90.03136825
3/13/2018,90.33996702
3/14/2018,90.63288167
3/15/2018,90.91011219
3/16/2018,91.17165858
3/17/2018,91.40116775
3/18/2018,91.59863971
3/19/2018,91.76407444
3/20/2018,91.89747195
3/21/2018,91.99883225
3/22/2018,92.06815532
3/23/2018,92.10544118
3/24/2018,92.15306469
3/25/2018,92.21102586
3/26/2018,92.27932468
3/27/2018,92.35796117
3/28/2018,92.44693531
3/29/2018,92.54624711
3/30/2018,92.65589657
3/31/2018,92.76744041
4/1/2018,92.88087863
4/2/2018,92.99621124
4/3/2018,93.11343822
4/4/2018,93.23255959
4/5/2018,93.35357534
4/6/2018,93.47648547
4/7/2018,93.55624362
4/8/2018,93.59284978
4/9/2018,93.58630396
4/10/2018,93.53660617
4/11/2018,93.44375638
4/12/2018,93.30775462
4/13/2018,93.12860087
4/14/2018,92.92555467
4/15/2018,92.69861602
4/16/2018,92.44778491
4/17/2018,92.17306134
4/18/2018,91.87444533
4/19/2018,91.55193685
4/20/2018,91.20553593
4/21/2018,90.93834336
4/22/2018,90.75035914
4/23/2018,90.64158329
4/24/2018,90.61201579
4/25/2018,90.66165664
4/26/2018,90.79050586
4/27/2018,90.99856343
4/28/2018,91.14127898
4/29/2018,91.21865252
4/30/2018,91.23068404
5/1/2018,91.17737354
5/2/2018,91.05872102
5/3/2018,90.87472648
5/4/2018,90.62538993
5/5/2018,90.44138084
5/6/2018,90.32269922
5/7/2018,90.26934507
5/8/2018,90.28131838
5/9/2018,90.35861916
5/10/2018,90.5012474
5/11/2018,90.70920311
5/12/2018,90.88802503
5/13/2018,91.03771319
5/14/2018,91.15826756
5/15/2018,91.24968815
5/16/2018,91.31197496
5/17/2018,91.345128
5/18/2018,91.34914726
5/19/2018,91.40801589
5/20/2018,91.52173389
5/21/2018,91.69030126
5/22/2018,91.913718
5/23/2018,92.19198411
5/24/2018,92.5250996
5/25/2018,92.91306446
5/26/2018,93.27890943
5/27/2018,93.62263453
5/28/2018,93.94423976
5/29/2018,94.2437251
5/30/2018,94.52109057
5/31/2018,94.77633615
6/1/2018,95.00946186
6/2/2018,95.2039827
6/3/2018,95.35989866
6/4/2018,95.47720975
6/5/2018,95.55591596
6/6/2018,95.5960173
6/7/2018,95.59751377
6/8/2018,95.56040537
6/9/2018,95.55466194
6/10/2018,95.5802835
6/11/2018,95.63727004
6/12/2018,95.72562156
6/13/2018,95.84533806
6/14/2018,95.99641954
6/15/2018,96.178866
6/16/2018,96.35803679
6/17/2018,96.5339319
6/18/2018,96.70655135
6/19/2018,96.87589512
6/20/2018,97.04196321
6/21/2018,97.20475564
6/22/2018,97.36427239
6/23/2018,97.48093631
6/24/2018,97.5547474
6/25/2018,97.58570566
6/26/2018,97.57381109
6/27/2018,97.51906369
6/28/2018,97.42146346
6/29/2018,97.2810104
6/30/2018,97.17060094
7/1/2018,97.09023508
7/2/2018,97.03991281
7/3/2018,97.01963413
7/4/2018,97.02939906
7/5/2018,97.06920758
7/6/2018,97.1390597
7/7/2018,97.12783481
7/8/2018,97.03553292
7/9/2018,96.86215401
7/10/2018,96.60769811
7/11/2018,96.27216519
7/12/2018,95.85555527
7/13/2018,95.35786834
7/14/2018,94.91458047
7/15/2018,94.52569165
7/16/2018,94.19120189
7/17/2018,93.91111118
7/18/2018,93.68541953
7/19/2018,93.51412694
7/20/2018,93.3972334
7/21/2018,93.37452077
7/22/2018,93.44598903
7/23/2018,93.6116382
7/24/2018,93.87146826
7/25/2018,94.22547923
7/26/2018,94.6736711
7/27/2018,95.21604387
7/28/2018,95.66552137
7/29/2018,96.02210359
7/30/2018,96.28579054
7/31/2018,96.45658223
8/1/2018,96.53447863
8/2/2018,96.51947977
8/3/2018,96.41158564
8/4/2018,96.3677036
8/5/2018,96.38783365
8/6/2018,96.47197581
8/7/2018,96.62013006
8/8/2018,96.8322964
8/9/2018,97.10847484
8/10/2018,97.44866538
8/11/2018,97.74270129
8/12/2018,97.99058258
8/13/2018,98.19230925
8/14/2018,98.34788129
8/15/2018,98.4572987
8/16/2018,98.5205615
8/17/2018,98.53766967
8/18/2018,98.49365356
8/19/2018,98.38851319
8/20/2018,98.22224854
8/21/2018,97.99485963
8/22/2018,97.70634644
8/23/2018,97.35670898
8/24/2018,96.94594725
8/25/2018,96.60847776
8/26/2018,96.34430052
8/27/2018,96.15341552
8/28/2018,96.03582276
8/29/2018,95.99152224
8/30/2018,96.02051397
8/31/2018,96.12279793
9/1/2018,96.24637567
9/2/2018,96.39124718
9/3/2018,96.55741246
9/4/2018,96.74487151
9/5/2018,96.95362433
9/6/2018,97.18367092
9/7/2018,97.43501127
9/8/2018,97.61272259
9/9/2018,97.71680486
9/10/2018,97.74725809
9/11/2018,97.70408227
9/12/2018,97.58727741
9/13/2018,97.39684351
9/14/2018,97.13278056
9/15/2018,96.75114365
9/16/2018,96.25193277
9/17/2018,95.63514793
9/18/2018,94.90078912
9/19/2018,94.04885635
9/20/2018,93.07934961
9/21/2018,91.99226891
9/22/2018,91.11380985
9/23/2018,90.44397245
9/24/2018,89.9827567
9/25/2018,89.7301626
9/26/2018,89.68619015
9/27/2018,89.85083935
9/28/2018,90.2241102
9/29/2018,90.47939071
9/30/2018,90.61668087
10/1/2018,90.63598069
10/2/2018,90.53729016
10/3/2018,90.32060929
10/4/2018,89.98593807
10/5/2018,89.53327651
10/6/2018,89.15870347
10/7/2018,88.86221895
10/8/2018,88.64382295
10/9/2018,88.50351548
10/10/2018,88.44129653
10/11/2018,88.45716611
10/12/2018,88.55112421
10/13/2018,88.64095749
10/14/2018,88.72666597
10/15/2018,88.80824963
10/16/2018,88.88570847
10/17/2018,88.95904251
10/18/2018,89.02825172
10/19/2018,89.09333613
10/20/2018,89.14734687
10/21/2018,89.19028394
10/22/2018,89.22214734
10/23/2018,89.24293707
10/24/2018,89.25265313
10/25/2018,89.25129552
10/26/2018,89.23886425
10/27/2018,89.25123667
10/28/2018,89.28841279
10/29/2018,89.3503926
10/30/2018,89.43717612
10/31/2018,89.54876333
11/1/2018,89.68515424
11/2/2018,89.84634885
11/3/2018,89.96630188
11/4/2018,90.04501332
11/5/2018,90.08248317
11/6/2018,90.07871144
11/7/2018,90.03369812
11/8/2018,89.94744322
11/9/2018,89.81994673
11/10/2018,89.77526809
11/11/2018,89.81340728
11/12/2018,89.93436432
11/13/2018,90.1381392
11/14/2018,90.42473191
11/15/2018,90.79414247
11/16/2018,91.24637087
11/17/2018,91.71071727
11/18/2018,92.18718165
11/19/2018,92.67576402
11/20/2018,93.17646438
11/21/2018,93.68928273
11/22/2018,94.21421908
11/23/2018,94.75127341
11/24/2018,95.19302319
11/25/2018,95.53946842
11/26/2018,95.7906091
11/27/2018,95.94644523
11/28/2018,96.00697681
11/29/2018,95.97220383
11/30/2018,95.84212631
12/1/2018,95.71806206
12/2/2018,95.6000111
12/3/2018,95.48797343
12/4/2018,95.38194904
12/5/2018,95.28193794
12/6/2018,95.18794012
12/7/2018,95.09995558
12/8/2018,95.0449708
12/9/2018,95.02298577
12/10/2018,95.03400049
12/11/2018,95.07801497
12/12/2018,95.1550292
12/13/2018,95.26504318
12/14/2018,95.40805692
12/15/2018,95.49643339
12/16/2018,95.5301726
12/17/2018,95.50927453
12/18/2018,95.4337392
12/19/2018,95.30356661
12/20/2018,95.11875675
12/21/2018,94.87930962
12/22/2018,94.75724146
12/23/2018,94.75255227
12/24/2018,94.86524206
12/25/2018,95.09531081
12/26/2018,95.44275854
12/27/2018,95.90758523
12/28/2018,96.4897909
12/29/2018,96.94244558
12/30/2018,97.26554927
12/31/2018,97.45910198
1/1/2019,97.52310369
1/2/2019,97.45755442
1/3/2019,97.26245416
1/4/2019,96.93780291
1/5/2019,96.63017052
1/6/2019,96.33955698
1/7/2019,96.06596229
1/8/2019,95.80938646
1/9/2019,95.56982948
1/10/2019,95.34729135
1/11/2019,95.14177208
1/12/2019,94.94560102
1/13/2019,94.75877818
1/14/2019,94.58130356
1/15/2019,94.41317716
1/16/2019,94.25439898
1/17/2019,94.10496902
1/18/2019,93.96488727
1/19/2019,93.74422527
1/20/2019,93.44298302
1/21/2019,93.06116051
1/22/2019,92.59875775
1/23/2019,92.05577473
1/24/2019,91.43221145
1/25/2019,90.72806793
1/26/2019,90.20946973
1/27/2019,89.87641687
1/28/2019,89.72890934
1/29/2019,89.76694714
1/30/2019,89.99053027
1/31/2019,90.39965874
2/1/2019,90.99433254
2/2/2019,91.32921209
2/3/2019,91.40429741
2/4/2019,91.21958848
2/5/2019,90.77508532
2/6/2019,90.07078791
2/7/2019,89.10669625
2/8/2019,87.88281036
2/9/2019,86.87003038
2/10/2019,86.06835632
2/11/2019,85.47778817
2/12/2019,85.09832594
2/13/2019,84.92996962
2/14/2019,84.97271922
2/15/2019,85.22657473
2/16/2019,85.46941259
2/17/2019,85.70123278
2/18/2019,85.92203532
2/19/2019,86.1318202
2/20/2019,86.33058741
2/21/2019,86.51833697
2/22/2019,86.69506887
2/23/2019,86.8561427
2/24/2019,87.00155846
2/25/2019,87.13131614
2/26/2019,87.24541576
2/27/2019,87.3438573
2/28/2019,87.42664077
3/1/2019,87.49376617
3/2/2019,87.53649877
3/3/2019,87.55483858
3/4/2019,87.54878559
3/5/2019,87.51833981
3/6/2019,87.46350123
3/7/2019,87.38426986
3/8/2019,87.28064569
3/9/2019,87.25579988
3/10/2019,87.30973241
3/11/2019,87.4424433
3/12/2019,87.65393253
3/13/2019,87.94420012
3/14/2019,88.31324606
3/15/2019,88.76107035
3/16/2019,89.05832673
3/17/2019,89.20501522
3/18/2019,89.2011358
3/19/2019,89.04668849
3/20/2019,88.74167327
3/21/2019,88.28609015
3/22/2019,87.67993913
3/23/2019,87.16610235
3/24/2019,86.74457981
3/25/2019,86.41537152
3/26/2019,86.17847746
3/27/2019,86.03389765
3/28/2019,85.98163208
3/29/2019,86.02168075
3/30/2019,86.09400107
3/31/2019,86.19859305
4/1/2019,86.33545669
4/2/2019,86.50459198
4/3/2019,86.70599893
4/4/2019,86.93967753
4/5/2019,87.20562779
4/6/2019,87.40864323
4/7/2019,87.54872384
4/8/2019,87.62586964
4/9/2019,87.64008062
4/10/2019,87.59135677
4/11/2019,87.47969811
4/12/2019,87.30510462
4/13/2019,87.24534562
4/14/2019,87.30042109
4/15/2019,87.47033104
4/16/2019,87.75507547
4/17/2019,88.15465438
4/18/2019,88.66906777
4/19/2019,89.29831564
4/20/2019,89.7918061
4/21/2019,90.14953916
4/22/2019,90.37151481
4/23/2019,90.45773306
4/24/2019,90.4081939
4/25/2019,90.22289734
4/26/2019,89.90184337
4/27/2019,89.61345422
4/28/2019,89.35772989
4/29/2019,89.13467037
4/30/2019,88.94427567
5/1/2019,88.78654578
5/2/2019,88.66148071
5/3/2019,88.56908046
5/4/2019,88.55269524
5/5/2019,88.61232506
5/6/2019,88.74796992
5/7/2019,88.95962982
5/8/2019,89.24730476
5/9/2019,89.61099474
5/10/2019,90.05069975
5/11/2019,90.38167792
5/12/2019,90.60392923
5/13/2019,90.7174537
5/14/2019,90.72225132
5/15/2019,90.61832209
5/16/2019,90.40566601
5/17/2019,90.08428308
5/18/2019,89.86038336
5/19/2019,89.73396686
5/20/2019,89.70503357
5/21/2019,89.7735835
5/22/2019,89.93961664
5/23/2019,90.20313299
5/24/2019,90.56413256
5/25/2019,90.86924072
5/26/2019,91.11845747
5/27/2019,91.31178282
5/28/2019,91.44921675
5/29/2019,91.53075928
5/30/2019,91.5564104
5/31/2019,91.52617011
6/1/2019,91.54149867
6/2/2019,91.60239607
6/3/2019,91.70886231
6/4/2019,91.8608974
6/5/2019,92.05850133
6/6/2019,92.30167411
6/7/2019,92.59041573
6/8/2019,92.84707727
6/9/2019,93.07165875
6/10/2019,93.26416015
6/11/2019,93.42458147
6/12/2019,93.55292273
6/13/2019,93.64918391
6/14/2019,93.71336502
6/15/2019,93.77680758
6/16/2019,93.83951161
6/17/2019,93.90147709
6/18/2019,93.96270402
6/19/2019,94.02319242
6/20/2019,94.08294227
6/21/2019,94.14195358
6/22/2019,94.18609145
6/23/2019,94.21535588
6/24/2019,94.22974688
6/25/2019,94.22926443
6/26/2019,94.21390855
6/27/2019,94.18367923
6/28/2019,94.13857647
6/29/2019,94.11806519
6/30/2019,94.12214538
7/1/2019,94.15081705
7/2/2019,94.20408019
7/3/2019,94.28193481
7/4/2019,94.38438091
7/5/2019,94.51141848
7/6/2019,94.61438965
7/7/2019,94.69329442
7/8/2019,94.7481328
7/9/2019,94.77890477
7/10/2019,94.78561035
7/11/2019,94.76824953
7/12/2019,94.72682231
7/13/2019,94.66007751
7/14/2019,94.56801513
7/15/2019,94.45063516
7/16/2019,94.30793762
7/17/2019,94.13992249
7/18/2019,93.94658978
7/19/2019,93.72793949
7/20/2019,93.51279062
7/21/2019,93.30114317
7/22/2019,93.09299715
7/23/2019,92.88835256
7/24/2019,92.68720938
7/25/2019,92.48956763
7/26/2019,92.29542731
7/27/2019,92.26216119
7/28/2019,92.38976928
7/29/2019,92.67825158
7/30/2019,93.12760809
7/31/2019,93.73783881
8/1/2019,94.50894374
8/2/2019,95.44092288
8/3/2019,96.14329448
8/4/2019,96.61605855
8/5/2019,96.85921507
8/6/2019,96.87276406
8/7/2019,96.65670552
8/8/2019,96.21103944
8/9/2019,95.53576582
8/10/2019,95.02174908
8/11/2019,94.66898922
8/12/2019,94.47748624
8/13/2019,94.44724014
8/14/2019,94.57825092
8/15/2019,94.87051859
8/16/2019,95.32404313
8/17/2019,95.67949058
8/18/2019,95.93686093
8/19/2019,96.09615419
8/20/2019,96.15737035
8/21/2019,96.12050942
8/22/2019,95.9855714
8/23/2019,95.75255627
8/24/2019,95.53785229
8/25/2019,95.34145944
8/26/2019,95.16337773
8/27/2019,95.00360715
8/28/2019,94.86214771
8/29/2019,94.73899941
8/30/2019,94.63416224
8/31/2019,94.58936873
9/1/2019,94.60461888
9/2/2019,94.67991268
9/3/2019,94.81525015
9/4/2019,95.01063127
9/5/2019,95.26605605
9/6/2019,95.5815245
9/7/2019,95.71850171
9/8/2019,95.6769877
9/9/2019,95.45698245
9/10/2019,95.05848599
9/11/2019,94.48149829
9/12/2019,93.72601937
9/13/2019,92.79204922
9/14/2019,92.00931172
9/15/2019,91.37780688
9/16/2019,90.89753469
9/17/2019,90.56849516
9/18/2019,90.39068828
9/19/2019,90.36411405
9/20/2019,90.48877248
9/21/2019,90.48058743
9/22/2019,90.33955892
9/23/2019,90.06568694
9/24/2019,89.65897149
9/25/2019,89.11941257
9/26/2019,88.44701018
9/27/2019,87.64176432
9/28/2019,86.98326512
9/29/2019,86.47151257
9/30/2019,86.10650669
10/1/2019,85.88824746
10/2/2019,85.81673488
10/3/2019,85.89196897
10/4/2019,86.11394971
10/5/2019,86.20094396
10/6/2019,86.15295172
10/7/2019,85.96997298
10/8/2019,85.65200776
10/9/2019,85.19905604
10/10/2019,84.61111783
10/11/2019,83.88819313
10/12/2019,83.33784105
10/13/2019,82.96006159
10/14/2019,82.75485476
10/15/2019,82.72222054
10/16/2019,82.86215895
10/17/2019,83.17466998
10/18/2019,83.65975363
10/19/2019,84.15546171
10/20/2019,84.66179422
10/21/2019,85.17875115
10/22/2019,85.70633251
10/23/2019,86.24453829
10/24/2019,86.7933685
10/25/2019,87.35282314
10/26/2019,87.74587939
10/27/2019,87.97253727
10/28/2019,88.03279676
10/29/2019,87.92665787
10/30/2019,87.65412061
10/31/2019,87.21518496
11/1/2019,86.60985093
11/2/2019,86.1552858
11/3/2019,85.85148956
11/4/2019,85.69846221
11/5/2019,85.69620376
11/6/2019,85.8447142
11/7/2019,86.14399354
11/8/2019,86.59404178
11/9/2019,87.0260667
11/10/2019,87.44006831
11/11/2019,87.83604662
11/12/2019,88.21400161
11/13/2019,88.5739333
11/14/2019,88.91584168
11/15/2019,89.23972675
11/16/2019,89.47468907
11/17/2019,89.62072865
11/18/2019,89.67784549
11/19/2019,89.64603958
11/20/2019,89.52531093
11/21/2019,89.31565953
11/22/2019,89.01708539
11/23/2019,88.86584088
11/24/2019,88.86192599
11/25/2019,89.00534074
11/26/2019,89.29608512
11/27/2019,89.73415912
11/28/2019,90.31956276
11/29/2019,91.05229602
11/30/2019,91.61621731
12/1/2019,92.01132662
12/2/2019,92.23762395
12/3/2019,92.29510931
12/4/2019,92.18378269
12/5/2019,91.90364409
12/6/2019,91.45469352
12/7/2019,91.06726272
12/8/2019,90.74135169
12/9/2019,90.47696045
12/10/2019,90.27408898
12/11/2019,90.13273728
12/12/2019,90.05290536
12/13/2019,90.03459322
12/14/2019,90.09382398
12/15/2019,90.23059764
12/16/2019,90.4449142
12/17/2019,90.73677366
12/18/2019,91.10617602
12/19/2019,91.55312128
12/20/2019,92.07760945
12/21/2019,92.55821337
12/22/2019,92.99493305
12/23/2019,93.38776849
12/24/2019,93.73671968
12/25/2019,94.04178663
12/26/2019,94.30296934
12/27/2019,94.5202678
12/28/2019,94.65354587
12/29/2019,94.70280353
12/30/2019,94.6680408
12/31/2019,94.54925767
1/1/2020,94.34645413
1/2/2020,94.0596302
1/3/2020,93.68878587
1/4/2020,93.37090993
1/5/2020,93.10600238
1/6/2020,92.89406322
1/7/2020,92.73509245
1/8/2020,92.62909007
1/9/2020,92.57605609
